2025-06-26 14:24:12,632 INFO  Logger.cs: 70 - 
--------------------------------------------------------------------------------
2025-06-26 14:24:12,673 INFO  Logger.cs: 71 - Logging commencing for SW2URDF exporter
2025-06-26 14:24:12,674 INFO  Logger.cs: 73 - Commit version 1.6.0-4-g7f85cfe
2025-06-26 14:24:12,675 INFO  Logger.cs: 74 - Build version 1.6.7995.38578
2025-06-26 14:24:12,676 INFO  SwAddin.cs: 192 - Attempting to connect to SW
2025-06-26 14:24:12,677 INFO  SwAddin.cs: 197 - Setting up callbacks
2025-06-26 14:24:12,678 INFO  SwAddin.cs: 201 - Setting up command manager
2025-06-26 14:24:12,679 INFO  SwAddin.cs: 204 - Adding command manager
2025-06-26 14:24:12,683 INFO  SwAddin.cs: 263 - Adding Assembly export to file menu
2025-06-26 14:24:12,684 INFO  SwAddin.cs: 272 - Adding Part export to file menu
2025-06-26 14:24:12,684 INFO  SwAddin.cs: 210 - Adding event handlers
2025-06-26 14:24:12,687 INFO  SwAddin.cs: 217 - Connecting plugin to SolidWorks
2025-06-26 14:53:22,207 INFO  SwAddin.cs: 294 - Assembly export called for file roboV3(urdf_changed).SLDASM
2025-06-26 14:53:22,212 INFO  SwAddin.cs: 299 - Save is required
2025-06-26 14:53:22,212 INFO  SwAddin.cs: 313 - Saving assembly
2025-06-26 14:53:23,995 INFO  SwAddin.cs: 316 - Opening property manager
2025-06-26 14:53:24,018 INFO  ExportHelperExtension.cs: 1125 - Retrieving features of type [CoordSys] from roboV3(urdf_changed).SLDASM
2025-06-26 14:53:24,030 INFO  ExportHelperExtension.cs: 1136 - Found 311 in roboV3(urdf_changed).SLDASM
2025-06-26 14:53:24,033 INFO  ExportHelperExtension.cs: 1145 - Found 18 features of type [CoordSys] in roboV3(urdf_changed).SLDASM
2025-06-26 14:53:24,034 INFO  ExportHelperExtension.cs: 1148 - Proceeding through assembly components
2025-06-26 14:53:24,035 INFO  ExportHelperExtension.cs: 1160 - 60 components to check
2025-06-26 14:53:24,037 INFO  ExportHelperExtension.cs: 1125 - Retrieving features of type [CoordSys] from alibaba-1
2025-06-26 14:53:24,038 INFO  ExportHelperExtension.cs: 1136 - Found 35 in alibaba-1
2025-06-26 14:53:24,039 INFO  ExportHelperExtension.cs: 1145 - Found 0 features of type [CoordSys] in alibaba-1
2025-06-26 14:53:24,040 INFO  ExportHelperExtension.cs: 1125 - Retrieving features of type [CoordSys] from Stop Switch Push Button LAY37 (PBC)-3
2025-06-26 14:53:24,040 INFO  ExportHelperExtension.cs: 1136 - Found 63 in Stop Switch Push Button LAY37 (PBC)-3
2025-06-26 14:53:24,041 INFO  ExportHelperExtension.cs: 1145 - Found 0 features of type [CoordSys] in Stop Switch Push Button LAY37 (PBC)-3
2025-06-26 14:53:24,042 INFO  ExportHelperExtension.cs: 1125 - Retrieving features of type [CoordSys] from che-2
2025-06-26 14:53:24,042 INFO  ExportHelperExtension.cs: 1136 - Found 25 in che-2
2025-06-26 14:53:24,043 INFO  ExportHelperExtension.cs: 1145 - Found 0 features of type [CoordSys] in che-2
2025-06-26 14:53:24,043 INFO  ExportHelperExtension.cs: 1125 - Retrieving features of type [CoordSys] from che-3
2025-06-26 14:53:24,044 INFO  ExportHelperExtension.cs: 1136 - Found 25 in che-3
2025-06-26 14:53:24,044 INFO  ExportHelperExtension.cs: 1145 - Found 0 features of type [CoordSys] in che-3
2025-06-26 14:53:24,045 INFO  ExportHelperExtension.cs: 1125 - Retrieving features of type [CoordSys] from ga_minipc_v2-2
2025-06-26 14:53:24,046 INFO  ExportHelperExtension.cs: 1136 - Found 31 in ga_minipc_v2-2
2025-06-26 14:53:24,047 INFO  ExportHelperExtension.cs: 1145 - Found 0 features of type [CoordSys] in ga_minipc_v2-2
2025-06-26 14:53:24,047 INFO  ExportHelperExtension.cs: 1125 - Retrieving features of type [CoordSys] from hop_pin-1
2025-06-26 14:53:24,048 INFO  ExportHelperExtension.cs: 1136 - Found 27 in hop_pin-1
2025-06-26 14:53:24,049 INFO  ExportHelperExtension.cs: 1145 - Found 0 features of type [CoordSys] in hop_pin-1
2025-06-26 14:53:24,049 INFO  ExportHelperExtension.cs: 1125 - Retrieving features of type [CoordSys] from che-4
2025-06-26 14:53:24,049 INFO  ExportHelperExtension.cs: 1136 - Found 25 in che-4
2025-06-26 14:53:24,050 INFO  ExportHelperExtension.cs: 1145 - Found 0 features of type [CoordSys] in che-4
2025-06-26 14:53:24,050 INFO  ExportHelperExtension.cs: 1125 - Retrieving features of type [CoordSys] from che-1
2025-06-26 14:53:24,051 INFO  ExportHelperExtension.cs: 1136 - Found 25 in che-1
2025-06-26 14:53:24,052 INFO  ExportHelperExtension.cs: 1145 - Found 0 features of type [CoordSys] in che-1
2025-06-26 14:53:24,053 INFO  ExportHelperExtension.cs: 1125 - Retrieving features of type [CoordSys] from nang_cam-1
2025-06-26 14:53:24,054 INFO  ExportHelperExtension.cs: 1136 - Found 25 in nang_cam-1
2025-06-26 14:53:24,055 INFO  ExportHelperExtension.cs: 1145 - Found 0 features of type [CoordSys] in nang_cam-1
2025-06-26 14:53:24,055 INFO  ExportHelperExtension.cs: 1125 - Retrieving features of type [CoordSys] from hop_nano-1
2025-06-26 14:53:24,056 INFO  ExportHelperExtension.cs: 1136 - Found 35 in hop_nano-1
2025-06-26 14:53:24,057 INFO  ExportHelperExtension.cs: 1145 - Found 0 features of type [CoordSys] in hop_nano-1
2025-06-26 14:53:24,057 INFO  ExportHelperExtension.cs: 1125 - Retrieving features of type [CoordSys] from op_tablet-1
2025-06-26 14:53:24,058 INFO  ExportHelperExtension.cs: 1136 - Found 37 in op_tablet-1
2025-06-26 14:53:24,059 INFO  ExportHelperExtension.cs: 1145 - Found 0 features of type [CoordSys] in op_tablet-1
2025-06-26 14:53:24,059 INFO  ExportHelperExtension.cs: 1125 - Retrieving features of type [CoordSys] from ga_minipc_v2-1
2025-06-26 14:53:24,060 INFO  ExportHelperExtension.cs: 1136 - Found 31 in ga_minipc_v2-1
2025-06-26 14:53:24,064 INFO  ExportHelperExtension.cs: 1145 - Found 0 features of type [CoordSys] in ga_minipc_v2-1
2025-06-26 14:53:24,065 INFO  ExportHelperExtension.cs: 1125 - Retrieving features of type [CoordSys] from cover_up_v2_linh_mica-1
2025-06-26 14:53:24,068 INFO  ExportHelperExtension.cs: 1136 - Found 28 in cover_up_v2_linh_mica-1
2025-06-26 14:53:24,088 INFO  ExportHelperExtension.cs: 1145 - Found 0 features of type [CoordSys] in cover_up_v2_linh_mica-1
2025-06-26 14:53:24,089 INFO  ExportHelperExtension.cs: 1125 - Retrieving features of type [CoordSys] from ga_minipc_comp-1
2025-06-26 14:53:24,333 INFO  ExportHelperExtension.cs: 1136 - Found 40 in ga_minipc_comp-1
2025-06-26 14:53:24,335 INFO  ExportHelperExtension.cs: 1145 - Found 0 features of type [CoordSys] in ga_minipc_comp-1
2025-06-26 14:53:24,336 INFO  ExportHelperExtension.cs: 1125 - Retrieving features of type [CoordSys] from ga_com-1
2025-06-26 14:53:24,336 INFO  ExportHelperExtension.cs: 1136 - Found 33 in ga_com-1
2025-06-26 14:53:24,337 INFO  ExportHelperExtension.cs: 1145 - Found 0 features of type [CoordSys] in ga_com-1
2025-06-26 14:53:24,337 INFO  ExportHelperExtension.cs: 1125 - Retrieving features of type [CoordSys] from kegoc_tab1-1
2025-06-26 14:53:24,337 INFO  ExportHelperExtension.cs: 1136 - Found 25 in kegoc_tab1-1
2025-06-26 14:53:24,337 INFO  ExportHelperExtension.cs: 1145 - Found 0 features of type [CoordSys] in kegoc_tab1-1
2025-06-26 14:53:24,338 INFO  ExportHelperExtension.cs: 1125 - Retrieving features of type [CoordSys] from che-6
2025-06-26 14:53:24,338 INFO  ExportHelperExtension.cs: 1136 - Found 25 in che-6
2025-06-26 14:53:24,339 INFO  ExportHelperExtension.cs: 1145 - Found 0 features of type [CoordSys] in che-6
2025-06-26 14:53:24,339 INFO  ExportHelperExtension.cs: 1125 - Retrieving features of type [CoordSys] from kegoc_tab2-1
2025-06-26 14:53:24,339 INFO  ExportHelperExtension.cs: 1136 - Found 25 in kegoc_tab2-1
2025-06-26 14:53:24,339 INFO  ExportHelperExtension.cs: 1145 - Found 0 features of type [CoordSys] in kegoc_tab2-1
2025-06-26 14:53:24,340 INFO  ExportHelperExtension.cs: 1125 - Retrieving features of type [CoordSys] from che-5
2025-06-26 14:53:24,341 INFO  ExportHelperExtension.cs: 1136 - Found 25 in che-5
2025-06-26 14:53:24,342 INFO  ExportHelperExtension.cs: 1145 - Found 0 features of type [CoordSys] in che-5
2025-06-26 14:53:24,342 INFO  ExportHelperExtension.cs: 1125 - Retrieving features of type [CoordSys] from final kinect-1
2025-06-26 14:53:24,343 INFO  ExportHelperExtension.cs: 1136 - Found 27 in final kinect-1
2025-06-26 14:53:24,343 INFO  ExportHelperExtension.cs: 1145 - Found 0 features of type [CoordSys] in final kinect-1
2025-06-26 14:53:24,343 INFO  ExportHelperExtension.cs: 1125 - Retrieving features of type [CoordSys] from cover_up_v2_linh-1
2025-06-26 14:53:24,344 INFO  ExportHelperExtension.cs: 1136 - Found 26 in cover_up_v2_linh-1
2025-06-26 14:53:24,344 INFO  ExportHelperExtension.cs: 1145 - Found 0 features of type [CoordSys] in cover_up_v2_linh-1
2025-06-26 14:53:24,344 INFO  ExportHelperExtension.cs: 1125 - Retrieving features of type [CoordSys] from battery-1
2025-06-26 14:53:24,345 INFO  ExportHelperExtension.cs: 1136 - Found 28 in battery-1
2025-06-26 14:53:24,345 INFO  ExportHelperExtension.cs: 1145 - Found 0 features of type [CoordSys] in battery-1
2025-06-26 14:53:24,346 INFO  ExportHelperExtension.cs: 1125 - Retrieving features of type [CoordSys] from standoff_M2_20mm-3
2025-06-26 14:53:24,346 INFO  ExportHelperExtension.cs: 1136 - Found 31 in standoff_M2_20mm-3
2025-06-26 14:53:24,347 INFO  ExportHelperExtension.cs: 1145 - Found 0 features of type [CoordSys] in standoff_M2_20mm-3
2025-06-26 14:53:24,347 INFO  ExportHelperExtension.cs: 1125 - Retrieving features of type [CoordSys] from cum_banh_xe_lon-3
2025-06-26 14:53:24,347 INFO  ExportHelperExtension.cs: 1136 - Found 27 in cum_banh_xe_lon-3
2025-06-26 14:53:24,348 INFO  ExportHelperExtension.cs: 1145 - Found 0 features of type [CoordSys] in cum_banh_xe_lon-3
2025-06-26 14:53:24,348 INFO  ExportHelperExtension.cs: 1125 - Retrieving features of type [CoordSys] from motorAxis-1
2025-06-26 14:53:24,348 INFO  ExportHelperExtension.cs: 1136 - Found 30 in motorAxis-1
2025-06-26 14:53:24,349 INFO  ExportHelperExtension.cs: 1145 - Found 0 features of type [CoordSys] in motorAxis-1
2025-06-26 14:53:24,349 INFO  ExportHelperExtension.cs: 1125 - Retrieving features of type [CoordSys] from standoff_M2_20mm-4
2025-06-26 14:53:24,349 INFO  ExportHelperExtension.cs: 1136 - Found 31 in standoff_M2_20mm-4
2025-06-26 14:53:24,349 INFO  ExportHelperExtension.cs: 1145 - Found 0 features of type [CoordSys] in standoff_M2_20mm-4
2025-06-26 14:53:24,350 INFO  ExportHelperExtension.cs: 1125 - Retrieving features of type [CoordSys] from X3_Lidar-1
2025-06-26 14:53:24,350 INFO  ExportHelperExtension.cs: 1136 - Found 90 in X3_Lidar-1
2025-06-26 14:53:24,351 INFO  ExportHelperExtension.cs: 1145 - Found 0 features of type [CoordSys] in X3_Lidar-1
2025-06-26 14:53:24,351 INFO  ExportHelperExtension.cs: 1125 - Retrieving features of type [CoordSys] from 20x20_aluminum_extrusion_profile 26cm-1
2025-06-26 14:53:24,352 INFO  ExportHelperExtension.cs: 1136 - Found 25 in 20x20_aluminum_extrusion_profile 26cm-1
2025-06-26 14:53:24,352 INFO  ExportHelperExtension.cs: 1145 - Found 0 features of type [CoordSys] in 20x20_aluminum_extrusion_profile 26cm-1
2025-06-26 14:53:24,353 INFO  ExportHelperExtension.cs: 1125 - Retrieving features of type [CoordSys] from 20mm-8
2025-06-26 14:53:24,354 INFO  ExportHelperExtension.cs: 1136 - Found 40 in 20mm-8
2025-06-26 14:53:24,354 INFO  ExportHelperExtension.cs: 1145 - Found 0 features of type [CoordSys] in 20mm-8
2025-06-26 14:53:24,354 INFO  ExportHelperExtension.cs: 1125 - Retrieving features of type [CoordSys] from 20mm-2
2025-06-26 14:53:24,355 INFO  ExportHelperExtension.cs: 1136 - Found 40 in 20mm-2
2025-06-26 14:53:24,355 INFO  ExportHelperExtension.cs: 1145 - Found 0 features of type [CoordSys] in 20mm-2
2025-06-26 14:53:24,356 INFO  ExportHelperExtension.cs: 1125 - Retrieving features of type [CoordSys] from ??????? V-slot 20x40-1
2025-06-26 14:53:24,357 INFO  ExportHelperExtension.cs: 1136 - Found 30 in ??????? V-slot 20x40-1
2025-06-26 14:53:24,357 INFO  ExportHelperExtension.cs: 1145 - Found 0 features of type [CoordSys] in ??????? V-slot 20x40-1
2025-06-26 14:53:24,358 INFO  ExportHelperExtension.cs: 1125 - Retrieving features of type [CoordSys] from standoff_M2_20mm-5
2025-06-26 14:53:24,358 INFO  ExportHelperExtension.cs: 1136 - Found 31 in standoff_M2_20mm-5
2025-06-26 14:53:24,358 INFO  ExportHelperExtension.cs: 1145 - Found 0 features of type [CoordSys] in standoff_M2_20mm-5
2025-06-26 14:53:24,358 INFO  ExportHelperExtension.cs: 1125 - Retrieving features of type [CoordSys] from motoredit-3
2025-06-26 14:53:24,359 INFO  ExportHelperExtension.cs: 1136 - Found 40 in motoredit-3
2025-06-26 14:53:24,360 INFO  ExportHelperExtension.cs: 1145 - Found 0 features of type [CoordSys] in motoredit-3
2025-06-26 14:53:24,360 INFO  ExportHelperExtension.cs: 1125 - Retrieving features of type [CoordSys] from lidar_pushup-1
2025-06-26 14:53:24,361 INFO  ExportHelperExtension.cs: 1136 - Found 34 in lidar_pushup-1
2025-06-26 14:53:24,361 INFO  ExportHelperExtension.cs: 1145 - Found 0 features of type [CoordSys] in lidar_pushup-1
2025-06-26 14:53:24,362 INFO  ExportHelperExtension.cs: 1125 - Retrieving features of type [CoordSys] from standoff_M2_20mm-1
2025-06-26 14:53:24,362 INFO  ExportHelperExtension.cs: 1136 - Found 31 in standoff_M2_20mm-1
2025-06-26 14:53:24,363 INFO  ExportHelperExtension.cs: 1145 - Found 0 features of type [CoordSys] in standoff_M2_20mm-1
2025-06-26 14:53:24,363 INFO  ExportHelperExtension.cs: 1125 - Retrieving features of type [CoordSys] from hoverboard_driver-1
2025-06-26 14:53:24,364 INFO  ExportHelperExtension.cs: 1136 - Found 25 in hoverboard_driver-1
2025-06-26 14:53:24,364 INFO  ExportHelperExtension.cs: 1145 - Found 0 features of type [CoordSys] in hoverboard_driver-1
2025-06-26 14:53:24,364 INFO  ExportHelperExtension.cs: 1125 - Retrieving features of type [CoordSys] from cum_relay_my4n_4p-1
2025-06-26 14:53:24,365 INFO  ExportHelperExtension.cs: 1136 - Found 27 in cum_relay_my4n_4p-1
2025-06-26 14:53:24,365 INFO  ExportHelperExtension.cs: 1145 - Found 0 features of type [CoordSys] in cum_relay_my4n_4p-1
2025-06-26 14:53:24,365 INFO  ExportHelperExtension.cs: 1125 - Retrieving features of type [CoordSys] from lidar_pushup-3
2025-06-26 14:53:24,366 INFO  ExportHelperExtension.cs: 1136 - Found 34 in lidar_pushup-3
2025-06-26 14:53:24,366 INFO  ExportHelperExtension.cs: 1145 - Found 0 features of type [CoordSys] in lidar_pushup-3
2025-06-26 14:53:24,366 INFO  ExportHelperExtension.cs: 1125 - Retrieving features of type [CoordSys] from 36v_12v_converter-1
2025-06-26 14:53:24,367 INFO  ExportHelperExtension.cs: 1136 - Found 29 in 36v_12v_converter-1
2025-06-26 14:53:24,367 INFO  ExportHelperExtension.cs: 1145 - Found 0 features of type [CoordSys] in 36v_12v_converter-1
2025-06-26 14:53:24,367 INFO  ExportHelperExtension.cs: 1125 - Retrieving features of type [CoordSys] from remote_relay-1
2025-06-26 14:53:24,368 INFO  ExportHelperExtension.cs: 1136 - Found 28 in remote_relay-1
2025-06-26 14:53:24,368 INFO  ExportHelperExtension.cs: 1145 - Found 0 features of type [CoordSys] in remote_relay-1
2025-06-26 14:53:24,368 INFO  ExportHelperExtension.cs: 1125 - Retrieving features of type [CoordSys] from pi_hang_imu-1
2025-06-26 14:53:24,369 INFO  ExportHelperExtension.cs: 1136 - Found 33 in pi_hang_imu-1
2025-06-26 14:53:24,369 INFO  ExportHelperExtension.cs: 1145 - Found 0 features of type [CoordSys] in pi_hang_imu-1
2025-06-26 14:53:24,369 INFO  ExportHelperExtension.cs: 1125 - Retrieving features of type [CoordSys] from ??????? V-slot 20x40-3
2025-06-26 14:53:24,370 INFO  ExportHelperExtension.cs: 1136 - Found 30 in ??????? V-slot 20x40-3
2025-06-26 14:53:24,370 INFO  ExportHelperExtension.cs: 1145 - Found 0 features of type [CoordSys] in ??????? V-slot 20x40-3
2025-06-26 14:53:24,371 INFO  ExportHelperExtension.cs: 1125 - Retrieving features of type [CoordSys] from aluminium_base-1
2025-06-26 14:53:24,371 INFO  ExportHelperExtension.cs: 1136 - Found 35 in aluminium_base-1
2025-06-26 14:53:24,371 INFO  ExportHelperExtension.cs: 1145 - Found 0 features of type [CoordSys] in aluminium_base-1
2025-06-26 14:53:24,371 INFO  ExportHelperExtension.cs: 1125 - Retrieving features of type [CoordSys] from WEIDU TB25XX-1
2025-06-26 14:53:24,372 INFO  ExportHelperExtension.cs: 1136 - Found 101 in WEIDU TB25XX-1
2025-06-26 14:53:24,373 INFO  ExportHelperExtension.cs: 1145 - Found 0 features of type [CoordSys] in WEIDU TB25XX-1
2025-06-26 14:53:24,373 INFO  ExportHelperExtension.cs: 1125 - Retrieving features of type [CoordSys] from cum_banh_xe_lon-5
2025-06-26 14:53:24,374 INFO  ExportHelperExtension.cs: 1136 - Found 27 in cum_banh_xe_lon-5
2025-06-26 14:53:24,374 INFO  ExportHelperExtension.cs: 1145 - Found 0 features of type [CoordSys] in cum_banh_xe_lon-5
2025-06-26 14:53:24,374 INFO  ExportHelperExtension.cs: 1125 - Retrieving features of type [CoordSys] from motorAxis-4
2025-06-26 14:53:24,375 INFO  ExportHelperExtension.cs: 1136 - Found 30 in motorAxis-4
2025-06-26 14:53:24,375 INFO  ExportHelperExtension.cs: 1145 - Found 0 features of type [CoordSys] in motorAxis-4
2025-06-26 14:53:24,375 INFO  ExportHelperExtension.cs: 1125 - Retrieving features of type [CoordSys] from 20mm-11
2025-06-26 14:53:24,376 INFO  ExportHelperExtension.cs: 1136 - Found 40 in 20mm-11
2025-06-26 14:53:24,376 INFO  ExportHelperExtension.cs: 1145 - Found 0 features of type [CoordSys] in 20mm-11
2025-06-26 14:53:24,377 INFO  ExportHelperExtension.cs: 1125 - Retrieving features of type [CoordSys] from cum_dahuong_truoc_sau-5
2025-06-26 14:53:24,377 INFO  ExportHelperExtension.cs: 1136 - Found 53 in cum_dahuong_truoc_sau-5
2025-06-26 14:53:24,378 INFO  ExportHelperExtension.cs: 1145 - Found 0 features of type [CoordSys] in cum_dahuong_truoc_sau-5
2025-06-26 14:53:24,378 INFO  ExportHelperExtension.cs: 1125 - Retrieving features of type [CoordSys] from cum_dahuong_truoc_sau-6
2025-06-26 14:53:24,378 INFO  ExportHelperExtension.cs: 1136 - Found 53 in cum_dahuong_truoc_sau-6
2025-06-26 14:53:24,379 INFO  ExportHelperExtension.cs: 1145 - Found 0 features of type [CoordSys] in cum_dahuong_truoc_sau-6
2025-06-26 14:53:24,379 INFO  ExportHelperExtension.cs: 1125 - Retrieving features of type [CoordSys] from full_cover_v2-1
2025-06-26 14:53:24,379 INFO  ExportHelperExtension.cs: 1136 - Found 29 in full_cover_v2-1
2025-06-26 14:53:24,380 INFO  ExportHelperExtension.cs: 1145 - Found 0 features of type [CoordSys] in full_cover_v2-1
2025-06-26 14:53:24,380 INFO  ExportHelperExtension.cs: 1125 - Retrieving features of type [CoordSys] from cover_up_v2-1
2025-06-26 14:53:24,381 INFO  ExportHelperExtension.cs: 1136 - Found 26 in cover_up_v2-1
2025-06-26 14:53:24,381 INFO  ExportHelperExtension.cs: 1145 - Found 0 features of type [CoordSys] in cover_up_v2-1
2025-06-26 14:53:24,381 INFO  ExportHelperExtension.cs: 1125 - Retrieving features of type [CoordSys] from j1-1
2025-06-26 14:53:24,382 INFO  ExportHelperExtension.cs: 1136 - Found 32 in j1-1
2025-06-26 14:53:24,382 INFO  ExportHelperExtension.cs: 1145 - Found 0 features of type [CoordSys] in j1-1
2025-06-26 14:53:24,383 INFO  ExportHelperExtension.cs: 1125 - Retrieving features of type [CoordSys] from j1-2
2025-06-26 14:53:24,383 INFO  ExportHelperExtension.cs: 1136 - Found 32 in j1-2
2025-06-26 14:53:24,384 INFO  ExportHelperExtension.cs: 1145 - Found 0 features of type [CoordSys] in j1-2
2025-06-26 14:53:24,384 INFO  ExportHelperExtension.cs: 1125 - Retrieving features of type [CoordSys] from 20mm-10
2025-06-26 14:53:24,384 INFO  ExportHelperExtension.cs: 1136 - Found 40 in 20mm-10
2025-06-26 14:53:24,385 INFO  ExportHelperExtension.cs: 1145 - Found 0 features of type [CoordSys] in 20mm-10
2025-06-26 14:53:24,385 INFO  ExportHelperExtension.cs: 1125 - Retrieving features of type [CoordSys] from cover_joint_v3.1.2-1
2025-06-26 14:53:24,385 INFO  ExportHelperExtension.cs: 1136 - Found 35 in cover_joint_v3.1.2-1
2025-06-26 14:53:24,386 INFO  ExportHelperExtension.cs: 1145 - Found 0 features of type [CoordSys] in cover_joint_v3.1.2-1
2025-06-26 14:53:24,386 INFO  ExportHelperExtension.cs: 1125 - Retrieving features of type [CoordSys] from motoredit-4
2025-06-26 14:53:24,386 INFO  ExportHelperExtension.cs: 1136 - Found 40 in motoredit-4
2025-06-26 14:53:24,388 INFO  ExportHelperExtension.cs: 1145 - Found 0 features of type [CoordSys] in motoredit-4
2025-06-26 14:53:24,388 INFO  ExportHelperExtension.cs: 1125 - Retrieving features of type [CoordSys] from matxeo1-1
2025-06-26 14:53:24,388 INFO  ExportHelperExtension.cs: 1136 - Found 27 in matxeo1-1
2025-06-26 14:53:24,388 INFO  ExportHelperExtension.cs: 1145 - Found 0 features of type [CoordSys] in matxeo1-1
2025-06-26 14:53:24,389 INFO  ExportHelperExtension.cs: 1125 - Retrieving features of type [CoordSys] from Arcade Push button asm-2
2025-06-26 14:53:24,389 INFO  ExportHelperExtension.cs: 1136 - Found 56 in Arcade Push button asm-2
2025-06-26 14:53:24,389 INFO  ExportHelperExtension.cs: 1145 - Found 0 features of type [CoordSys] in Arcade Push button asm-2
2025-06-26 14:53:24,390 INFO  ExportHelperExtension.cs: 1125 - Retrieving features of type [CoordSys] from imu_40do-1
2025-06-26 14:53:24,391 INFO  ExportHelperExtension.cs: 1136 - Found 25 in imu_40do-1
2025-06-26 14:53:24,392 INFO  ExportHelperExtension.cs: 1145 - Found 0 features of type [CoordSys] in imu_40do-1
2025-06-26 14:53:24,393 INFO  ExportHelperExtension.cs: 1125 - Retrieving features of type [CoordSys] from trodong-1
2025-06-26 14:53:24,394 INFO  ExportHelperExtension.cs: 1136 - Found 25 in trodong-1
2025-06-26 14:53:24,394 INFO  ExportHelperExtension.cs: 1145 - Found 0 features of type [CoordSys] in trodong-1
2025-06-26 14:53:24,395 INFO  ExportHelperExtension.cs: 1125 - Retrieving features of type [RefAxis] from roboV3(urdf_changed).SLDASM
2025-06-26 14:53:24,396 INFO  ExportHelperExtension.cs: 1136 - Found 311 in roboV3(urdf_changed).SLDASM
2025-06-26 14:53:24,397 INFO  ExportHelperExtension.cs: 1145 - Found 11 features of type [RefAxis] in roboV3(urdf_changed).SLDASM
2025-06-26 14:53:24,397 INFO  ExportHelperExtension.cs: 1148 - Proceeding through assembly components
2025-06-26 14:53:24,398 INFO  ExportHelperExtension.cs: 1160 - 60 components to check
2025-06-26 14:53:24,398 INFO  ExportHelperExtension.cs: 1125 - Retrieving features of type [RefAxis] from alibaba-1
2025-06-26 14:53:24,399 INFO  ExportHelperExtension.cs: 1136 - Found 35 in alibaba-1
2025-06-26 14:53:24,399 INFO  ExportHelperExtension.cs: 1145 - Found 0 features of type [RefAxis] in alibaba-1
2025-06-26 14:53:24,399 INFO  ExportHelperExtension.cs: 1125 - Retrieving features of type [RefAxis] from Stop Switch Push Button LAY37 (PBC)-3
2025-06-26 14:53:24,400 INFO  ExportHelperExtension.cs: 1136 - Found 63 in Stop Switch Push Button LAY37 (PBC)-3
2025-06-26 14:53:24,400 INFO  ExportHelperExtension.cs: 1145 - Found 0 features of type [RefAxis] in Stop Switch Push Button LAY37 (PBC)-3
2025-06-26 14:53:24,401 INFO  ExportHelperExtension.cs: 1125 - Retrieving features of type [RefAxis] from che-2
2025-06-26 14:53:24,417 INFO  ExportHelperExtension.cs: 1136 - Found 25 in che-2
2025-06-26 14:53:24,418 INFO  ExportHelperExtension.cs: 1145 - Found 0 features of type [RefAxis] in che-2
2025-06-26 14:53:24,419 INFO  ExportHelperExtension.cs: 1125 - Retrieving features of type [RefAxis] from che-3
2025-06-26 14:53:24,419 INFO  ExportHelperExtension.cs: 1136 - Found 25 in che-3
2025-06-26 14:53:24,420 INFO  ExportHelperExtension.cs: 1145 - Found 0 features of type [RefAxis] in che-3
2025-06-26 14:53:24,420 INFO  ExportHelperExtension.cs: 1125 - Retrieving features of type [RefAxis] from ga_minipc_v2-2
2025-06-26 14:53:24,420 INFO  ExportHelperExtension.cs: 1136 - Found 31 in ga_minipc_v2-2
2025-06-26 14:53:24,420 INFO  ExportHelperExtension.cs: 1145 - Found 0 features of type [RefAxis] in ga_minipc_v2-2
2025-06-26 14:53:24,421 INFO  ExportHelperExtension.cs: 1125 - Retrieving features of type [RefAxis] from hop_pin-1
2025-06-26 14:53:24,421 INFO  ExportHelperExtension.cs: 1136 - Found 27 in hop_pin-1
2025-06-26 14:53:24,422 INFO  ExportHelperExtension.cs: 1145 - Found 0 features of type [RefAxis] in hop_pin-1
2025-06-26 14:53:24,422 INFO  ExportHelperExtension.cs: 1125 - Retrieving features of type [RefAxis] from che-4
2025-06-26 14:53:24,423 INFO  ExportHelperExtension.cs: 1136 - Found 25 in che-4
2025-06-26 14:53:24,423 INFO  ExportHelperExtension.cs: 1145 - Found 0 features of type [RefAxis] in che-4
2025-06-26 14:53:24,424 INFO  ExportHelperExtension.cs: 1125 - Retrieving features of type [RefAxis] from che-1
2025-06-26 14:53:24,424 INFO  ExportHelperExtension.cs: 1136 - Found 25 in che-1
2025-06-26 14:53:24,425 INFO  ExportHelperExtension.cs: 1145 - Found 0 features of type [RefAxis] in che-1
2025-06-26 14:53:24,425 INFO  ExportHelperExtension.cs: 1125 - Retrieving features of type [RefAxis] from nang_cam-1
2025-06-26 14:53:24,425 INFO  ExportHelperExtension.cs: 1136 - Found 25 in nang_cam-1
2025-06-26 14:53:24,426 INFO  ExportHelperExtension.cs: 1145 - Found 0 features of type [RefAxis] in nang_cam-1
2025-06-26 14:53:24,426 INFO  ExportHelperExtension.cs: 1125 - Retrieving features of type [RefAxis] from hop_nano-1
2025-06-26 14:53:24,427 INFO  ExportHelperExtension.cs: 1136 - Found 35 in hop_nano-1
2025-06-26 14:53:24,427 INFO  ExportHelperExtension.cs: 1145 - Found 0 features of type [RefAxis] in hop_nano-1
2025-06-26 14:53:24,427 INFO  ExportHelperExtension.cs: 1125 - Retrieving features of type [RefAxis] from op_tablet-1
2025-06-26 14:53:24,428 INFO  ExportHelperExtension.cs: 1136 - Found 37 in op_tablet-1
2025-06-26 14:53:24,428 INFO  ExportHelperExtension.cs: 1145 - Found 0 features of type [RefAxis] in op_tablet-1
2025-06-26 14:53:24,429 INFO  ExportHelperExtension.cs: 1125 - Retrieving features of type [RefAxis] from ga_minipc_v2-1
2025-06-26 14:53:24,429 INFO  ExportHelperExtension.cs: 1136 - Found 31 in ga_minipc_v2-1
2025-06-26 14:53:24,429 INFO  ExportHelperExtension.cs: 1145 - Found 0 features of type [RefAxis] in ga_minipc_v2-1
2025-06-26 14:53:24,429 INFO  ExportHelperExtension.cs: 1125 - Retrieving features of type [RefAxis] from cover_up_v2_linh_mica-1
2025-06-26 14:53:24,430 INFO  ExportHelperExtension.cs: 1136 - Found 28 in cover_up_v2_linh_mica-1
2025-06-26 14:53:24,430 INFO  ExportHelperExtension.cs: 1145 - Found 0 features of type [RefAxis] in cover_up_v2_linh_mica-1
2025-06-26 14:53:24,430 INFO  ExportHelperExtension.cs: 1125 - Retrieving features of type [RefAxis] from ga_minipc_comp-1
2025-06-26 14:53:24,431 INFO  ExportHelperExtension.cs: 1136 - Found 40 in ga_minipc_comp-1
2025-06-26 14:53:24,431 INFO  ExportHelperExtension.cs: 1145 - Found 0 features of type [RefAxis] in ga_minipc_comp-1
2025-06-26 14:53:24,431 INFO  ExportHelperExtension.cs: 1125 - Retrieving features of type [RefAxis] from ga_com-1
2025-06-26 14:53:24,431 INFO  ExportHelperExtension.cs: 1136 - Found 33 in ga_com-1
2025-06-26 14:53:24,433 INFO  ExportHelperExtension.cs: 1145 - Found 0 features of type [RefAxis] in ga_com-1
2025-06-26 14:53:24,433 INFO  ExportHelperExtension.cs: 1125 - Retrieving features of type [RefAxis] from kegoc_tab1-1
2025-06-26 14:53:24,433 INFO  ExportHelperExtension.cs: 1136 - Found 25 in kegoc_tab1-1
2025-06-26 14:53:24,433 INFO  ExportHelperExtension.cs: 1145 - Found 0 features of type [RefAxis] in kegoc_tab1-1
2025-06-26 14:53:24,433 INFO  ExportHelperExtension.cs: 1125 - Retrieving features of type [RefAxis] from che-6
2025-06-26 14:53:24,434 INFO  ExportHelperExtension.cs: 1136 - Found 25 in che-6
2025-06-26 14:53:24,434 INFO  ExportHelperExtension.cs: 1145 - Found 0 features of type [RefAxis] in che-6
2025-06-26 14:53:24,434 INFO  ExportHelperExtension.cs: 1125 - Retrieving features of type [RefAxis] from kegoc_tab2-1
2025-06-26 14:53:24,434 INFO  ExportHelperExtension.cs: 1136 - Found 25 in kegoc_tab2-1
2025-06-26 14:53:24,435 INFO  ExportHelperExtension.cs: 1145 - Found 0 features of type [RefAxis] in kegoc_tab2-1
2025-06-26 14:53:24,435 INFO  ExportHelperExtension.cs: 1125 - Retrieving features of type [RefAxis] from che-5
2025-06-26 14:53:24,435 INFO  ExportHelperExtension.cs: 1136 - Found 25 in che-5
2025-06-26 14:53:24,436 INFO  ExportHelperExtension.cs: 1145 - Found 0 features of type [RefAxis] in che-5
2025-06-26 14:53:24,436 INFO  ExportHelperExtension.cs: 1125 - Retrieving features of type [RefAxis] from final kinect-1
2025-06-26 14:53:24,436 INFO  ExportHelperExtension.cs: 1136 - Found 27 in final kinect-1
2025-06-26 14:53:24,437 INFO  ExportHelperExtension.cs: 1145 - Found 0 features of type [RefAxis] in final kinect-1
2025-06-26 14:53:24,437 INFO  ExportHelperExtension.cs: 1125 - Retrieving features of type [RefAxis] from cover_up_v2_linh-1
2025-06-26 14:53:24,437 INFO  ExportHelperExtension.cs: 1136 - Found 26 in cover_up_v2_linh-1
2025-06-26 14:53:24,437 INFO  ExportHelperExtension.cs: 1145 - Found 0 features of type [RefAxis] in cover_up_v2_linh-1
2025-06-26 14:53:24,438 INFO  ExportHelperExtension.cs: 1125 - Retrieving features of type [RefAxis] from battery-1
2025-06-26 14:53:24,438 INFO  ExportHelperExtension.cs: 1136 - Found 28 in battery-1
2025-06-26 14:53:24,438 INFO  ExportHelperExtension.cs: 1145 - Found 0 features of type [RefAxis] in battery-1
2025-06-26 14:53:24,438 INFO  ExportHelperExtension.cs: 1125 - Retrieving features of type [RefAxis] from standoff_M2_20mm-3
2025-06-26 14:53:24,439 INFO  ExportHelperExtension.cs: 1136 - Found 31 in standoff_M2_20mm-3
2025-06-26 14:53:24,439 INFO  ExportHelperExtension.cs: 1145 - Found 0 features of type [RefAxis] in standoff_M2_20mm-3
2025-06-26 14:53:24,439 INFO  ExportHelperExtension.cs: 1125 - Retrieving features of type [RefAxis] from cum_banh_xe_lon-3
2025-06-26 14:53:24,440 INFO  ExportHelperExtension.cs: 1136 - Found 27 in cum_banh_xe_lon-3
2025-06-26 14:53:24,440 INFO  ExportHelperExtension.cs: 1145 - Found 0 features of type [RefAxis] in cum_banh_xe_lon-3
2025-06-26 14:53:24,440 INFO  ExportHelperExtension.cs: 1125 - Retrieving features of type [RefAxis] from motorAxis-1
2025-06-26 14:53:24,440 INFO  ExportHelperExtension.cs: 1136 - Found 30 in motorAxis-1
2025-06-26 14:53:24,441 INFO  ExportHelperExtension.cs: 1145 - Found 0 features of type [RefAxis] in motorAxis-1
2025-06-26 14:53:24,441 INFO  ExportHelperExtension.cs: 1125 - Retrieving features of type [RefAxis] from standoff_M2_20mm-4
2025-06-26 14:53:24,441 INFO  ExportHelperExtension.cs: 1136 - Found 31 in standoff_M2_20mm-4
2025-06-26 14:53:24,441 INFO  ExportHelperExtension.cs: 1145 - Found 0 features of type [RefAxis] in standoff_M2_20mm-4
2025-06-26 14:53:24,442 INFO  ExportHelperExtension.cs: 1125 - Retrieving features of type [RefAxis] from X3_Lidar-1
2025-06-26 14:53:24,443 INFO  ExportHelperExtension.cs: 1136 - Found 90 in X3_Lidar-1
2025-06-26 14:53:24,444 INFO  ExportHelperExtension.cs: 1145 - Found 0 features of type [RefAxis] in X3_Lidar-1
2025-06-26 14:53:24,444 INFO  ExportHelperExtension.cs: 1125 - Retrieving features of type [RefAxis] from 20x20_aluminum_extrusion_profile 26cm-1
2025-06-26 14:53:24,445 INFO  ExportHelperExtension.cs: 1136 - Found 25 in 20x20_aluminum_extrusion_profile 26cm-1
2025-06-26 14:53:24,446 INFO  ExportHelperExtension.cs: 1145 - Found 0 features of type [RefAxis] in 20x20_aluminum_extrusion_profile 26cm-1
2025-06-26 14:53:24,446 INFO  ExportHelperExtension.cs: 1125 - Retrieving features of type [RefAxis] from 20mm-8
2025-06-26 14:53:24,447 INFO  ExportHelperExtension.cs: 1136 - Found 40 in 20mm-8
2025-06-26 14:53:24,448 INFO  ExportHelperExtension.cs: 1145 - Found 0 features of type [RefAxis] in 20mm-8
2025-06-26 14:53:24,449 INFO  ExportHelperExtension.cs: 1125 - Retrieving features of type [RefAxis] from 20mm-2
2025-06-26 14:53:24,449 INFO  ExportHelperExtension.cs: 1136 - Found 40 in 20mm-2
2025-06-26 14:53:24,449 INFO  ExportHelperExtension.cs: 1145 - Found 0 features of type [RefAxis] in 20mm-2
2025-06-26 14:53:24,450 INFO  ExportHelperExtension.cs: 1125 - Retrieving features of type [RefAxis] from ??????? V-slot 20x40-1
2025-06-26 14:53:24,450 INFO  ExportHelperExtension.cs: 1136 - Found 30 in ??????? V-slot 20x40-1
2025-06-26 14:53:24,451 INFO  ExportHelperExtension.cs: 1145 - Found 0 features of type [RefAxis] in ??????? V-slot 20x40-1
2025-06-26 14:53:24,451 INFO  ExportHelperExtension.cs: 1125 - Retrieving features of type [RefAxis] from standoff_M2_20mm-5
2025-06-26 14:53:24,451 INFO  ExportHelperExtension.cs: 1136 - Found 31 in standoff_M2_20mm-5
2025-06-26 14:53:24,452 INFO  ExportHelperExtension.cs: 1145 - Found 0 features of type [RefAxis] in standoff_M2_20mm-5
2025-06-26 14:53:24,452 INFO  ExportHelperExtension.cs: 1125 - Retrieving features of type [RefAxis] from motoredit-3
2025-06-26 14:53:24,452 INFO  ExportHelperExtension.cs: 1136 - Found 40 in motoredit-3
2025-06-26 14:53:24,453 INFO  ExportHelperExtension.cs: 1145 - Found 0 features of type [RefAxis] in motoredit-3
2025-06-26 14:53:24,453 INFO  ExportHelperExtension.cs: 1125 - Retrieving features of type [RefAxis] from lidar_pushup-1
2025-06-26 14:53:24,454 INFO  ExportHelperExtension.cs: 1136 - Found 34 in lidar_pushup-1
2025-06-26 14:53:24,454 INFO  ExportHelperExtension.cs: 1145 - Found 1 features of type [RefAxis] in lidar_pushup-1
2025-06-26 14:53:24,455 INFO  ExportHelperExtension.cs: 1125 - Retrieving features of type [RefAxis] from standoff_M2_20mm-1
2025-06-26 14:53:24,455 INFO  ExportHelperExtension.cs: 1136 - Found 31 in standoff_M2_20mm-1
2025-06-26 14:53:24,455 INFO  ExportHelperExtension.cs: 1145 - Found 0 features of type [RefAxis] in standoff_M2_20mm-1
2025-06-26 14:53:24,456 INFO  ExportHelperExtension.cs: 1125 - Retrieving features of type [RefAxis] from hoverboard_driver-1
2025-06-26 14:53:24,456 INFO  ExportHelperExtension.cs: 1136 - Found 25 in hoverboard_driver-1
2025-06-26 14:53:24,456 INFO  ExportHelperExtension.cs: 1145 - Found 0 features of type [RefAxis] in hoverboard_driver-1
2025-06-26 14:53:24,457 INFO  ExportHelperExtension.cs: 1125 - Retrieving features of type [RefAxis] from cum_relay_my4n_4p-1
2025-06-26 14:53:24,457 INFO  ExportHelperExtension.cs: 1136 - Found 27 in cum_relay_my4n_4p-1
2025-06-26 14:53:24,457 INFO  ExportHelperExtension.cs: 1145 - Found 0 features of type [RefAxis] in cum_relay_my4n_4p-1
2025-06-26 14:53:24,458 INFO  ExportHelperExtension.cs: 1125 - Retrieving features of type [RefAxis] from lidar_pushup-3
2025-06-26 14:53:24,458 INFO  ExportHelperExtension.cs: 1136 - Found 34 in lidar_pushup-3
2025-06-26 14:53:24,458 INFO  ExportHelperExtension.cs: 1145 - Found 1 features of type [RefAxis] in lidar_pushup-3
2025-06-26 14:53:24,458 INFO  ExportHelperExtension.cs: 1125 - Retrieving features of type [RefAxis] from 36v_12v_converter-1
2025-06-26 14:53:24,459 INFO  ExportHelperExtension.cs: 1136 - Found 29 in 36v_12v_converter-1
2025-06-26 14:53:24,459 INFO  ExportHelperExtension.cs: 1145 - Found 0 features of type [RefAxis] in 36v_12v_converter-1
2025-06-26 14:53:24,459 INFO  ExportHelperExtension.cs: 1125 - Retrieving features of type [RefAxis] from remote_relay-1
2025-06-26 14:53:24,460 INFO  ExportHelperExtension.cs: 1136 - Found 28 in remote_relay-1
2025-06-26 14:53:24,460 INFO  ExportHelperExtension.cs: 1145 - Found 0 features of type [RefAxis] in remote_relay-1
2025-06-26 14:53:24,460 INFO  ExportHelperExtension.cs: 1125 - Retrieving features of type [RefAxis] from pi_hang_imu-1
2025-06-26 14:53:24,460 INFO  ExportHelperExtension.cs: 1136 - Found 33 in pi_hang_imu-1
2025-06-26 14:53:24,461 INFO  ExportHelperExtension.cs: 1145 - Found 4 features of type [RefAxis] in pi_hang_imu-1
2025-06-26 14:53:24,461 INFO  ExportHelperExtension.cs: 1125 - Retrieving features of type [RefAxis] from ??????? V-slot 20x40-3
2025-06-26 14:53:24,461 INFO  ExportHelperExtension.cs: 1136 - Found 30 in ??????? V-slot 20x40-3
2025-06-26 14:53:24,461 INFO  ExportHelperExtension.cs: 1145 - Found 0 features of type [RefAxis] in ??????? V-slot 20x40-3
2025-06-26 14:53:24,462 INFO  ExportHelperExtension.cs: 1125 - Retrieving features of type [RefAxis] from aluminium_base-1
2025-06-26 14:53:24,462 INFO  ExportHelperExtension.cs: 1136 - Found 35 in aluminium_base-1
2025-06-26 14:53:24,462 INFO  ExportHelperExtension.cs: 1145 - Found 0 features of type [RefAxis] in aluminium_base-1
2025-06-26 14:53:24,463 INFO  ExportHelperExtension.cs: 1125 - Retrieving features of type [RefAxis] from WEIDU TB25XX-1
2025-06-26 14:53:24,463 INFO  ExportHelperExtension.cs: 1136 - Found 101 in WEIDU TB25XX-1
2025-06-26 14:53:24,464 INFO  ExportHelperExtension.cs: 1145 - Found 0 features of type [RefAxis] in WEIDU TB25XX-1
2025-06-26 14:53:24,464 INFO  ExportHelperExtension.cs: 1125 - Retrieving features of type [RefAxis] from cum_banh_xe_lon-5
2025-06-26 14:53:24,464 INFO  ExportHelperExtension.cs: 1136 - Found 27 in cum_banh_xe_lon-5
2025-06-26 14:53:24,464 INFO  ExportHelperExtension.cs: 1145 - Found 0 features of type [RefAxis] in cum_banh_xe_lon-5
2025-06-26 14:53:24,465 INFO  ExportHelperExtension.cs: 1125 - Retrieving features of type [RefAxis] from motorAxis-4
2025-06-26 14:53:24,465 INFO  ExportHelperExtension.cs: 1136 - Found 30 in motorAxis-4
2025-06-26 14:53:24,465 INFO  ExportHelperExtension.cs: 1145 - Found 0 features of type [RefAxis] in motorAxis-4
2025-06-26 14:53:24,465 INFO  ExportHelperExtension.cs: 1125 - Retrieving features of type [RefAxis] from 20mm-11
2025-06-26 14:53:24,466 INFO  ExportHelperExtension.cs: 1136 - Found 40 in 20mm-11
2025-06-26 14:53:24,466 INFO  ExportHelperExtension.cs: 1145 - Found 0 features of type [RefAxis] in 20mm-11
2025-06-26 14:53:24,466 INFO  ExportHelperExtension.cs: 1125 - Retrieving features of type [RefAxis] from cum_dahuong_truoc_sau-5
2025-06-26 14:53:24,466 INFO  ExportHelperExtension.cs: 1136 - Found 53 in cum_dahuong_truoc_sau-5
2025-06-26 14:53:24,467 INFO  ExportHelperExtension.cs: 1145 - Found 0 features of type [RefAxis] in cum_dahuong_truoc_sau-5
2025-06-26 14:53:24,467 INFO  ExportHelperExtension.cs: 1125 - Retrieving features of type [RefAxis] from cum_dahuong_truoc_sau-6
2025-06-26 14:53:24,467 INFO  ExportHelperExtension.cs: 1136 - Found 53 in cum_dahuong_truoc_sau-6
2025-06-26 14:53:24,468 INFO  ExportHelperExtension.cs: 1145 - Found 0 features of type [RefAxis] in cum_dahuong_truoc_sau-6
2025-06-26 14:53:24,468 INFO  ExportHelperExtension.cs: 1125 - Retrieving features of type [RefAxis] from full_cover_v2-1
2025-06-26 14:53:24,468 INFO  ExportHelperExtension.cs: 1136 - Found 29 in full_cover_v2-1
2025-06-26 14:53:24,469 INFO  ExportHelperExtension.cs: 1145 - Found 0 features of type [RefAxis] in full_cover_v2-1
2025-06-26 14:53:24,469 INFO  ExportHelperExtension.cs: 1125 - Retrieving features of type [RefAxis] from cover_up_v2-1
2025-06-26 14:53:24,469 INFO  ExportHelperExtension.cs: 1136 - Found 26 in cover_up_v2-1
2025-06-26 14:53:24,470 INFO  ExportHelperExtension.cs: 1145 - Found 0 features of type [RefAxis] in cover_up_v2-1
2025-06-26 14:53:24,470 INFO  ExportHelperExtension.cs: 1125 - Retrieving features of type [RefAxis] from j1-1
2025-06-26 14:53:24,470 INFO  ExportHelperExtension.cs: 1136 - Found 32 in j1-1
2025-06-26 14:53:24,470 INFO  ExportHelperExtension.cs: 1145 - Found 0 features of type [RefAxis] in j1-1
2025-06-26 14:53:24,471 INFO  ExportHelperExtension.cs: 1125 - Retrieving features of type [RefAxis] from j1-2
2025-06-26 14:53:24,471 INFO  ExportHelperExtension.cs: 1136 - Found 32 in j1-2
2025-06-26 14:53:24,471 INFO  ExportHelperExtension.cs: 1145 - Found 0 features of type [RefAxis] in j1-2
2025-06-26 14:53:24,471 INFO  ExportHelperExtension.cs: 1125 - Retrieving features of type [RefAxis] from 20mm-10
2025-06-26 14:53:24,472 INFO  ExportHelperExtension.cs: 1136 - Found 40 in 20mm-10
2025-06-26 14:53:24,472 INFO  ExportHelperExtension.cs: 1145 - Found 0 features of type [RefAxis] in 20mm-10
2025-06-26 14:53:24,472 INFO  ExportHelperExtension.cs: 1125 - Retrieving features of type [RefAxis] from cover_joint_v3.1.2-1
2025-06-26 14:53:24,473 INFO  ExportHelperExtension.cs: 1136 - Found 35 in cover_joint_v3.1.2-1
2025-06-26 14:53:24,473 INFO  ExportHelperExtension.cs: 1145 - Found 0 features of type [RefAxis] in cover_joint_v3.1.2-1
2025-06-26 14:53:24,476 INFO  ExportHelperExtension.cs: 1125 - Retrieving features of type [RefAxis] from motoredit-4
2025-06-26 14:53:24,494 INFO  ExportHelperExtension.cs: 1136 - Found 40 in motoredit-4
2025-06-26 14:53:24,494 INFO  ExportHelperExtension.cs: 1145 - Found 0 features of type [RefAxis] in motoredit-4
2025-06-26 14:53:24,496 INFO  ExportHelperExtension.cs: 1125 - Retrieving features of type [RefAxis] from matxeo1-1
2025-06-26 14:53:24,497 INFO  ExportHelperExtension.cs: 1136 - Found 27 in matxeo1-1
2025-06-26 14:53:24,498 INFO  ExportHelperExtension.cs: 1145 - Found 0 features of type [RefAxis] in matxeo1-1
2025-06-26 14:53:24,498 INFO  ExportHelperExtension.cs: 1125 - Retrieving features of type [RefAxis] from Arcade Push button asm-2
2025-06-26 14:53:24,499 INFO  ExportHelperExtension.cs: 1136 - Found 56 in Arcade Push button asm-2
2025-06-26 14:53:24,500 INFO  ExportHelperExtension.cs: 1145 - Found 0 features of type [RefAxis] in Arcade Push button asm-2
2025-06-26 14:53:24,501 INFO  ExportHelperExtension.cs: 1125 - Retrieving features of type [RefAxis] from imu_40do-1
2025-06-26 14:53:24,502 INFO  ExportHelperExtension.cs: 1136 - Found 25 in imu_40do-1
2025-06-26 14:53:24,503 INFO  ExportHelperExtension.cs: 1145 - Found 0 features of type [RefAxis] in imu_40do-1
2025-06-26 14:53:24,504 INFO  ExportHelperExtension.cs: 1125 - Retrieving features of type [RefAxis] from trodong-1
2025-06-26 14:53:24,505 INFO  ExportHelperExtension.cs: 1136 - Found 25 in trodong-1
2025-06-26 14:53:24,506 INFO  ExportHelperExtension.cs: 1145 - Found 0 features of type [RefAxis] in trodong-1
2025-06-26 14:53:24,992 INFO  SwAddin.cs: 339 - Loading config tree
2025-06-26 14:53:24,998 INFO  ConfigurationSerialization.cs: 276 - URDF Configuration found
<Link z:Id="i1" xmlns="http://schemas.datacontract.org/2004/07/SW2URDF" xmlns:i="http://www.w3.org/2001/XMLSchema-instance" xmlns:z="http://schemas.microsoft.com/2003/10/Serialization/"><Attributes><Attribute z:Id="i2"><AttributeType>name</AttributeType><IsRequired>true</IsRequired><Value i:type="a:string" xmlns:a="http://www.w3.org/2001/XMLSchema">base_link</Value></Attribute></Attributes><ChildElements><URDFElement z:Id="i3" i:type="Inertial"><Attributes/><ChildElements><URDFElement z:Id="i4" i:type="Origin"><Attributes><Attribute z:Id="i5"><AttributeType>xyz</AttributeType><IsRequired>true</IsRequired><Value i:type="a:ArrayOfdouble" xmlns:a="http://schemas.microsoft.com/2003/10/Serialization/Arrays"><a:double>0.060987346543505905</a:double><a:double>-0.0042720180668343044</a:double><a:double>0.19200247731974768</a:double></Value></Attribute><Attribute z:Id="i6"><AttributeType>rpy</AttributeType><IsRequired>true</IsRequired><Value i:type="a:ArrayOfdouble" xmlns:a="http://schemas.microsoft.com/2003/10/Serialization/Arrays"><a:double>0</a:double><a:double>0</a:double><a:double>0</a:double></Value></Attribute></Attributes><ChildElements/><ElementName>origin</ElementName><required>false</required><RPYAttribute z:Ref="i6"/><XYZAttribute z:Ref="i5"/><isCustomized>false</isCustomized></URDFElement><URDFElement z:Id="i7" i:type="Mass"><Attributes><Attribute z:Id="i8"><AttributeType>value</AttributeType><IsRequired>true</IsRequired><Value i:type="a:double" xmlns:a="http://www.w3.org/2001/XMLSchema">10.746159077553559</Value></Attribute></Attributes><ChildElements/><ElementName>mass</ElementName><required>false</required><ValueAttribute z:Ref="i8"/></URDFElement><URDFElement z:Id="i9" i:type="Inertia"><Attributes><Attribute z:Id="i10"><AttributeType>ixx</AttributeType><IsRequired>true</IsRequired><Value i:type="a:double" xmlns:a="http://www.w3.org/2001/XMLSchema">0.065834870849578578</Value></Attribute><Attribute z:Id="i11"><AttributeType>ixy</AttributeType><IsRequired>true</IsRequired><Value i:type="a:double" xmlns:a="http://www.w3.org/2001/XMLSchema">-0.00023209205759734428</Value></Attribute><Attribute z:Id="i12"><AttributeType>ixz</AttributeType><IsRequired>true</IsRequired><Value i:type="a:double" xmlns:a="http://www.w3.org/2001/XMLSchema">0.0013281102483101161</Value></Attribute><Attribute z:Id="i13"><AttributeType>iyy</AttributeType><IsRequired>true</IsRequired><Value i:type="a:double" xmlns:a="http://www.w3.org/2001/XMLSchema">0.085268180604857441</Value></Attribute><Attribute z:Id="i14"><AttributeType>iyz</AttributeType><IsRequired>true</IsRequired><Value i:type="a:double" xmlns:a="http://www.w3.org/2001/XMLSchema">6.44620982702778E-06</Value></Attribute><Attribute z:Id="i15"><AttributeType>izz</AttributeType><IsRequired>true</IsRequired><Value i:type="a:double" xmlns:a="http://www.w3.org/2001/XMLSchema">0.079142439222943575</Value></Attribute></Attributes><ChildElements/><ElementName>inertia</ElementName><required>false</required><IxxAttribute z:Ref="i10"/><IxyAttribute z:Ref="i11"/><IxzAttribute z:Ref="i12"/><IyyAttribute z:Ref="i13"/><IyzAttribute z:Ref="i14"/><IzzAttribute z:Ref="i15"/></URDFElement></ChildElements><ElementName>inertial</ElementName><required>false</required><Inertia z:Ref="i9"/><Mass z:Ref="i7"/><Origin z:Ref="i4"/></URDFElement><URDFElement z:Id="i16" i:type="Visual"><Attributes/><ChildElements><URDFElement z:Id="i17" i:type="Origin"><Attributes><Attribute z:Id="i18"><AttributeType>xyz</AttributeType><IsRequired>true</IsRequired><Value i:type="a:ArrayOfdouble" xmlns:a="http://schemas.microsoft.com/2003/10/Serialization/Arrays"><a:double>0</a:double><a:double>0</a:double><a:double>0</a:double></Value></Attribute><Attribute z:Id="i19"><AttributeType>rpy</AttributeType><IsRequired>true</IsRequired><Value i:type="a:ArrayOfdouble" xmlns:a="http://schemas.microsoft.com/2003/10/Serialization/Arrays"><a:double>0</a:double><a:double>0</a:double><a:double>0</a:double></Value></Attribute></Attributes><ChildElements/><ElementName>origin</ElementName><required>false</required><RPYAttribute z:Ref="i19"/><XYZAttribute z:Ref="i18"/><isCustomized>false</isCustomized></URDFElement><URDFElement z:Id="i20" i:type="Geometry"><Attributes/><ChildElements><URDFElement z:Id="i21" i:type="Mesh"><Attributes><Attribute z:Id="i22"><AttributeType>filename</AttributeType><IsRequired>true</IsRequired><Value i:nil="true"/></Attribute></Attributes><ChildElements/><ElementName>mesh</ElementName><required>false</required><FilenameAttribute z:Ref="i22"/></URDFElement></ChildElements><ElementName>geometry</ElementName><required>true</required><Mesh z:Ref="i21"/></URDFElement><URDFElement z:Id="i23" i:type="Material"><Attributes><Attribute z:Id="i24"><AttributeType>name</AttributeType><IsRequired>true</IsRequired><Value i:type="a:string" xmlns:a="http://www.w3.org/2001/XMLSchema"/></Attribute></Attributes><ChildElements><URDFElement z:Id="i25" i:type="Color"><Attributes><Attribute z:Id="i26"><AttributeType>rgba</AttributeType><IsRequired>true</IsRequired><Value i:type="a:ArrayOfdouble" xmlns:a="http://schemas.microsoft.com/2003/10/Serialization/Arrays"><a:double>0.75294117647058822</a:double><a:double>0.75294117647058822</a:double><a:double>0.75294117647058822</a:double><a:double>1</a:double></Value></Attribute></Attributes><ChildElements/><ElementName>color</ElementName><required>false</required><RGBAAttribute z:Ref="i26"/></URDFElement><URDFElement z:Id="i27" i:type="Texture"><Attributes><Attribute z:Id="i28"><AttributeType>filename</AttributeType><IsRequired>true</IsRequired><Value i:nil="true"/></Attribute></Attributes><ChildElements/><ElementName>texture</ElementName><required>false</required><FilenameAttribute z:Ref="i28"/><wFilename/></URDFElement></ChildElements><ElementName>material</ElementName><required>false</required><Color z:Ref="i25"/><NameAttribute z:Ref="i24"/><Texture z:Ref="i27"/></URDFElement></ChildElements><ElementName>visual</ElementName><required>false</required><Geometry z:Ref="i20"/><Material z:Ref="i23"/><Origin z:Ref="i17"/></URDFElement><URDFElement z:Id="i29" i:type="Collision"><Attributes/><ChildElements><URDFElement z:Id="i30" i:type="Origin"><Attributes><Attribute z:Id="i31"><AttributeType>xyz</AttributeType><IsRequired>true</IsRequired><Value i:type="a:ArrayOfdouble" xmlns:a="http://schemas.microsoft.com/2003/10/Serialization/Arrays"><a:double>0</a:double><a:double>0</a:double><a:double>0</a:double></Value></Attribute><Attribute z:Id="i32"><AttributeType>rpy</AttributeType><IsRequired>true</IsRequired><Value i:type="a:ArrayOfdouble" xmlns:a="http://schemas.microsoft.com/2003/10/Serialization/Arrays"><a:double>0</a:double><a:double>0</a:double><a:double>0</a:double></Value></Attribute></Attributes><ChildElements/><ElementName>origin</ElementName><required>false</required><RPYAttribute z:Ref="i32"/><XYZAttribute z:Ref="i31"/><isCustomized>false</isCustomized></URDFElement><URDFElement z:Id="i33" i:type="Geometry"><Attributes/><ChildElements><URDFElement z:Id="i34" i:type="Mesh"><Attributes><Attribute z:Id="i35"><AttributeType>filename</AttributeType><IsRequired>true</IsRequired><Value i:nil="true"/></Attribute></Attributes><ChildElements/><ElementName>mesh</ElementName><required>false</required><FilenameAttribute z:Ref="i35"/></URDFElement></ChildElements><ElementName>geometry</ElementName><required>true</required><Mesh z:Ref="i34"/></URDFElement></ChildElements><ElementName>collision</ElementName><required>false</required><Geometry z:Ref="i33"/><Origin z:Ref="i30"/></URDFElement><URDFElement z:Id="i36" i:type="Joint"><Attributes><Attribute z:Id="i37"><AttributeType>name</AttributeType><IsRequired>true</IsRequired><Value i:type="a:string" xmlns:a="http://www.w3.org/2001/XMLSchema"/></Attribute><Attribute z:Id="i38"><AttributeType>type</AttributeType><IsRequired>true</IsRequired><Value i:type="a:string" xmlns:a="http://www.w3.org/2001/XMLSchema"/></Attribute></Attributes><ChildElements><URDFElement z:Id="i39" i:type="Origin"><Attributes><Attribute z:Id="i40"><AttributeType>xyz</AttributeType><IsRequired>true</IsRequired><Value i:type="a:ArrayOfdouble" xmlns:a="http://schemas.microsoft.com/2003/10/Serialization/Arrays"><a:double>0</a:double><a:double>0</a:double><a:double>0</a:double></Value></Attribute><Attribute z:Id="i41"><AttributeType>rpy</AttributeType><IsRequired>true</IsRequired><Value i:type="a:ArrayOfdouble" xmlns:a="http://schemas.microsoft.com/2003/10/Serialization/Arrays"><a:double>0</a:double><a:double>0</a:double><a:double>0</a:double></Value></Attribute></Attributes><ChildElements/><ElementName>origin</ElementName><required>false</required><RPYAttribute z:Ref="i41"/><XYZAttribute z:Ref="i40"/><isCustomized>false</isCustomized></URDFElement><URDFElement z:Id="i42" i:type="ParentLink"><Attributes><Attribute z:Id="i43"><AttributeType>link</AttributeType><IsRequired>true</IsRequired><Value i:type="a:string" xmlns:a="http://www.w3.org/2001/XMLSchema"/></Attribute></Attributes><ChildElements/><ElementName>parent</ElementName><required>true</required><NameAttribute z:Ref="i43"/></URDFElement><URDFElement z:Id="i44" i:type="ChildLink"><Attributes><Attribute z:Id="i45"><AttributeType>link</AttributeType><IsRequired>true</IsRequired><Value i:type="a:string" xmlns:a="http://www.w3.org/2001/XMLSchema"/></Attribute></Attributes><ChildElements/><ElementName>child</ElementName><required>true</required><NameAttribute z:Ref="i45"/></URDFElement><URDFElement z:Id="i46" i:type="Axis"><Attributes><Attribute z:Id="i47"><AttributeType>xyz</AttributeType><IsRequired>true</IsRequired><Value i:type="a:ArrayOfdouble" xmlns:a="http://schemas.microsoft.com/2003/10/Serialization/Arrays"><a:double>0</a:double><a:double>0</a:double><a:double>0</a:double></Value></Attribute></Attributes><ChildElements/><ElementName>axis</ElementName><required>false</required><XYZAttribute z:Ref="i47"/></URDFElement><URDFElement z:Id="i48" i:type="Limit"><Attributes><Attribute z:Id="i49"><AttributeType>lower</AttributeType><IsRequired>false</IsRequired><Value i:nil="true"/></Attribute><Attribute z:Id="i50"><AttributeType>upper</AttributeType><IsRequired>false</IsRequired><Value i:nil="true"/></Attribute><Attribute z:Id="i51"><AttributeType>effort</AttributeType><IsRequired>true</IsRequired><Value i:nil="true"/></Attribute><Attribute z:Id="i52"><AttributeType>velocity</AttributeType><IsRequired>true</IsRequired><Value i:nil="true"/></Attribute></Attributes><ChildElements/><ElementName>limit</ElementName><required>false</required><EffortAttribute z:Ref="i51"/><LowerAttribute z:Ref="i49"/><UpperAttribute z:Ref="i50"/><VelocityAttribute z:Ref="i52"/></URDFElement><URDFElement z:Id="i53" i:type="Calibration"><Attributes><Attribute z:Id="i54"><AttributeType>rising</AttributeType><IsRequired>false</IsRequired><Value i:nil="true"/></Attribute><Attribute z:Id="i55"><AttributeType>falling</AttributeType><IsRequired>false</IsRequired><Value i:nil="true"/></Attribute></Attributes><ChildElements/><ElementName>calibration</ElementName><required>false</required><FallingAttribute z:Ref="i55"/><RisingAttribute z:Ref="i54"/></URDFElement><URDFElement z:Id="i56" i:type="Dynamics"><Attributes><Attribute z:Id="i57"><AttributeType>damping</AttributeType><IsRequired>false</IsRequired><Value i:nil="true"/></Attribute><Attribute z:Id="i58"><AttributeType>friction</AttributeType><IsRequired>false</IsRequired><Value i:nil="true"/></Attribute></Attributes><ChildElements/><ElementName>dynamics</ElementName><required>false</required><DampingAttribute z:Ref="i57"/><FrictionAttribute z:Ref="i58"/></URDFElement><URDFElement z:Id="i59" i:type="SafetyController"><Attributes><Attribute z:Id="i60"><AttributeType>soft_upper_limit</AttributeType><IsRequired>false</IsRequired><Value i:nil="true"/></Attribute><Attribute z:Id="i61"><AttributeType>soft_lower_limit</AttributeType><IsRequired>false</IsRequired><Value i:nil="true"/></Attribute><Attribute z:Id="i62"><AttributeType>k_position</AttributeType><IsRequired>false</IsRequired><Value i:nil="true"/></Attribute><Attribute z:Id="i63"><AttributeType>k_velocity</AttributeType><IsRequired>true</IsRequired><Value i:nil="true"/></Attribute></Attributes><ChildElements/><ElementName>safety_controller</ElementName><required>false</required><KPositionAttribute z:Ref="i62"/><KVelocityAttribute z:Ref="i63"/><SoftLowerAttribute z:Ref="i61"/><SoftUpperAttribute z:Ref="i60"/></URDFElement><URDFElement z:Id="i64" i:type="Mimic"><Attributes><Attribute z:Id="i65"><AttributeType>joint</AttributeType><IsRequired>true</IsRequired><Value i:nil="true"/></Attribute><Attribute z:Id="i66"><AttributeType>multiplier</AttributeType><IsRequired>false</IsRequired><Value i:nil="true"/></Attribute><Attribute z:Id="i67"><AttributeType>offset</AttributeType><IsRequired>false</IsRequired><Value i:nil="true"/></Attribute></Attributes><ChildElements/><ElementName>mimic</ElementName><required>false</required><JointNameAttribute z:Ref="i65"/><MultiplierAttribute z:Ref="i66"/><OffsetAttribute z:Ref="i67"/></URDFElement></ChildElements><ElementName>joint</ElementName><required>false</required><Axis z:Ref="i46"/><AxisName/><Calibration z:Ref="i53"/><Child z:Ref="i44"/><CoordinateSystemName>Coordinate System1</CoordinateSystemName><Dynamics z:Ref="i56"/><Limit z:Ref="i48"/><Mimic z:Ref="i64"/><NameAttribute z:Ref="i37"/><Origin z:Ref="i39"/><Parent z:Ref="i42"/><Safety z:Ref="i59"/><TypeAttribute z:Ref="i38"/></URDFElement></ChildElements><ElementName>link</ElementName><required>true</required><Children><Link z:Id="i68"><Attributes><Attribute z:Id="i69"><AttributeType>name</AttributeType><IsRequired>true</IsRequired><Value i:type="a:string" xmlns:a="http://www.w3.org/2001/XMLSchema">lidar_link</Value></Attribute></Attributes><ChildElements><URDFElement z:Id="i70" i:type="Inertial"><Attributes/><ChildElements><URDFElement z:Id="i71" i:type="Origin"><Attributes><Attribute z:Id="i72"><AttributeType>xyz</AttributeType><IsRequired>true</IsRequired><Value i:type="a:ArrayOfdouble" xmlns:a="http://schemas.microsoft.com/2003/10/Serialization/Arrays"><a:double>0.01483831713663597</a:double><a:double>0.00044768343093459784</a:double><a:double>-0.021153620822649155</a:double></Value></Attribute><Attribute z:Id="i73"><AttributeType>rpy</AttributeType><IsRequired>true</IsRequired><Value i:type="a:ArrayOfdouble" xmlns:a="http://schemas.microsoft.com/2003/10/Serialization/Arrays"><a:double>0</a:double><a:double>0</a:double><a:double>0</a:double></Value></Attribute></Attributes><ChildElements/><ElementName>origin</ElementName><required>false</required><RPYAttribute z:Ref="i73"/><XYZAttribute z:Ref="i72"/><isCustomized>false</isCustomized></URDFElement><URDFElement z:Id="i74" i:type="Mass"><Attributes><Attribute z:Id="i75"><AttributeType>value</AttributeType><IsRequired>true</IsRequired><Value i:type="a:double" xmlns:a="http://www.w3.org/2001/XMLSchema">0.031240912740647893</Value></Attribute></Attributes><ChildElements/><ElementName>mass</ElementName><required>false</required><ValueAttribute z:Ref="i75"/></URDFElement><URDFElement z:Id="i76" i:type="Inertia"><Attributes><Attribute z:Id="i77"><AttributeType>ixx</AttributeType><IsRequired>true</IsRequired><Value i:type="a:double" xmlns:a="http://www.w3.org/2001/XMLSchema">8.8802637081098767E-06</Value></Attribute><Attribute z:Id="i78"><AttributeType>ixy</AttributeType><IsRequired>true</IsRequired><Value i:type="a:double" xmlns:a="http://www.w3.org/2001/XMLSchema">-1.7766449433050944E-07</Value></Attribute><Attribute z:Id="i79"><AttributeType>ixz</AttributeType><IsRequired>true</IsRequired><Value i:type="a:double" xmlns:a="http://www.w3.org/2001/XMLSchema">1.1302767991709002E-07</Value></Attribute><Attribute z:Id="i80"><AttributeType>iyy</AttributeType><IsRequired>true</IsRequired><Value i:type="a:double" xmlns:a="http://www.w3.org/2001/XMLSchema">1.4491001820543374E-05</Value></Attribute><Attribute z:Id="i81"><AttributeType>iyz</AttributeType><IsRequired>true</IsRequired><Value i:type="a:double" xmlns:a="http://www.w3.org/2001/XMLSchema">3.460761149958303E-08</Value></Attribute><Attribute z:Id="i82"><AttributeType>izz</AttributeType><IsRequired>true</IsRequired><Value i:type="a:double" xmlns:a="http://www.w3.org/2001/XMLSchema">2.2528909952026877E-05</Value></Attribute></Attributes><ChildElements/><ElementName>inertia</ElementName><required>false</required><IxxAttribute z:Ref="i77"/><IxyAttribute z:Ref="i78"/><IxzAttribute z:Ref="i79"/><IyyAttribute z:Ref="i80"/><IyzAttribute z:Ref="i81"/><IzzAttribute z:Ref="i82"/></URDFElement></ChildElements><ElementName>inertial</ElementName><required>false</required><Inertia z:Ref="i76"/><Mass z:Ref="i74"/><Origin z:Ref="i71"/></URDFElement><URDFElement z:Id="i83" i:type="Visual"><Attributes/><ChildElements><URDFElement z:Id="i84" i:type="Origin"><Attributes><Attribute z:Id="i85"><AttributeType>xyz</AttributeType><IsRequired>true</IsRequired><Value i:type="a:ArrayOfdouble" xmlns:a="http://schemas.microsoft.com/2003/10/Serialization/Arrays"><a:double>0</a:double><a:double>0</a:double><a:double>0</a:double></Value></Attribute><Attribute z:Id="i86"><AttributeType>rpy</AttributeType><IsRequired>true</IsRequired><Value i:type="a:ArrayOfdouble" xmlns:a="http://schemas.microsoft.com/2003/10/Serialization/Arrays"><a:double>0</a:double><a:double>0</a:double><a:double>0</a:double></Value></Attribute></Attributes><ChildElements/><ElementName>origin</ElementName><required>false</required><RPYAttribute z:Ref="i86"/><XYZAttribute z:Ref="i85"/><isCustomized>false</isCustomized></URDFElement><URDFElement z:Id="i87" i:type="Geometry"><Attributes/><ChildElements><URDFElement z:Id="i88" i:type="Mesh"><Attributes><Attribute z:Id="i89"><AttributeType>filename</AttributeType><IsRequired>true</IsRequired><Value i:nil="true"/></Attribute></Attributes><ChildElements/><ElementName>mesh</ElementName><required>false</required><FilenameAttribute z:Ref="i89"/></URDFElement></ChildElements><ElementName>geometry</ElementName><required>true</required><Mesh z:Ref="i88"/></URDFElement><URDFElement z:Id="i90" i:type="Material"><Attributes><Attribute z:Id="i91"><AttributeType>name</AttributeType><IsRequired>true</IsRequired><Value i:type="a:string" xmlns:a="http://www.w3.org/2001/XMLSchema"/></Attribute></Attributes><ChildElements><URDFElement z:Id="i92" i:type="Color"><Attributes><Attribute z:Id="i93"><AttributeType>rgba</AttributeType><IsRequired>true</IsRequired><Value i:type="a:ArrayOfdouble" xmlns:a="http://schemas.microsoft.com/2003/10/Serialization/Arrays"><a:double>0.792156862745098</a:double><a:double>0.81960784313725488</a:double><a:double>0.93333333333333335</a:double><a:double>1</a:double></Value></Attribute></Attributes><ChildElements/><ElementName>color</ElementName><required>false</required><RGBAAttribute z:Ref="i93"/></URDFElement><URDFElement z:Id="i94" i:type="Texture"><Attributes><Attribute z:Id="i95"><AttributeType>filename</AttributeType><IsRequired>true</IsRequired><Value i:nil="true"/></Attribute></Attributes><ChildElements/><ElementName>texture</ElementName><required>false</required><FilenameAttribute z:Ref="i95"/><wFilename/></URDFElement></ChildElements><ElementName>material</ElementName><required>false</required><Color z:Ref="i92"/><NameAttribute z:Ref="i91"/><Texture z:Ref="i94"/></URDFElement></ChildElements><ElementName>visual</ElementName><required>false</required><Geometry z:Ref="i87"/><Material z:Ref="i90"/><Origin z:Ref="i84"/></URDFElement><URDFElement z:Id="i96" i:type="Collision"><Attributes/><ChildElements><URDFElement z:Id="i97" i:type="Origin"><Attributes><Attribute z:Id="i98"><AttributeType>xyz</AttributeType><IsRequired>true</IsRequired><Value i:type="a:ArrayOfdouble" xmlns:a="http://schemas.microsoft.com/2003/10/Serialization/Arrays"><a:double>0</a:double><a:double>0</a:double><a:double>0</a:double></Value></Attribute><Attribute z:Id="i99"><AttributeType>rpy</AttributeType><IsRequired>true</IsRequired><Value i:type="a:ArrayOfdouble" xmlns:a="http://schemas.microsoft.com/2003/10/Serialization/Arrays"><a:double>0</a:double><a:double>0</a:double><a:double>0</a:double></Value></Attribute></Attributes><ChildElements/><ElementName>origin</ElementName><required>false</required><RPYAttribute z:Ref="i99"/><XYZAttribute z:Ref="i98"/><isCustomized>false</isCustomized></URDFElement><URDFElement z:Id="i100" i:type="Geometry"><Attributes/><ChildElements><URDFElement z:Id="i101" i:type="Mesh"><Attributes><Attribute z:Id="i102"><AttributeType>filename</AttributeType><IsRequired>true</IsRequired><Value i:nil="true"/></Attribute></Attributes><ChildElements/><ElementName>mesh</ElementName><required>false</required><FilenameAttribute z:Ref="i102"/></URDFElement></ChildElements><ElementName>geometry</ElementName><required>true</required><Mesh z:Ref="i101"/></URDFElement></ChildElements><ElementName>collision</ElementName><required>false</required><Geometry z:Ref="i100"/><Origin z:Ref="i97"/></URDFElement><URDFElement z:Id="i103" i:type="Joint"><Attributes><Attribute z:Id="i104"><AttributeType>name</AttributeType><IsRequired>true</IsRequired><Value i:type="a:string" xmlns:a="http://www.w3.org/2001/XMLSchema">lidar</Value></Attribute><Attribute z:Id="i105"><AttributeType>type</AttributeType><IsRequired>true</IsRequired><Value i:type="a:string" xmlns:a="http://www.w3.org/2001/XMLSchema">fixed</Value></Attribute></Attributes><ChildElements><URDFElement z:Id="i106" i:type="Origin"><Attributes><Attribute z:Id="i107"><AttributeType>xyz</AttributeType><IsRequired>true</IsRequired><Value i:type="a:ArrayOfdouble" xmlns:a="http://schemas.microsoft.com/2003/10/Serialization/Arrays"><a:double>0.15566672564358219</a:double><a:double>0.0011277706563345147</a:double><a:double>0.14609999999809897</a:double></Value></Attribute><Attribute z:Id="i108"><AttributeType>rpy</AttributeType><IsRequired>true</IsRequired><Value i:type="a:ArrayOfdouble" xmlns:a="http://schemas.microsoft.com/2003/10/Serialization/Arrays"><a:double>0</a:double><a:double>0</a:double><a:double>0</a:double></Value></Attribute></Attributes><ChildElements/><ElementName>origin</ElementName><required>false</required><RPYAttribute z:Ref="i108"/><XYZAttribute z:Ref="i107"/><isCustomized>false</isCustomized></URDFElement><URDFElement z:Id="i109" i:type="ParentLink"><Attributes><Attribute z:Id="i110"><AttributeType>link</AttributeType><IsRequired>true</IsRequired><Value i:type="a:string" xmlns:a="http://www.w3.org/2001/XMLSchema">base_link</Value></Attribute></Attributes><ChildElements/><ElementName>parent</ElementName><required>true</required><NameAttribute z:Ref="i110"/></URDFElement><URDFElement z:Id="i111" i:type="ChildLink"><Attributes><Attribute z:Id="i112"><AttributeType>link</AttributeType><IsRequired>true</IsRequired><Value i:type="a:string" xmlns:a="http://www.w3.org/2001/XMLSchema">lidar_link</Value></Attribute></Attributes><ChildElements/><ElementName>child</ElementName><required>true</required><NameAttribute z:Ref="i112"/></URDFElement><URDFElement z:Id="i113" i:type="Axis"><Attributes><Attribute z:Id="i114"><AttributeType>xyz</AttributeType><IsRequired>true</IsRequired><Value i:type="a:ArrayOfdouble" xmlns:a="http://schemas.microsoft.com/2003/10/Serialization/Arrays"><a:double>0</a:double><a:double>0</a:double><a:double>0</a:double></Value></Attribute></Attributes><ChildElements/><ElementName>axis</ElementName><required>false</required><XYZAttribute z:Ref="i114"/></URDFElement><URDFElement z:Id="i115" i:type="Limit"><Attributes><Attribute z:Id="i116"><AttributeType>lower</AttributeType><IsRequired>false</IsRequired><Value i:nil="true"/></Attribute><Attribute z:Id="i117"><AttributeType>upper</AttributeType><IsRequired>false</IsRequired><Value i:nil="true"/></Attribute><Attribute z:Id="i118"><AttributeType>effort</AttributeType><IsRequired>true</IsRequired><Value i:nil="true"/></Attribute><Attribute z:Id="i119"><AttributeType>velocity</AttributeType><IsRequired>true</IsRequired><Value i:nil="true"/></Attribute></Attributes><ChildElements/><ElementName>limit</ElementName><required>false</required><EffortAttribute z:Ref="i118"/><LowerAttribute z:Ref="i116"/><UpperAttribute z:Ref="i117"/><VelocityAttribute z:Ref="i119"/></URDFElement><URDFElement z:Id="i120" i:type="Calibration"><Attributes><Attribute z:Id="i121"><AttributeType>rising</AttributeType><IsRequired>false</IsRequired><Value i:nil="true"/></Attribute><Attribute z:Id="i122"><AttributeType>falling</AttributeType><IsRequired>false</IsRequired><Value i:nil="true"/></Attribute></Attributes><ChildElements/><ElementName>calibration</ElementName><required>false</required><FallingAttribute z:Ref="i122"/><RisingAttribute z:Ref="i121"/></URDFElement><URDFElement z:Id="i123" i:type="Dynamics"><Attributes><Attribute z:Id="i124"><AttributeType>damping</AttributeType><IsRequired>false</IsRequired><Value i:nil="true"/></Attribute><Attribute z:Id="i125"><AttributeType>friction</AttributeType><IsRequired>false</IsRequired><Value i:nil="true"/></Attribute></Attributes><ChildElements/><ElementName>dynamics</ElementName><required>false</required><DampingAttribute z:Ref="i124"/><FrictionAttribute z:Ref="i125"/></URDFElement><URDFElement z:Id="i126" i:type="SafetyController"><Attributes><Attribute z:Id="i127"><AttributeType>soft_upper_limit</AttributeType><IsRequired>false</IsRequired><Value i:nil="true"/></Attribute><Attribute z:Id="i128"><AttributeType>soft_lower_limit</AttributeType><IsRequired>false</IsRequired><Value i:nil="true"/></Attribute><Attribute z:Id="i129"><AttributeType>k_position</AttributeType><IsRequired>false</IsRequired><Value i:nil="true"/></Attribute><Attribute z:Id="i130"><AttributeType>k_velocity</AttributeType><IsRequired>true</IsRequired><Value i:nil="true"/></Attribute></Attributes><ChildElements/><ElementName>safety_controller</ElementName><required>false</required><KPositionAttribute z:Ref="i129"/><KVelocityAttribute z:Ref="i130"/><SoftLowerAttribute z:Ref="i128"/><SoftUpperAttribute z:Ref="i127"/></URDFElement><URDFElement z:Id="i131" i:type="Mimic"><Attributes><Attribute z:Id="i132"><AttributeType>joint</AttributeType><IsRequired>true</IsRequired><Value i:nil="true"/></Attribute><Attribute z:Id="i133"><AttributeType>multiplier</AttributeType><IsRequired>false</IsRequired><Value i:nil="true"/></Attribute><Attribute z:Id="i134"><AttributeType>offset</AttributeType><IsRequired>false</IsRequired><Value i:nil="true"/></Attribute></Attributes><ChildElements/><ElementName>mimic</ElementName><required>false</required><JointNameAttribute z:Ref="i132"/><MultiplierAttribute z:Ref="i133"/><OffsetAttribute z:Ref="i134"/></URDFElement></ChildElements><ElementName>joint</ElementName><required>false</required><Axis z:Ref="i113"/><AxisName>Axis_lidar</AxisName><Calibration z:Ref="i120"/><Child z:Ref="i111"/><CoordinateSystemName>Coordinate System2</CoordinateSystemName><Dynamics z:Ref="i123"/><Limit z:Ref="i115"/><Mimic z:Ref="i131"/><NameAttribute z:Ref="i104"/><Origin z:Ref="i106"/><Parent z:Ref="i109"/><Safety z:Ref="i126"/><TypeAttribute z:Ref="i105"/></URDFElement></ChildElements><ElementName>link</ElementName><required>true</required><Children/><Collision z:Ref="i96"/><Inertial z:Ref="i70"/><Joint z:Ref="i103"/><NameAttribute z:Ref="i69"/><Parent z:Ref="i1"/><STLQualityFine>false</STLQualityFine><SWComponentPIDs xmlns:a="http://schemas.microsoft.com/2003/10/Serialization/Arrays"><a:base64Binary>aEIAAAUAAAD//v8fWAAzAF8ATABpAGQAYQByAC0AMQBAAHIAbwBiAG8AVgAzACgAdQByAGQAZgBfAGMAaABhAG4AZwBlAGQAKQAEAAAAEAAAAAEAAAABAAAAiwQAAA==</a:base64Binary></SWComponentPIDs><SWMainComponentPID i:nil="true"/><Visual z:Ref="i83"/><isFixedFrame>false</isFixedFrame><isIncomplete>false</isIncomplete></Link><Link z:Id="i135"><Attributes><Attribute z:Id="i136"><AttributeType>name</AttributeType><IsRequired>true</IsRequired><Value i:type="a:string" xmlns:a="http://www.w3.org/2001/XMLSchema">imu_link</Value></Attribute></Attributes><ChildElements><URDFElement z:Id="i137" i:type="Inertial"><Attributes/><ChildElements><URDFElement z:Id="i138" i:type="Origin"><Attributes><Attribute z:Id="i139"><AttributeType>xyz</AttributeType><IsRequired>true</IsRequired><Value i:type="a:ArrayOfdouble" xmlns:a="http://schemas.microsoft.com/2003/10/Serialization/Arrays"><a:double>-0.00012898011774964413</a:double><a:double>-0.00019149559799944149</a:double><a:double>-0.0038407050934864406</a:double></Value></Attribute><Attribute z:Id="i140"><AttributeType>rpy</AttributeType><IsRequired>true</IsRequired><Value i:type="a:ArrayOfdouble" xmlns:a="http://schemas.microsoft.com/2003/10/Serialization/Arrays"><a:double>0</a:double><a:double>0</a:double><a:double>0</a:double></Value></Attribute></Attributes><ChildElements/><ElementName>origin</ElementName><required>false</required><RPYAttribute z:Ref="i140"/><XYZAttribute z:Ref="i139"/><isCustomized>false</isCustomized></URDFElement><URDFElement z:Id="i141" i:type="Mass"><Attributes><Attribute z:Id="i142"><AttributeType>value</AttributeType><IsRequired>true</IsRequired><Value i:type="a:double" xmlns:a="http://www.w3.org/2001/XMLSchema">0.00099989811898682879</Value></Attribute></Attributes><ChildElements/><ElementName>mass</ElementName><required>false</required><ValueAttribute z:Ref="i142"/></URDFElement><URDFElement z:Id="i143" i:type="Inertia"><Attributes><Attribute z:Id="i144"><AttributeType>ixx</AttributeType><IsRequired>true</IsRequired><Value i:type="a:double" xmlns:a="http://www.w3.org/2001/XMLSchema">2.5044771693541468E-08</Value></Attribute><Attribute z:Id="i145"><AttributeType>ixy</AttributeType><IsRequired>true</IsRequired><Value i:type="a:double" xmlns:a="http://www.w3.org/2001/XMLSchema">1.039650562469034E-10</Value></Attribute><Attribute z:Id="i146"><AttributeType>ixz</AttributeType><IsRequired>true</IsRequired><Value i:type="a:double" xmlns:a="http://www.w3.org/2001/XMLSchema">-2.68560481478177E-14</Value></Attribute><Attribute z:Id="i147"><AttributeType>iyy</AttributeType><IsRequired>true</IsRequired><Value i:type="a:double" xmlns:a="http://www.w3.org/2001/XMLSchema">1.2451353550853E-08</Value></Attribute><Attribute z:Id="i148"><AttributeType>iyz</AttributeType><IsRequired>true</IsRequired><Value i:type="a:double" xmlns:a="http://www.w3.org/2001/XMLSchema">-1.1856542325881859E-14</Value></Attribute><Attribute z:Id="i149"><AttributeType>izz</AttributeType><IsRequired>true</IsRequired><Value i:type="a:double" xmlns:a="http://www.w3.org/2001/XMLSchema">3.0637635311589823E-08</Value></Attribute></Attributes><ChildElements/><ElementName>inertia</ElementName><required>false</required><IxxAttribute z:Ref="i144"/><IxyAttribute z:Ref="i145"/><IxzAttribute z:Ref="i146"/><IyyAttribute z:Ref="i147"/><IyzAttribute z:Ref="i148"/><IzzAttribute z:Ref="i149"/></URDFElement></ChildElements><ElementName>inertial</ElementName><required>false</required><Inertia z:Ref="i143"/><Mass z:Ref="i141"/><Origin z:Ref="i138"/></URDFElement><URDFElement z:Id="i150" i:type="Visual"><Attributes/><ChildElements><URDFElement z:Id="i151" i:type="Origin"><Attributes><Attribute z:Id="i152"><AttributeType>xyz</AttributeType><IsRequired>true</IsRequired><Value i:type="a:ArrayOfdouble" xmlns:a="http://schemas.microsoft.com/2003/10/Serialization/Arrays"><a:double>0</a:double><a:double>0</a:double><a:double>0</a:double></Value></Attribute><Attribute z:Id="i153"><AttributeType>rpy</AttributeType><IsRequired>true</IsRequired><Value i:type="a:ArrayOfdouble" xmlns:a="http://schemas.microsoft.com/2003/10/Serialization/Arrays"><a:double>0</a:double><a:double>0</a:double><a:double>0</a:double></Value></Attribute></Attributes><ChildElements/><ElementName>origin</ElementName><required>false</required><RPYAttribute z:Ref="i153"/><XYZAttribute z:Ref="i152"/><isCustomized>false</isCustomized></URDFElement><URDFElement z:Id="i154" i:type="Geometry"><Attributes/><ChildElements><URDFElement z:Id="i155" i:type="Mesh"><Attributes><Attribute z:Id="i156"><AttributeType>filename</AttributeType><IsRequired>true</IsRequired><Value i:nil="true"/></Attribute></Attributes><ChildElements/><ElementName>mesh</ElementName><required>false</required><FilenameAttribute z:Ref="i156"/></URDFElement></ChildElements><ElementName>geometry</ElementName><required>true</required><Mesh z:Ref="i155"/></URDFElement><URDFElement z:Id="i157" i:type="Material"><Attributes><Attribute z:Id="i158"><AttributeType>name</AttributeType><IsRequired>true</IsRequired><Value i:type="a:string" xmlns:a="http://www.w3.org/2001/XMLSchema"/></Attribute></Attributes><ChildElements><URDFElement z:Id="i159" i:type="Color"><Attributes><Attribute z:Id="i160"><AttributeType>rgba</AttributeType><IsRequired>true</IsRequired><Value i:type="a:ArrayOfdouble" xmlns:a="http://schemas.microsoft.com/2003/10/Serialization/Arrays"><a:double>0.792156862745098</a:double><a:double>0.81960784313725488</a:double><a:double>0.93333333333333335</a:double><a:double>1</a:double></Value></Attribute></Attributes><ChildElements/><ElementName>color</ElementName><required>false</required><RGBAAttribute z:Ref="i160"/></URDFElement><URDFElement z:Id="i161" i:type="Texture"><Attributes><Attribute z:Id="i162"><AttributeType>filename</AttributeType><IsRequired>true</IsRequired><Value i:nil="true"/></Attribute></Attributes><ChildElements/><ElementName>texture</ElementName><required>false</required><FilenameAttribute z:Ref="i162"/><wFilename/></URDFElement></ChildElements><ElementName>material</ElementName><required>false</required><Color z:Ref="i159"/><NameAttribute z:Ref="i158"/><Texture z:Ref="i161"/></URDFElement></ChildElements><ElementName>visual</ElementName><required>false</required><Geometry z:Ref="i154"/><Material z:Ref="i157"/><Origin z:Ref="i151"/></URDFElement><URDFElement z:Id="i163" i:type="Collision"><Attributes/><ChildElements><URDFElement z:Id="i164" i:type="Origin"><Attributes><Attribute z:Id="i165"><AttributeType>xyz</AttributeType><IsRequired>true</IsRequired><Value i:type="a:ArrayOfdouble" xmlns:a="http://schemas.microsoft.com/2003/10/Serialization/Arrays"><a:double>0</a:double><a:double>0</a:double><a:double>0</a:double></Value></Attribute><Attribute z:Id="i166"><AttributeType>rpy</AttributeType><IsRequired>true</IsRequired><Value i:type="a:ArrayOfdouble" xmlns:a="http://schemas.microsoft.com/2003/10/Serialization/Arrays"><a:double>0</a:double><a:double>0</a:double><a:double>0</a:double></Value></Attribute></Attributes><ChildElements/><ElementName>origin</ElementName><required>false</required><RPYAttribute z:Ref="i166"/><XYZAttribute z:Ref="i165"/><isCustomized>false</isCustomized></URDFElement><URDFElement z:Id="i167" i:type="Geometry"><Attributes/><ChildElements><URDFElement z:Id="i168" i:type="Mesh"><Attributes><Attribute z:Id="i169"><AttributeType>filename</AttributeType><IsRequired>true</IsRequired><Value i:nil="true"/></Attribute></Attributes><ChildElements/><ElementName>mesh</ElementName><required>false</required><FilenameAttribute z:Ref="i169"/></URDFElement></ChildElements><ElementName>geometry</ElementName><required>true</required><Mesh z:Ref="i168"/></URDFElement></ChildElements><ElementName>collision</ElementName><required>false</required><Geometry z:Ref="i167"/><Origin z:Ref="i164"/></URDFElement><URDFElement z:Id="i170" i:type="Joint"><Attributes><Attribute z:Id="i171"><AttributeType>name</AttributeType><IsRequired>true</IsRequired><Value i:type="a:string" xmlns:a="http://www.w3.org/2001/XMLSchema">imu</Value></Attribute><Attribute z:Id="i172"><AttributeType>type</AttributeType><IsRequired>true</IsRequired><Value i:type="a:string" xmlns:a="http://www.w3.org/2001/XMLSchema">fixed</Value></Attribute></Attributes><ChildElements><URDFElement z:Id="i173" i:type="Origin"><Attributes><Attribute z:Id="i174"><AttributeType>xyz</AttributeType><IsRequired>true</IsRequired><Value i:type="a:ArrayOfdouble" xmlns:a="http://schemas.microsoft.com/2003/10/Serialization/Arrays"><a:double>0.12642893305504876</a:double><a:double>-0.10052307723426915</a:double><a:double>0.0330200000034927</a:double></Value></Attribute><Attribute z:Id="i175"><AttributeType>rpy</AttributeType><IsRequired>true</IsRequired><Value i:type="a:ArrayOfdouble" xmlns:a="http://schemas.microsoft.com/2003/10/Serialization/Arrays"><a:double>0</a:double><a:double>0</a:double><a:double>0</a:double></Value></Attribute></Attributes><ChildElements/><ElementName>origin</ElementName><required>false</required><RPYAttribute z:Ref="i175"/><XYZAttribute z:Ref="i174"/><isCustomized>false</isCustomized></URDFElement><URDFElement z:Id="i176" i:type="ParentLink"><Attributes><Attribute z:Id="i177"><AttributeType>link</AttributeType><IsRequired>true</IsRequired><Value i:type="a:string" xmlns:a="http://www.w3.org/2001/XMLSchema">base_link</Value></Attribute></Attributes><ChildElements/><ElementName>parent</ElementName><required>true</required><NameAttribute z:Ref="i177"/></URDFElement><URDFElement z:Id="i178" i:type="ChildLink"><Attributes><Attribute z:Id="i179"><AttributeType>link</AttributeType><IsRequired>true</IsRequired><Value i:type="a:string" xmlns:a="http://www.w3.org/2001/XMLSchema">imu_link</Value></Attribute></Attributes><ChildElements/><ElementName>child</ElementName><required>true</required><NameAttribute z:Ref="i179"/></URDFElement><URDFElement z:Id="i180" i:type="Axis"><Attributes><Attribute z:Id="i181"><AttributeType>xyz</AttributeType><IsRequired>true</IsRequired><Value i:type="a:ArrayOfdouble" xmlns:a="http://schemas.microsoft.com/2003/10/Serialization/Arrays"><a:double>0</a:double><a:double>0</a:double><a:double>0</a:double></Value></Attribute></Attributes><ChildElements/><ElementName>axis</ElementName><required>false</required><XYZAttribute z:Ref="i181"/></URDFElement><URDFElement z:Id="i182" i:type="Limit"><Attributes><Attribute z:Id="i183"><AttributeType>lower</AttributeType><IsRequired>false</IsRequired><Value i:nil="true"/></Attribute><Attribute z:Id="i184"><AttributeType>upper</AttributeType><IsRequired>false</IsRequired><Value i:nil="true"/></Attribute><Attribute z:Id="i185"><AttributeType>effort</AttributeType><IsRequired>true</IsRequired><Value i:nil="true"/></Attribute><Attribute z:Id="i186"><AttributeType>velocity</AttributeType><IsRequired>true</IsRequired><Value i:nil="true"/></Attribute></Attributes><ChildElements/><ElementName>limit</ElementName><required>false</required><EffortAttribute z:Ref="i185"/><LowerAttribute z:Ref="i183"/><UpperAttribute z:Ref="i184"/><VelocityAttribute z:Ref="i186"/></URDFElement><URDFElement z:Id="i187" i:type="Calibration"><Attributes><Attribute z:Id="i188"><AttributeType>rising</AttributeType><IsRequired>false</IsRequired><Value i:nil="true"/></Attribute><Attribute z:Id="i189"><AttributeType>falling</AttributeType><IsRequired>false</IsRequired><Value i:nil="true"/></Attribute></Attributes><ChildElements/><ElementName>calibration</ElementName><required>false</required><FallingAttribute z:Ref="i189"/><RisingAttribute z:Ref="i188"/></URDFElement><URDFElement z:Id="i190" i:type="Dynamics"><Attributes><Attribute z:Id="i191"><AttributeType>damping</AttributeType><IsRequired>false</IsRequired><Value i:nil="true"/></Attribute><Attribute z:Id="i192"><AttributeType>friction</AttributeType><IsRequired>false</IsRequired><Value i:nil="true"/></Attribute></Attributes><ChildElements/><ElementName>dynamics</ElementName><required>false</required><DampingAttribute z:Ref="i191"/><FrictionAttribute z:Ref="i192"/></URDFElement><URDFElement z:Id="i193" i:type="SafetyController"><Attributes><Attribute z:Id="i194"><AttributeType>soft_upper_limit</AttributeType><IsRequired>false</IsRequired><Value i:nil="true"/></Attribute><Attribute z:Id="i195"><AttributeType>soft_lower_limit</AttributeType><IsRequired>false</IsRequired><Value i:nil="true"/></Attribute><Attribute z:Id="i196"><AttributeType>k_position</AttributeType><IsRequired>false</IsRequired><Value i:nil="true"/></Attribute><Attribute z:Id="i197"><AttributeType>k_velocity</AttributeType><IsRequired>true</IsRequired><Value i:nil="true"/></Attribute></Attributes><ChildElements/><ElementName>safety_controller</ElementName><required>false</required><KPositionAttribute z:Ref="i196"/><KVelocityAttribute z:Ref="i197"/><SoftLowerAttribute z:Ref="i195"/><SoftUpperAttribute z:Ref="i194"/></URDFElement><URDFElement z:Id="i198" i:type="Mimic"><Attributes><Attribute z:Id="i199"><AttributeType>joint</AttributeType><IsRequired>true</IsRequired><Value i:nil="true"/></Attribute><Attribute z:Id="i200"><AttributeType>multiplier</AttributeType><IsRequired>false</IsRequired><Value i:nil="true"/></Attribute><Attribute z:Id="i201"><AttributeType>offset</AttributeType><IsRequired>false</IsRequired><Value i:nil="true"/></Attribute></Attributes><ChildElements/><ElementName>mimic</ElementName><required>false</required><JointNameAttribute z:Ref="i199"/><MultiplierAttribute z:Ref="i200"/><OffsetAttribute z:Ref="i201"/></URDFElement></ChildElements><ElementName>joint</ElementName><required>false</required><Axis z:Ref="i180"/><AxisName>Axis_imu</AxisName><Calibration z:Ref="i187"/><Child z:Ref="i178"/><CoordinateSystemName>Coordinate System3</CoordinateSystemName><Dynamics z:Ref="i190"/><Limit z:Ref="i182"/><Mimic z:Ref="i198"/><NameAttribute z:Ref="i171"/><Origin z:Ref="i173"/><Parent z:Ref="i176"/><Safety z:Ref="i193"/><TypeAttribute z:Ref="i172"/></URDFElement></ChildElements><ElementName>link</ElementName><required>true</required><Children/><Collision z:Ref="i163"/><Inertial z:Ref="i137"/><Joint z:Ref="i170"/><NameAttribute z:Ref="i136"/><Parent z:Ref="i1"/><STLQualityFine>false</STLQualityFine><SWComponentPIDs xmlns:a="http://schemas.microsoft.com/2003/10/Serialization/Arrays"><a:base64Binary>aEIAAAUAAAD//v8eTQBQAFUANgAwADUAMAAtADEAQAByAG8AYgBvAFYAMwAoAHUAcgBkAGYAXwBjAGgAYQBuAGcAZQBkACkABAAAABAAAAABAAAAAQAAAPYEAAA=</a:base64Binary></SWComponentPIDs><SWMainComponentPID i:nil="true"/><Visual z:Ref="i150"/><isFixedFrame>false</isFixedFrame><isIncomplete>false</isIncomplete></Link><Link z:Id="i202"><Attributes><Attribute z:Id="i203"><AttributeType>name</AttributeType><IsRequired>true</IsRequired><Value i:type="a:string" xmlns:a="http://www.w3.org/2001/XMLSchema">right_wheel_link</Value></Attribute></Attributes><ChildElements><URDFElement z:Id="i204" i:type="Inertial"><Attributes/><ChildElements><URDFElement z:Id="i205" i:type="Origin"><Attributes><Attribute z:Id="i206"><AttributeType>xyz</AttributeType><IsRequired>true</IsRequired><Value i:type="a:ArrayOfdouble" xmlns:a="http://schemas.microsoft.com/2003/10/Serialization/Arrays"><a:double>0.00024358782977840221</a:double><a:double>-0.029500099045564304</a:double><a:double>8.011608043645424E-11</a:double></Value></Attribute><Attribute z:Id="i207"><AttributeType>rpy</AttributeType><IsRequired>true</IsRequired><Value i:type="a:ArrayOfdouble" xmlns:a="http://schemas.microsoft.com/2003/10/Serialization/Arrays"><a:double>0</a:double><a:double>0</a:double><a:double>0</a:double></Value></Attribute></Attributes><ChildElements/><ElementName>origin</ElementName><required>false</required><RPYAttribute z:Ref="i207"/><XYZAttribute z:Ref="i206"/><isCustomized>false</isCustomized></URDFElement><URDFElement z:Id="i208" i:type="Mass"><Attributes><Attribute z:Id="i209"><AttributeType>value</AttributeType><IsRequired>true</IsRequired><Value i:type="a:double" xmlns:a="http://www.w3.org/2001/XMLSchema">0.98170665090244014</Value></Attribute></Attributes><ChildElements/><ElementName>mass</ElementName><required>false</required><ValueAttribute z:Ref="i209"/></URDFElement><URDFElement z:Id="i210" i:type="Inertia"><Attributes><Attribute z:Id="i211"><AttributeType>ixx</AttributeType><IsRequired>true</IsRequired><Value i:type="a:double" xmlns:a="http://www.w3.org/2001/XMLSchema">0.0016529885173842311</Value></Attribute><Attribute z:Id="i212"><AttributeType>ixy</AttributeType><IsRequired>true</IsRequired><Value i:type="a:double" xmlns:a="http://www.w3.org/2001/XMLSchema">-1.0124915182156959E-05</Value></Attribute><Attribute z:Id="i213"><AttributeType>ixz</AttributeType><IsRequired>true</IsRequired><Value i:type="a:double" xmlns:a="http://www.w3.org/2001/XMLSchema">1.3027076084653395E-08</Value></Attribute><Attribute z:Id="i214"><AttributeType>iyy</AttributeType><IsRequired>true</IsRequired><Value i:type="a:double" xmlns:a="http://www.w3.org/2001/XMLSchema">0.0028786195096230549</Value></Attribute><Attribute z:Id="i215"><AttributeType>iyz</AttributeType><IsRequired>true</IsRequired><Value i:type="a:double" xmlns:a="http://www.w3.org/2001/XMLSchema">5.3288362587958524E-10</Value></Attribute><Attribute z:Id="i216"><AttributeType>izz</AttributeType><IsRequired>true</IsRequired><Value i:type="a:double" xmlns:a="http://www.w3.org/2001/XMLSchema">0.00165292257365774</Value></Attribute></Attributes><ChildElements/><ElementName>inertia</ElementName><required>false</required><IxxAttribute z:Ref="i211"/><IxyAttribute z:Ref="i212"/><IxzAttribute z:Ref="i213"/><IyyAttribute z:Ref="i214"/><IyzAttribute z:Ref="i215"/><IzzAttribute z:Ref="i216"/></URDFElement></ChildElements><ElementName>inertial</ElementName><required>false</required><Inertia z:Ref="i210"/><Mass z:Ref="i208"/><Origin z:Ref="i205"/></URDFElement><URDFElement z:Id="i217" i:type="Visual"><Attributes/><ChildElements><URDFElement z:Id="i218" i:type="Origin"><Attributes><Attribute z:Id="i219"><AttributeType>xyz</AttributeType><IsRequired>true</IsRequired><Value i:type="a:ArrayOfdouble" xmlns:a="http://schemas.microsoft.com/2003/10/Serialization/Arrays"><a:double>0</a:double><a:double>0</a:double><a:double>0</a:double></Value></Attribute><Attribute z:Id="i220"><AttributeType>rpy</AttributeType><IsRequired>true</IsRequired><Value i:type="a:ArrayOfdouble" xmlns:a="http://schemas.microsoft.com/2003/10/Serialization/Arrays"><a:double>0</a:double><a:double>0</a:double><a:double>0</a:double></Value></Attribute></Attributes><ChildElements/><ElementName>origin</ElementName><required>false</required><RPYAttribute z:Ref="i220"/><XYZAttribute z:Ref="i219"/><isCustomized>false</isCustomized></URDFElement><URDFElement z:Id="i221" i:type="Geometry"><Attributes/><ChildElements><URDFElement z:Id="i222" i:type="Mesh"><Attributes><Attribute z:Id="i223"><AttributeType>filename</AttributeType><IsRequired>true</IsRequired><Value i:nil="true"/></Attribute></Attributes><ChildElements/><ElementName>mesh</ElementName><required>false</required><FilenameAttribute z:Ref="i223"/></URDFElement></ChildElements><ElementName>geometry</ElementName><required>true</required><Mesh z:Ref="i222"/></URDFElement><URDFElement z:Id="i224" i:type="Material"><Attributes><Attribute z:Id="i225"><AttributeType>name</AttributeType><IsRequired>true</IsRequired><Value i:type="a:string" xmlns:a="http://www.w3.org/2001/XMLSchema"/></Attribute></Attributes><ChildElements><URDFElement z:Id="i226" i:type="Color"><Attributes><Attribute z:Id="i227"><AttributeType>rgba</AttributeType><IsRequired>true</IsRequired><Value i:type="a:ArrayOfdouble" xmlns:a="http://schemas.microsoft.com/2003/10/Serialization/Arrays"><a:double>0.2</a:double><a:double>0.2</a:double><a:double>0.2</a:double><a:double>1</a:double></Value></Attribute></Attributes><ChildElements/><ElementName>color</ElementName><required>false</required><RGBAAttribute z:Ref="i227"/></URDFElement><URDFElement z:Id="i228" i:type="Texture"><Attributes><Attribute z:Id="i229"><AttributeType>filename</AttributeType><IsRequired>true</IsRequired><Value i:nil="true"/></Attribute></Attributes><ChildElements/><ElementName>texture</ElementName><required>false</required><FilenameAttribute z:Ref="i229"/><wFilename/></URDFElement></ChildElements><ElementName>material</ElementName><required>false</required><Color z:Ref="i226"/><NameAttribute z:Ref="i225"/><Texture z:Ref="i228"/></URDFElement></ChildElements><ElementName>visual</ElementName><required>false</required><Geometry z:Ref="i221"/><Material z:Ref="i224"/><Origin z:Ref="i218"/></URDFElement><URDFElement z:Id="i230" i:type="Collision"><Attributes/><ChildElements><URDFElement z:Id="i231" i:type="Origin"><Attributes><Attribute z:Id="i232"><AttributeType>xyz</AttributeType><IsRequired>true</IsRequired><Value i:type="a:ArrayOfdouble" xmlns:a="http://schemas.microsoft.com/2003/10/Serialization/Arrays"><a:double>0</a:double><a:double>0</a:double><a:double>0</a:double></Value></Attribute><Attribute z:Id="i233"><AttributeType>rpy</AttributeType><IsRequired>true</IsRequired><Value i:type="a:ArrayOfdouble" xmlns:a="http://schemas.microsoft.com/2003/10/Serialization/Arrays"><a:double>0</a:double><a:double>0</a:double><a:double>0</a:double></Value></Attribute></Attributes><ChildElements/><ElementName>origin</ElementName><required>false</required><RPYAttribute z:Ref="i233"/><XYZAttribute z:Ref="i232"/><isCustomized>false</isCustomized></URDFElement><URDFElement z:Id="i234" i:type="Geometry"><Attributes/><ChildElements><URDFElement z:Id="i235" i:type="Mesh"><Attributes><Attribute z:Id="i236"><AttributeType>filename</AttributeType><IsRequired>true</IsRequired><Value i:nil="true"/></Attribute></Attributes><ChildElements/><ElementName>mesh</ElementName><required>false</required><FilenameAttribute z:Ref="i236"/></URDFElement></ChildElements><ElementName>geometry</ElementName><required>true</required><Mesh z:Ref="i235"/></URDFElement></ChildElements><ElementName>collision</ElementName><required>false</required><Geometry z:Ref="i234"/><Origin z:Ref="i231"/></URDFElement><URDFElement z:Id="i237" i:type="Joint"><Attributes><Attribute z:Id="i238"><AttributeType>name</AttributeType><IsRequired>true</IsRequired><Value i:type="a:string" xmlns:a="http://www.w3.org/2001/XMLSchema">right_wheel</Value></Attribute><Attribute z:Id="i239"><AttributeType>type</AttributeType><IsRequired>true</IsRequired><Value i:type="a:string" xmlns:a="http://www.w3.org/2001/XMLSchema">continuous</Value></Attribute></Attributes><ChildElements><URDFElement z:Id="i240" i:type="Origin"><Attributes><Attribute z:Id="i241"><AttributeType>xyz</AttributeType><IsRequired>true</IsRequired><Value i:type="a:ArrayOfdouble" xmlns:a="http://schemas.microsoft.com/2003/10/Serialization/Arrays"><a:double>0.0015756</a:double><a:double>-0.17502</a:double><a:double>0.015</a:double></Value></Attribute><Attribute z:Id="i242"><AttributeType>rpy</AttributeType><IsRequired>true</IsRequired><Value i:type="a:ArrayOfdouble" xmlns:a="http://schemas.microsoft.com/2003/10/Serialization/Arrays"><a:double>0</a:double><a:double>0</a:double><a:double>0</a:double></Value></Attribute></Attributes><ChildElements/><ElementName>origin</ElementName><required>false</required><RPYAttribute z:Ref="i242"/><XYZAttribute z:Ref="i241"/><isCustomized>false</isCustomized></URDFElement><URDFElement z:Id="i243" i:type="ParentLink"><Attributes><Attribute z:Id="i244"><AttributeType>link</AttributeType><IsRequired>true</IsRequired><Value i:type="a:string" xmlns:a="http://www.w3.org/2001/XMLSchema">base_link</Value></Attribute></Attributes><ChildElements/><ElementName>parent</ElementName><required>true</required><NameAttribute z:Ref="i244"/></URDFElement><URDFElement z:Id="i245" i:type="ChildLink"><Attributes><Attribute z:Id="i246"><AttributeType>link</AttributeType><IsRequired>true</IsRequired><Value i:type="a:string" xmlns:a="http://www.w3.org/2001/XMLSchema">right_wheel_link</Value></Attribute></Attributes><ChildElements/><ElementName>child</ElementName><required>true</required><NameAttribute z:Ref="i246"/></URDFElement><URDFElement z:Id="i247" i:type="Axis"><Attributes><Attribute z:Id="i248"><AttributeType>xyz</AttributeType><IsRequired>true</IsRequired><Value i:type="a:ArrayOfdouble" xmlns:a="http://schemas.microsoft.com/2003/10/Serialization/Arrays"><a:double>0</a:double><a:double>1</a:double><a:double>0</a:double></Value></Attribute></Attributes><ChildElements/><ElementName>axis</ElementName><required>false</required><XYZAttribute z:Ref="i248"/></URDFElement><URDFElement z:Id="i249" i:type="Limit"><Attributes><Attribute z:Id="i250"><AttributeType>lower</AttributeType><IsRequired>false</IsRequired><Value i:nil="true"/></Attribute><Attribute z:Id="i251"><AttributeType>upper</AttributeType><IsRequired>false</IsRequired><Value i:nil="true"/></Attribute><Attribute z:Id="i252"><AttributeType>effort</AttributeType><IsRequired>true</IsRequired><Value i:nil="true"/></Attribute><Attribute z:Id="i253"><AttributeType>velocity</AttributeType><IsRequired>true</IsRequired><Value i:nil="true"/></Attribute></Attributes><ChildElements/><ElementName>limit</ElementName><required>false</required><EffortAttribute z:Ref="i252"/><LowerAttribute z:Ref="i250"/><UpperAttribute z:Ref="i251"/><VelocityAttribute z:Ref="i253"/></URDFElement><URDFElement z:Id="i254" i:type="Calibration"><Attributes><Attribute z:Id="i255"><AttributeType>rising</AttributeType><IsRequired>false</IsRequired><Value i:nil="true"/></Attribute><Attribute z:Id="i256"><AttributeType>falling</AttributeType><IsRequired>false</IsRequired><Value i:nil="true"/></Attribute></Attributes><ChildElements/><ElementName>calibration</ElementName><required>false</required><FallingAttribute z:Ref="i256"/><RisingAttribute z:Ref="i255"/></URDFElement><URDFElement z:Id="i257" i:type="Dynamics"><Attributes><Attribute z:Id="i258"><AttributeType>damping</AttributeType><IsRequired>false</IsRequired><Value i:nil="true"/></Attribute><Attribute z:Id="i259"><AttributeType>friction</AttributeType><IsRequired>false</IsRequired><Value i:nil="true"/></Attribute></Attributes><ChildElements/><ElementName>dynamics</ElementName><required>false</required><DampingAttribute z:Ref="i258"/><FrictionAttribute z:Ref="i259"/></URDFElement><URDFElement z:Id="i260" i:type="SafetyController"><Attributes><Attribute z:Id="i261"><AttributeType>soft_upper_limit</AttributeType><IsRequired>false</IsRequired><Value i:nil="true"/></Attribute><Attribute z:Id="i262"><AttributeType>soft_lower_limit</AttributeType><IsRequired>false</IsRequired><Value i:nil="true"/></Attribute><Attribute z:Id="i263"><AttributeType>k_position</AttributeType><IsRequired>false</IsRequired><Value i:nil="true"/></Attribute><Attribute z:Id="i264"><AttributeType>k_velocity</AttributeType><IsRequired>true</IsRequired><Value i:nil="true"/></Attribute></Attributes><ChildElements/><ElementName>safety_controller</ElementName><required>false</required><KPositionAttribute z:Ref="i263"/><KVelocityAttribute z:Ref="i264"/><SoftLowerAttribute z:Ref="i262"/><SoftUpperAttribute z:Ref="i261"/></URDFElement><URDFElement z:Id="i265" i:type="Mimic"><Attributes><Attribute z:Id="i266"><AttributeType>joint</AttributeType><IsRequired>true</IsRequired><Value i:nil="true"/></Attribute><Attribute z:Id="i267"><AttributeType>multiplier</AttributeType><IsRequired>false</IsRequired><Value i:nil="true"/></Attribute><Attribute z:Id="i268"><AttributeType>offset</AttributeType><IsRequired>false</IsRequired><Value i:nil="true"/></Attribute></Attributes><ChildElements/><ElementName>mimic</ElementName><required>false</required><JointNameAttribute z:Ref="i266"/><MultiplierAttribute z:Ref="i267"/><OffsetAttribute z:Ref="i268"/></URDFElement></ChildElements><ElementName>joint</ElementName><required>false</required><Axis z:Ref="i247"/><AxisName>Axis2</AxisName><Calibration z:Ref="i254"/><Child z:Ref="i245"/><CoordinateSystemName>Coordinate System6</CoordinateSystemName><Dynamics z:Ref="i257"/><Limit z:Ref="i249"/><Mimic z:Ref="i265"/><NameAttribute z:Ref="i238"/><Origin z:Ref="i240"/><Parent z:Ref="i243"/><Safety z:Ref="i260"/><TypeAttribute z:Ref="i239"/></URDFElement></ChildElements><ElementName>link</ElementName><required>true</required><Children/><Collision z:Ref="i230"/><Inertial z:Ref="i204"/><Joint z:Ref="i237"/><NameAttribute z:Ref="i203"/><Parent z:Ref="i1"/><STLQualityFine>false</STLQualityFine><SWComponentPIDs xmlns:a="http://schemas.microsoft.com/2003/10/Serialization/Arrays"><a:base64Binary>aEIAAAUAAAD//v8gbQBvAHQAbwByAGUAZABpAHQALQA0AEAAcgBvAGIAbwBWADMAKAB1AHIAZABmAF8AYwBoAGEAbgBnAGUAZAApAAQAAAAQAAAAAQAAAAEAAADOBQAA</a:base64Binary></SWComponentPIDs><SWMainComponentPID i:nil="true"/><Visual z:Ref="i217"/><isFixedFrame>false</isFixedFrame><isIncomplete>false</isIncomplete></Link><Link z:Id="i269"><Attributes><Attribute z:Id="i270"><AttributeType>name</AttributeType><IsRequired>true</IsRequired><Value i:type="a:string" xmlns:a="http://www.w3.org/2001/XMLSchema">left_wheel_link</Value></Attribute></Attributes><ChildElements><URDFElement z:Id="i271" i:type="Inertial"><Attributes/><ChildElements><URDFElement z:Id="i272" i:type="Origin"><Attributes><Attribute z:Id="i273"><AttributeType>xyz</AttributeType><IsRequired>true</IsRequired><Value i:type="a:ArrayOfdouble" xmlns:a="http://schemas.microsoft.com/2003/10/Serialization/Arrays"><a:double>-0.00024358782977862425</a:double><a:double>0.029500099045563832</a:double><a:double>8.0114970213429615E-11</a:double></Value></Attribute><Attribute z:Id="i274"><AttributeType>rpy</AttributeType><IsRequired>true</IsRequired><Value i:type="a:ArrayOfdouble" xmlns:a="http://schemas.microsoft.com/2003/10/Serialization/Arrays"><a:double>0</a:double><a:double>0</a:double><a:double>0</a:double></Value></Attribute></Attributes><ChildElements/><ElementName>origin</ElementName><required>false</required><RPYAttribute z:Ref="i274"/><XYZAttribute z:Ref="i273"/><isCustomized>false</isCustomized></URDFElement><URDFElement z:Id="i275" i:type="Mass"><Attributes><Attribute z:Id="i276"><AttributeType>value</AttributeType><IsRequired>true</IsRequired><Value i:type="a:double" xmlns:a="http://www.w3.org/2001/XMLSchema">0.98170665090244325</Value></Attribute></Attributes><ChildElements/><ElementName>mass</ElementName><required>false</required><ValueAttribute z:Ref="i276"/></URDFElement><URDFElement z:Id="i277" i:type="Inertia"><Attributes><Attribute z:Id="i278"><AttributeType>ixx</AttributeType><IsRequired>true</IsRequired><Value i:type="a:double" xmlns:a="http://www.w3.org/2001/XMLSchema">0.0016529912083484673</Value></Attribute><Attribute z:Id="i279"><AttributeType>ixy</AttributeType><IsRequired>true</IsRequired><Value i:type="a:double" xmlns:a="http://www.w3.org/2001/XMLSchema">-1.01249109871006E-05</Value></Attribute><Attribute z:Id="i280"><AttributeType>ixz</AttributeType><IsRequired>true</IsRequired><Value i:type="a:double" xmlns:a="http://www.w3.org/2001/XMLSchema">-1.4498411509309047E-08</Value></Attribute><Attribute z:Id="i281"><AttributeType>iyy</AttributeType><IsRequired>true</IsRequired><Value i:type="a:double" xmlns:a="http://www.w3.org/2001/XMLSchema">0.0028786195090139259</Value></Attribute><Attribute z:Id="i282"><AttributeType>iyz</AttributeType><IsRequired>true</IsRequired><Value i:type="a:double" xmlns:a="http://www.w3.org/2001/XMLSchema">7.2500421719434482E-11</Value></Attribute><Attribute z:Id="i283"><AttributeType>izz</AttributeType><IsRequired>true</IsRequired><Value i:type="a:double" xmlns:a="http://www.w3.org/2001/XMLSchema">0.0016529198823447622</Value></Attribute></Attributes><ChildElements/><ElementName>inertia</ElementName><required>false</required><IxxAttribute z:Ref="i278"/><IxyAttribute z:Ref="i279"/><IxzAttribute z:Ref="i280"/><IyyAttribute z:Ref="i281"/><IyzAttribute z:Ref="i282"/><IzzAttribute z:Ref="i283"/></URDFElement></ChildElements><ElementName>inertial</ElementName><required>false</required><Inertia z:Ref="i277"/><Mass z:Ref="i275"/><Origin z:Ref="i272"/></URDFElement><URDFElement z:Id="i284" i:type="Visual"><Attributes/><ChildElements><URDFElement z:Id="i285" i:type="Origin"><Attributes><Attribute z:Id="i286"><AttributeType>xyz</AttributeType><IsRequired>true</IsRequired><Value i:type="a:ArrayOfdouble" xmlns:a="http://schemas.microsoft.com/2003/10/Serialization/Arrays"><a:double>0</a:double><a:double>0</a:double><a:double>0</a:double></Value></Attribute><Attribute z:Id="i287"><AttributeType>rpy</AttributeType><IsRequired>true</IsRequired><Value i:type="a:ArrayOfdouble" xmlns:a="http://schemas.microsoft.com/2003/10/Serialization/Arrays"><a:double>0</a:double><a:double>0</a:double><a:double>0</a:double></Value></Attribute></Attributes><ChildElements/><ElementName>origin</ElementName><required>false</required><RPYAttribute z:Ref="i287"/><XYZAttribute z:Ref="i286"/><isCustomized>false</isCustomized></URDFElement><URDFElement z:Id="i288" i:type="Geometry"><Attributes/><ChildElements><URDFElement z:Id="i289" i:type="Mesh"><Attributes><Attribute z:Id="i290"><AttributeType>filename</AttributeType><IsRequired>true</IsRequired><Value i:nil="true"/></Attribute></Attributes><ChildElements/><ElementName>mesh</ElementName><required>false</required><FilenameAttribute z:Ref="i290"/></URDFElement></ChildElements><ElementName>geometry</ElementName><required>true</required><Mesh z:Ref="i289"/></URDFElement><URDFElement z:Id="i291" i:type="Material"><Attributes><Attribute z:Id="i292"><AttributeType>name</AttributeType><IsRequired>true</IsRequired><Value i:type="a:string" xmlns:a="http://www.w3.org/2001/XMLSchema"/></Attribute></Attributes><ChildElements><URDFElement z:Id="i293" i:type="Color"><Attributes><Attribute z:Id="i294"><AttributeType>rgba</AttributeType><IsRequired>true</IsRequired><Value i:type="a:ArrayOfdouble" xmlns:a="http://schemas.microsoft.com/2003/10/Serialization/Arrays"><a:double>0.2</a:double><a:double>0.2</a:double><a:double>0.2</a:double><a:double>1</a:double></Value></Attribute></Attributes><ChildElements/><ElementName>color</ElementName><required>false</required><RGBAAttribute z:Ref="i294"/></URDFElement><URDFElement z:Id="i295" i:type="Texture"><Attributes><Attribute z:Id="i296"><AttributeType>filename</AttributeType><IsRequired>true</IsRequired><Value i:nil="true"/></Attribute></Attributes><ChildElements/><ElementName>texture</ElementName><required>false</required><FilenameAttribute z:Ref="i296"/><wFilename/></URDFElement></ChildElements><ElementName>material</ElementName><required>false</required><Color z:Ref="i293"/><NameAttribute z:Ref="i292"/><Texture z:Ref="i295"/></URDFElement></ChildElements><ElementName>visual</ElementName><required>false</required><Geometry z:Ref="i288"/><Material z:Ref="i291"/><Origin z:Ref="i285"/></URDFElement><URDFElement z:Id="i297" i:type="Collision"><Attributes/><ChildElements><URDFElement z:Id="i298" i:type="Origin"><Attributes><Attribute z:Id="i299"><AttributeType>xyz</AttributeType><IsRequired>true</IsRequired><Value i:type="a:ArrayOfdouble" xmlns:a="http://schemas.microsoft.com/2003/10/Serialization/Arrays"><a:double>0</a:double><a:double>0</a:double><a:double>0</a:double></Value></Attribute><Attribute z:Id="i300"><AttributeType>rpy</AttributeType><IsRequired>true</IsRequired><Value i:type="a:ArrayOfdouble" xmlns:a="http://schemas.microsoft.com/2003/10/Serialization/Arrays"><a:double>0</a:double><a:double>0</a:double><a:double>0</a:double></Value></Attribute></Attributes><ChildElements/><ElementName>origin</ElementName><required>false</required><RPYAttribute z:Ref="i300"/><XYZAttribute z:Ref="i299"/><isCustomized>false</isCustomized></URDFElement><URDFElement z:Id="i301" i:type="Geometry"><Attributes/><ChildElements><URDFElement z:Id="i302" i:type="Mesh"><Attributes><Attribute z:Id="i303"><AttributeType>filename</AttributeType><IsRequired>true</IsRequired><Value i:nil="true"/></Attribute></Attributes><ChildElements/><ElementName>mesh</ElementName><required>false</required><FilenameAttribute z:Ref="i303"/></URDFElement></ChildElements><ElementName>geometry</ElementName><required>true</required><Mesh z:Ref="i302"/></URDFElement></ChildElements><ElementName>collision</ElementName><required>false</required><Geometry z:Ref="i301"/><Origin z:Ref="i298"/></URDFElement><URDFElement z:Id="i304" i:type="Joint"><Attributes><Attribute z:Id="i305"><AttributeType>name</AttributeType><IsRequired>true</IsRequired><Value i:type="a:string" xmlns:a="http://www.w3.org/2001/XMLSchema">left_wheel</Value></Attribute><Attribute z:Id="i306"><AttributeType>type</AttributeType><IsRequired>true</IsRequired><Value i:type="a:string" xmlns:a="http://www.w3.org/2001/XMLSchema">continuous</Value></Attribute></Attributes><ChildElements><URDFElement z:Id="i307" i:type="Origin"><Attributes><Attribute z:Id="i308"><AttributeType>xyz</AttributeType><IsRequired>true</IsRequired><Value i:type="a:ArrayOfdouble" xmlns:a="http://schemas.microsoft.com/2003/10/Serialization/Arrays"><a:double>-0.0013143</a:double><a:double>0.17497</a:double><a:double>0.015</a:double></Value></Attribute><Attribute z:Id="i309"><AttributeType>rpy</AttributeType><IsRequired>true</IsRequired><Value i:type="a:ArrayOfdouble" xmlns:a="http://schemas.microsoft.com/2003/10/Serialization/Arrays"><a:double>0</a:double><a:double>0</a:double><a:double>0</a:double></Value></Attribute></Attributes><ChildElements/><ElementName>origin</ElementName><required>false</required><RPYAttribute z:Ref="i309"/><XYZAttribute z:Ref="i308"/><isCustomized>false</isCustomized></URDFElement><URDFElement z:Id="i310" i:type="ParentLink"><Attributes><Attribute z:Id="i311"><AttributeType>link</AttributeType><IsRequired>true</IsRequired><Value i:type="a:string" xmlns:a="http://www.w3.org/2001/XMLSchema">base_link</Value></Attribute></Attributes><ChildElements/><ElementName>parent</ElementName><required>true</required><NameAttribute z:Ref="i311"/></URDFElement><URDFElement z:Id="i312" i:type="ChildLink"><Attributes><Attribute z:Id="i313"><AttributeType>link</AttributeType><IsRequired>true</IsRequired><Value i:type="a:string" xmlns:a="http://www.w3.org/2001/XMLSchema">left_wheel_link</Value></Attribute></Attributes><ChildElements/><ElementName>child</ElementName><required>true</required><NameAttribute z:Ref="i313"/></URDFElement><URDFElement z:Id="i314" i:type="Axis"><Attributes><Attribute z:Id="i315"><AttributeType>xyz</AttributeType><IsRequired>true</IsRequired><Value i:type="a:ArrayOfdouble" xmlns:a="http://schemas.microsoft.com/2003/10/Serialization/Arrays"><a:double>0</a:double><a:double>1</a:double><a:double>0</a:double></Value></Attribute></Attributes><ChildElements/><ElementName>axis</ElementName><required>false</required><XYZAttribute z:Ref="i315"/></URDFElement><URDFElement z:Id="i316" i:type="Limit"><Attributes><Attribute z:Id="i317"><AttributeType>lower</AttributeType><IsRequired>false</IsRequired><Value i:nil="true"/></Attribute><Attribute z:Id="i318"><AttributeType>upper</AttributeType><IsRequired>false</IsRequired><Value i:nil="true"/></Attribute><Attribute z:Id="i319"><AttributeType>effort</AttributeType><IsRequired>true</IsRequired><Value i:nil="true"/></Attribute><Attribute z:Id="i320"><AttributeType>velocity</AttributeType><IsRequired>true</IsRequired><Value i:nil="true"/></Attribute></Attributes><ChildElements/><ElementName>limit</ElementName><required>false</required><EffortAttribute z:Ref="i319"/><LowerAttribute z:Ref="i317"/><UpperAttribute z:Ref="i318"/><VelocityAttribute z:Ref="i320"/></URDFElement><URDFElement z:Id="i321" i:type="Calibration"><Attributes><Attribute z:Id="i322"><AttributeType>rising</AttributeType><IsRequired>false</IsRequired><Value i:nil="true"/></Attribute><Attribute z:Id="i323"><AttributeType>falling</AttributeType><IsRequired>false</IsRequired><Value i:nil="true"/></Attribute></Attributes><ChildElements/><ElementName>calibration</ElementName><required>false</required><FallingAttribute z:Ref="i323"/><RisingAttribute z:Ref="i322"/></URDFElement><URDFElement z:Id="i324" i:type="Dynamics"><Attributes><Attribute z:Id="i325"><AttributeType>damping</AttributeType><IsRequired>false</IsRequired><Value i:nil="true"/></Attribute><Attribute z:Id="i326"><AttributeType>friction</AttributeType><IsRequired>false</IsRequired><Value i:nil="true"/></Attribute></Attributes><ChildElements/><ElementName>dynamics</ElementName><required>false</required><DampingAttribute z:Ref="i325"/><FrictionAttribute z:Ref="i326"/></URDFElement><URDFElement z:Id="i327" i:type="SafetyController"><Attributes><Attribute z:Id="i328"><AttributeType>soft_upper_limit</AttributeType><IsRequired>false</IsRequired><Value i:nil="true"/></Attribute><Attribute z:Id="i329"><AttributeType>soft_lower_limit</AttributeType><IsRequired>false</IsRequired><Value i:nil="true"/></Attribute><Attribute z:Id="i330"><AttributeType>k_position</AttributeType><IsRequired>false</IsRequired><Value i:nil="true"/></Attribute><Attribute z:Id="i331"><AttributeType>k_velocity</AttributeType><IsRequired>true</IsRequired><Value i:nil="true"/></Attribute></Attributes><ChildElements/><ElementName>safety_controller</ElementName><required>false</required><KPositionAttribute z:Ref="i330"/><KVelocityAttribute z:Ref="i331"/><SoftLowerAttribute z:Ref="i329"/><SoftUpperAttribute z:Ref="i328"/></URDFElement><URDFElement z:Id="i332" i:type="Mimic"><Attributes><Attribute z:Id="i333"><AttributeType>joint</AttributeType><IsRequired>true</IsRequired><Value i:nil="true"/></Attribute><Attribute z:Id="i334"><AttributeType>multiplier</AttributeType><IsRequired>false</IsRequired><Value i:nil="true"/></Attribute><Attribute z:Id="i335"><AttributeType>offset</AttributeType><IsRequired>false</IsRequired><Value i:nil="true"/></Attribute></Attributes><ChildElements/><ElementName>mimic</ElementName><required>false</required><JointNameAttribute z:Ref="i333"/><MultiplierAttribute z:Ref="i334"/><OffsetAttribute z:Ref="i335"/></URDFElement></ChildElements><ElementName>joint</ElementName><required>false</required><Axis z:Ref="i314"/><AxisName>Axis3</AxisName><Calibration z:Ref="i321"/><Child z:Ref="i312"/><CoordinateSystemName>Coordinate System7</CoordinateSystemName><Dynamics z:Ref="i324"/><Limit z:Ref="i316"/><Mimic z:Ref="i332"/><NameAttribute z:Ref="i305"/><Origin z:Ref="i307"/><Parent z:Ref="i310"/><Safety z:Ref="i327"/><TypeAttribute z:Ref="i306"/></URDFElement></ChildElements><ElementName>link</ElementName><required>true</required><Children/><Collision z:Ref="i297"/><Inertial z:Ref="i271"/><Joint z:Ref="i304"/><NameAttribute z:Ref="i270"/><Parent z:Ref="i1"/><STLQualityFine>false</STLQualityFine><SWComponentPIDs xmlns:a="http://schemas.microsoft.com/2003/10/Serialization/Arrays"><a:base64Binary>aEIAAAUAAAD//v8gbQBvAHQAbwByAGUAZABpAHQALQAzAEAAcgBvAGIAbwBWADMAKAB1AHIAZABmAF8AYwBoAGEAbgBnAGUAZAApAAQAAAAQAAAAAQAAAAEAAADKAgAA</a:base64Binary></SWComponentPIDs><SWMainComponentPID i:nil="true"/><Visual z:Ref="i284"/><isFixedFrame>false</isFixedFrame><isIncomplete>false</isIncomplete></Link><Link z:Id="i336"><Attributes><Attribute z:Id="i337"><AttributeType>name</AttributeType><IsRequired>true</IsRequired><Value i:type="a:string" xmlns:a="http://www.w3.org/2001/XMLSchema">camera_link</Value></Attribute></Attributes><ChildElements><URDFElement z:Id="i338" i:type="Inertial"><Attributes/><ChildElements><URDFElement z:Id="i339" i:type="Origin"><Attributes><Attribute z:Id="i340"><AttributeType>xyz</AttributeType><IsRequired>true</IsRequired><Value i:type="a:ArrayOfdouble" xmlns:a="http://schemas.microsoft.com/2003/10/Serialization/Arrays"><a:double>-0.028697404385694125</a:double><a:double>-0.0031532314154305019</a:double><a:double>-0.0069642717036182411</a:double></Value></Attribute><Attribute z:Id="i341"><AttributeType>rpy</AttributeType><IsRequired>true</IsRequired><Value i:type="a:ArrayOfdouble" xmlns:a="http://schemas.microsoft.com/2003/10/Serialization/Arrays"><a:double>0</a:double><a:double>0</a:double><a:double>0</a:double></Value></Attribute></Attributes><ChildElements/><ElementName>origin</ElementName><required>false</required><RPYAttribute z:Ref="i341"/><XYZAttribute z:Ref="i340"/><isCustomized>false</isCustomized></URDFElement><URDFElement z:Id="i342" i:type="Mass"><Attributes><Attribute z:Id="i343"><AttributeType>value</AttributeType><IsRequired>true</IsRequired><Value i:type="a:double" xmlns:a="http://www.w3.org/2001/XMLSchema">0.64645488472217061</Value></Attribute></Attributes><ChildElements/><ElementName>mass</ElementName><required>false</required><ValueAttribute z:Ref="i343"/></URDFElement><URDFElement z:Id="i344" i:type="Inertia"><Attributes><Attribute z:Id="i345"><AttributeType>ixx</AttributeType><IsRequired>true</IsRequired><Value i:type="a:double" xmlns:a="http://www.w3.org/2001/XMLSchema">0.0028423827313704009</Value></Attribute><Attribute z:Id="i346"><AttributeType>ixy</AttributeType><IsRequired>true</IsRequired><Value i:type="a:double" xmlns:a="http://www.w3.org/2001/XMLSchema">1.8727304572263638E-05</Value></Attribute><Attribute z:Id="i347"><AttributeType>ixz</AttributeType><IsRequired>true</IsRequired><Value i:type="a:double" xmlns:a="http://www.w3.org/2001/XMLSchema">1.4807509093609173E-07</Value></Attribute><Attribute z:Id="i348"><AttributeType>iyy</AttributeType><IsRequired>true</IsRequired><Value i:type="a:double" xmlns:a="http://www.w3.org/2001/XMLSchema">0.00026375863424418571</Value></Attribute><Attribute z:Id="i349"><AttributeType>iyz</AttributeType><IsRequired>true</IsRequired><Value i:type="a:double" xmlns:a="http://www.w3.org/2001/XMLSchema">-3.33736128214421E-08</Value></Attribute><Attribute z:Id="i350"><AttributeType>izz</AttributeType><IsRequired>true</IsRequired><Value i:type="a:double" xmlns:a="http://www.w3.org/2001/XMLSchema">0.0029627405896730757</Value></Attribute></Attributes><ChildElements/><ElementName>inertia</ElementName><required>false</required><IxxAttribute z:Ref="i345"/><IxyAttribute z:Ref="i346"/><IxzAttribute z:Ref="i347"/><IyyAttribute z:Ref="i348"/><IyzAttribute z:Ref="i349"/><IzzAttribute z:Ref="i350"/></URDFElement></ChildElements><ElementName>inertial</ElementName><required>false</required><Inertia z:Ref="i344"/><Mass z:Ref="i342"/><Origin z:Ref="i339"/></URDFElement><URDFElement z:Id="i351" i:type="Visual"><Attributes/><ChildElements><URDFElement z:Id="i352" i:type="Origin"><Attributes><Attribute z:Id="i353"><AttributeType>xyz</AttributeType><IsRequired>true</IsRequired><Value i:type="a:ArrayOfdouble" xmlns:a="http://schemas.microsoft.com/2003/10/Serialization/Arrays"><a:double>0</a:double><a:double>0</a:double><a:double>0</a:double></Value></Attribute><Attribute z:Id="i354"><AttributeType>rpy</AttributeType><IsRequired>true</IsRequired><Value i:type="a:ArrayOfdouble" xmlns:a="http://schemas.microsoft.com/2003/10/Serialization/Arrays"><a:double>0</a:double><a:double>0</a:double><a:double>0</a:double></Value></Attribute></Attributes><ChildElements/><ElementName>origin</ElementName><required>false</required><RPYAttribute z:Ref="i354"/><XYZAttribute z:Ref="i353"/><isCustomized>false</isCustomized></URDFElement><URDFElement z:Id="i355" i:type="Geometry"><Attributes/><ChildElements><URDFElement z:Id="i356" i:type="Mesh"><Attributes><Attribute z:Id="i357"><AttributeType>filename</AttributeType><IsRequired>true</IsRequired><Value i:nil="true"/></Attribute></Attributes><ChildElements/><ElementName>mesh</ElementName><required>false</required><FilenameAttribute z:Ref="i357"/></URDFElement></ChildElements><ElementName>geometry</ElementName><required>true</required><Mesh z:Ref="i356"/></URDFElement><URDFElement z:Id="i358" i:type="Material"><Attributes><Attribute z:Id="i359"><AttributeType>name</AttributeType><IsRequired>true</IsRequired><Value i:type="a:string" xmlns:a="http://www.w3.org/2001/XMLSchema"/></Attribute></Attributes><ChildElements><URDFElement z:Id="i360" i:type="Color"><Attributes><Attribute z:Id="i361"><AttributeType>rgba</AttributeType><IsRequired>true</IsRequired><Value i:type="a:ArrayOfdouble" xmlns:a="http://schemas.microsoft.com/2003/10/Serialization/Arrays"><a:double>0.75294117647058822</a:double><a:double>0.75294117647058822</a:double><a:double>0.75294117647058822</a:double><a:double>1</a:double></Value></Attribute></Attributes><ChildElements/><ElementName>color</ElementName><required>false</required><RGBAAttribute z:Ref="i361"/></URDFElement><URDFElement z:Id="i362" i:type="Texture"><Attributes><Attribute z:Id="i363"><AttributeType>filename</AttributeType><IsRequired>true</IsRequired><Value i:nil="true"/></Attribute></Attributes><ChildElements/><ElementName>texture</ElementName><required>false</required><FilenameAttribute z:Ref="i363"/><wFilename/></URDFElement></ChildElements><ElementName>material</ElementName><required>false</required><Color z:Ref="i360"/><NameAttribute z:Ref="i359"/><Texture z:Ref="i362"/></URDFElement></ChildElements><ElementName>visual</ElementName><required>false</required><Geometry z:Ref="i355"/><Material z:Ref="i358"/><Origin z:Ref="i352"/></URDFElement><URDFElement z:Id="i364" i:type="Collision"><Attributes/><ChildElements><URDFElement z:Id="i365" i:type="Origin"><Attributes><Attribute z:Id="i366"><AttributeType>xyz</AttributeType><IsRequired>true</IsRequired><Value i:type="a:ArrayOfdouble" xmlns:a="http://schemas.microsoft.com/2003/10/Serialization/Arrays"><a:double>0</a:double><a:double>0</a:double><a:double>0</a:double></Value></Attribute><Attribute z:Id="i367"><AttributeType>rpy</AttributeType><IsRequired>true</IsRequired><Value i:type="a:ArrayOfdouble" xmlns:a="http://schemas.microsoft.com/2003/10/Serialization/Arrays"><a:double>0</a:double><a:double>0</a:double><a:double>0</a:double></Value></Attribute></Attributes><ChildElements/><ElementName>origin</ElementName><required>false</required><RPYAttribute z:Ref="i367"/><XYZAttribute z:Ref="i366"/><isCustomized>false</isCustomized></URDFElement><URDFElement z:Id="i368" i:type="Geometry"><Attributes/><ChildElements><URDFElement z:Id="i369" i:type="Mesh"><Attributes><Attribute z:Id="i370"><AttributeType>filename</AttributeType><IsRequired>true</IsRequired><Value i:nil="true"/></Attribute></Attributes><ChildElements/><ElementName>mesh</ElementName><required>false</required><FilenameAttribute z:Ref="i370"/></URDFElement></ChildElements><ElementName>geometry</ElementName><required>true</required><Mesh z:Ref="i369"/></URDFElement></ChildElements><ElementName>collision</ElementName><required>false</required><Geometry z:Ref="i368"/><Origin z:Ref="i365"/></URDFElement><URDFElement z:Id="i371" i:type="Joint"><Attributes><Attribute z:Id="i372"><AttributeType>name</AttributeType><IsRequired>true</IsRequired><Value i:type="a:string" xmlns:a="http://www.w3.org/2001/XMLSchema">cam</Value></Attribute><Attribute z:Id="i373"><AttributeType>type</AttributeType><IsRequired>true</IsRequired><Value i:type="a:string" xmlns:a="http://www.w3.org/2001/XMLSchema">fixed</Value></Attribute></Attributes><ChildElements><URDFElement z:Id="i374" i:type="Origin"><Attributes><Attribute z:Id="i375"><AttributeType>xyz</AttributeType><IsRequired>true</IsRequired><Value i:type="a:ArrayOfdouble" xmlns:a="http://schemas.microsoft.com/2003/10/Serialization/Arrays"><a:double>0.26495227055491077</a:double><a:double>0.0053582123173611662</a:double><a:double>0.28442516461510226</a:double></Value></Attribute><Attribute z:Id="i376"><AttributeType>rpy</AttributeType><IsRequired>true</IsRequired><Value i:type="a:ArrayOfdouble" xmlns:a="http://schemas.microsoft.com/2003/10/Serialization/Arrays"><a:double>0</a:double><a:double>0</a:double><a:double>0</a:double></Value></Attribute></Attributes><ChildElements/><ElementName>origin</ElementName><required>false</required><RPYAttribute z:Ref="i376"/><XYZAttribute z:Ref="i375"/><isCustomized>false</isCustomized></URDFElement><URDFElement z:Id="i377" i:type="ParentLink"><Attributes><Attribute z:Id="i378"><AttributeType>link</AttributeType><IsRequired>true</IsRequired><Value i:type="a:string" xmlns:a="http://www.w3.org/2001/XMLSchema">base_link</Value></Attribute></Attributes><ChildElements/><ElementName>parent</ElementName><required>true</required><NameAttribute z:Ref="i378"/></URDFElement><URDFElement z:Id="i379" i:type="ChildLink"><Attributes><Attribute z:Id="i380"><AttributeType>link</AttributeType><IsRequired>true</IsRequired><Value i:type="a:string" xmlns:a="http://www.w3.org/2001/XMLSchema">camera_link</Value></Attribute></Attributes><ChildElements/><ElementName>child</ElementName><required>true</required><NameAttribute z:Ref="i380"/></URDFElement><URDFElement z:Id="i381" i:type="Axis"><Attributes><Attribute z:Id="i382"><AttributeType>xyz</AttributeType><IsRequired>true</IsRequired><Value i:type="a:ArrayOfdouble" xmlns:a="http://schemas.microsoft.com/2003/10/Serialization/Arrays"><a:double>0</a:double><a:double>0</a:double><a:double>0</a:double></Value></Attribute></Attributes><ChildElements/><ElementName>axis</ElementName><required>false</required><XYZAttribute z:Ref="i382"/></URDFElement><URDFElement z:Id="i383" i:type="Limit"><Attributes><Attribute z:Id="i384"><AttributeType>lower</AttributeType><IsRequired>false</IsRequired><Value i:nil="true"/></Attribute><Attribute z:Id="i385"><AttributeType>upper</AttributeType><IsRequired>false</IsRequired><Value i:nil="true"/></Attribute><Attribute z:Id="i386"><AttributeType>effort</AttributeType><IsRequired>true</IsRequired><Value i:nil="true"/></Attribute><Attribute z:Id="i387"><AttributeType>velocity</AttributeType><IsRequired>true</IsRequired><Value i:nil="true"/></Attribute></Attributes><ChildElements/><ElementName>limit</ElementName><required>false</required><EffortAttribute z:Ref="i386"/><LowerAttribute z:Ref="i384"/><UpperAttribute z:Ref="i385"/><VelocityAttribute z:Ref="i387"/></URDFElement><URDFElement z:Id="i388" i:type="Calibration"><Attributes><Attribute z:Id="i389"><AttributeType>rising</AttributeType><IsRequired>false</IsRequired><Value i:nil="true"/></Attribute><Attribute z:Id="i390"><AttributeType>falling</AttributeType><IsRequired>false</IsRequired><Value i:nil="true"/></Attribute></Attributes><ChildElements/><ElementName>calibration</ElementName><required>false</required><FallingAttribute z:Ref="i390"/><RisingAttribute z:Ref="i389"/></URDFElement><URDFElement z:Id="i391" i:type="Dynamics"><Attributes><Attribute z:Id="i392"><AttributeType>damping</AttributeType><IsRequired>false</IsRequired><Value i:nil="true"/></Attribute><Attribute z:Id="i393"><AttributeType>friction</AttributeType><IsRequired>false</IsRequired><Value i:nil="true"/></Attribute></Attributes><ChildElements/><ElementName>dynamics</ElementName><required>false</required><DampingAttribute z:Ref="i392"/><FrictionAttribute z:Ref="i393"/></URDFElement><URDFElement z:Id="i394" i:type="SafetyController"><Attributes><Attribute z:Id="i395"><AttributeType>soft_upper_limit</AttributeType><IsRequired>false</IsRequired><Value i:nil="true"/></Attribute><Attribute z:Id="i396"><AttributeType>soft_lower_limit</AttributeType><IsRequired>false</IsRequired><Value i:nil="true"/></Attribute><Attribute z:Id="i397"><AttributeType>k_position</AttributeType><IsRequired>false</IsRequired><Value i:nil="true"/></Attribute><Attribute z:Id="i398"><AttributeType>k_velocity</AttributeType><IsRequired>true</IsRequired><Value i:nil="true"/></Attribute></Attributes><ChildElements/><ElementName>safety_controller</ElementName><required>false</required><KPositionAttribute z:Ref="i397"/><KVelocityAttribute z:Ref="i398"/><SoftLowerAttribute z:Ref="i396"/><SoftUpperAttribute z:Ref="i395"/></URDFElement><URDFElement z:Id="i399" i:type="Mimic"><Attributes><Attribute z:Id="i400"><AttributeType>joint</AttributeType><IsRequired>true</IsRequired><Value i:nil="true"/></Attribute><Attribute z:Id="i401"><AttributeType>multiplier</AttributeType><IsRequired>false</IsRequired><Value i:nil="true"/></Attribute><Attribute z:Id="i402"><AttributeType>offset</AttributeType><IsRequired>false</IsRequired><Value i:nil="true"/></Attribute></Attributes><ChildElements/><ElementName>mimic</ElementName><required>false</required><JointNameAttribute z:Ref="i400"/><MultiplierAttribute z:Ref="i401"/><OffsetAttribute z:Ref="i402"/></URDFElement></ChildElements><ElementName>joint</ElementName><required>false</required><Axis z:Ref="i381"/><AxisName>Axis_cam</AxisName><Calibration z:Ref="i388"/><Child z:Ref="i379"/><CoordinateSystemName>Coordinate System8</CoordinateSystemName><Dynamics z:Ref="i391"/><Limit z:Ref="i383"/><Mimic z:Ref="i399"/><NameAttribute z:Ref="i372"/><Origin z:Ref="i374"/><Parent z:Ref="i377"/><Safety z:Ref="i394"/><TypeAttribute z:Ref="i373"/></URDFElement></ChildElements><ElementName>link</ElementName><required>true</required><Children/><Collision z:Ref="i364"/><Inertial z:Ref="i338"/><Joint z:Ref="i371"/><NameAttribute z:Ref="i337"/><Parent z:Ref="i1"/><STLQualityFine>false</STLQualityFine><SWComponentPIDs xmlns:a="http://schemas.microsoft.com/2003/10/Serialization/Arrays"><a:base64Binary>aEIAAAUAAAD//v8jZgBpAG4AYQBsACAAawBpAG4AZQBjAHQALQAxAEAAcgBvAGIAbwBWADMAKAB1AHIAZABmAF8AYwBoAGEAbgBnAGUAZAApAAQAAAAQAAAAAQAAAAEAAADeBwAA</a:base64Binary></SWComponentPIDs><SWMainComponentPID i:nil="true"/><Visual z:Ref="i351"/><isFixedFrame>false</isFixedFrame><isIncomplete>false</isIncomplete></Link><Link z:Id="i403"><Attributes><Attribute z:Id="i404"><AttributeType>name</AttributeType><IsRequired>true</IsRequired><Value i:type="a:string" xmlns:a="http://www.w3.org/2001/XMLSchema">caster1_link</Value></Attribute></Attributes><ChildElements><URDFElement z:Id="i405" i:type="Inertial"><Attributes/><ChildElements><URDFElement z:Id="i406" i:type="Origin"><Attributes><Attribute z:Id="i407"><AttributeType>xyz</AttributeType><IsRequired>true</IsRequired><Value i:type="a:ArrayOfdouble" xmlns:a="http://schemas.microsoft.com/2003/10/Serialization/Arrays"><a:double>0.00015055187281476368</a:double><a:double>-0.0069989954944306709</a:double><a:double>0.018499767463471872</a:double></Value></Attribute><Attribute z:Id="i408"><AttributeType>rpy</AttributeType><IsRequired>true</IsRequired><Value i:type="a:ArrayOfdouble" xmlns:a="http://schemas.microsoft.com/2003/10/Serialization/Arrays"><a:double>0</a:double><a:double>0</a:double><a:double>0</a:double></Value></Attribute></Attributes><ChildElements/><ElementName>origin</ElementName><required>false</required><RPYAttribute z:Ref="i408"/><XYZAttribute z:Ref="i407"/><isCustomized>false</isCustomized></URDFElement><URDFElement z:Id="i409" i:type="Mass"><Attributes><Attribute z:Id="i410"><AttributeType>value</AttributeType><IsRequired>true</IsRequired><Value i:type="a:double" xmlns:a="http://www.w3.org/2001/XMLSchema">0.014877012011074475</Value></Attribute></Attributes><ChildElements/><ElementName>mass</ElementName><required>false</required><ValueAttribute z:Ref="i410"/></URDFElement><URDFElement z:Id="i411" i:type="Inertia"><Attributes><Attribute z:Id="i412"><AttributeType>ixx</AttributeType><IsRequired>true</IsRequired><Value i:type="a:double" xmlns:a="http://www.w3.org/2001/XMLSchema">1.5308537792914318E-06</Value></Attribute><Attribute z:Id="i413"><AttributeType>ixy</AttributeType><IsRequired>true</IsRequired><Value i:type="a:double" xmlns:a="http://www.w3.org/2001/XMLSchema">-8.6265278990257E-09</Value></Attribute><Attribute z:Id="i414"><AttributeType>ixz</AttributeType><IsRequired>true</IsRequired><Value i:type="a:double" xmlns:a="http://www.w3.org/2001/XMLSchema">4.0141615024824793E-22</Value></Attribute><Attribute z:Id="i415"><AttributeType>iyy</AttributeType><IsRequired>true</IsRequired><Value i:type="a:double" xmlns:a="http://www.w3.org/2001/XMLSchema">2.5755114735153528E-06</Value></Attribute><Attribute z:Id="i416"><AttributeType>iyz</AttributeType><IsRequired>true</IsRequired><Value i:type="a:double" xmlns:a="http://www.w3.org/2001/XMLSchema">-3.0087009999890176E-21</Value></Attribute><Attribute z:Id="i417"><AttributeType>izz</AttributeType><IsRequired>true</IsRequired><Value i:type="a:double" xmlns:a="http://www.w3.org/2001/XMLSchema">1.5307825483895168E-06</Value></Attribute></Attributes><ChildElements/><ElementName>inertia</ElementName><required>false</required><IxxAttribute z:Ref="i412"/><IxyAttribute z:Ref="i413"/><IxzAttribute z:Ref="i414"/><IyyAttribute z:Ref="i415"/><IyzAttribute z:Ref="i416"/><IzzAttribute z:Ref="i417"/></URDFElement></ChildElements><ElementName>inertial</ElementName><required>false</required><Inertia z:Ref="i411"/><Mass z:Ref="i409"/><Origin z:Ref="i406"/></URDFElement><URDFElement z:Id="i418" i:type="Visual"><Attributes/><ChildElements><URDFElement z:Id="i419" i:type="Origin"><Attributes><Attribute z:Id="i420"><AttributeType>xyz</AttributeType><IsRequired>true</IsRequired><Value i:type="a:ArrayOfdouble" xmlns:a="http://schemas.microsoft.com/2003/10/Serialization/Arrays"><a:double>0</a:double><a:double>0</a:double><a:double>0</a:double></Value></Attribute><Attribute z:Id="i421"><AttributeType>rpy</AttributeType><IsRequired>true</IsRequired><Value i:type="a:ArrayOfdouble" xmlns:a="http://schemas.microsoft.com/2003/10/Serialization/Arrays"><a:double>0</a:double><a:double>0</a:double><a:double>0</a:double></Value></Attribute></Attributes><ChildElements/><ElementName>origin</ElementName><required>false</required><RPYAttribute z:Ref="i421"/><XYZAttribute z:Ref="i420"/><isCustomized>false</isCustomized></URDFElement><URDFElement z:Id="i422" i:type="Geometry"><Attributes/><ChildElements><URDFElement z:Id="i423" i:type="Mesh"><Attributes><Attribute z:Id="i424"><AttributeType>filename</AttributeType><IsRequired>true</IsRequired><Value i:nil="true"/></Attribute></Attributes><ChildElements/><ElementName>mesh</ElementName><required>false</required><FilenameAttribute z:Ref="i424"/></URDFElement></ChildElements><ElementName>geometry</ElementName><required>true</required><Mesh z:Ref="i423"/></URDFElement><URDFElement z:Id="i425" i:type="Material"><Attributes><Attribute z:Id="i426"><AttributeType>name</AttributeType><IsRequired>true</IsRequired><Value i:type="a:string" xmlns:a="http://www.w3.org/2001/XMLSchema"/></Attribute></Attributes><ChildElements><URDFElement z:Id="i427" i:type="Color"><Attributes><Attribute z:Id="i428"><AttributeType>rgba</AttributeType><IsRequired>true</IsRequired><Value i:type="a:ArrayOfdouble" xmlns:a="http://schemas.microsoft.com/2003/10/Serialization/Arrays"><a:double>0.792156862745098</a:double><a:double>0.81960784313725488</a:double><a:double>0.93333333333333335</a:double><a:double>1</a:double></Value></Attribute></Attributes><ChildElements/><ElementName>color</ElementName><required>false</required><RGBAAttribute z:Ref="i428"/></URDFElement><URDFElement z:Id="i429" i:type="Texture"><Attributes><Attribute z:Id="i430"><AttributeType>filename</AttributeType><IsRequired>true</IsRequired><Value i:nil="true"/></Attribute></Attributes><ChildElements/><ElementName>texture</ElementName><required>false</required><FilenameAttribute z:Ref="i430"/><wFilename/></URDFElement></ChildElements><ElementName>material</ElementName><required>false</required><Color z:Ref="i427"/><NameAttribute z:Ref="i426"/><Texture z:Ref="i429"/></URDFElement></ChildElements><ElementName>visual</ElementName><required>false</required><Geometry z:Ref="i422"/><Material z:Ref="i425"/><Origin z:Ref="i419"/></URDFElement><URDFElement z:Id="i431" i:type="Collision"><Attributes/><ChildElements><URDFElement z:Id="i432" i:type="Origin"><Attributes><Attribute z:Id="i433"><AttributeType>xyz</AttributeType><IsRequired>true</IsRequired><Value i:type="a:ArrayOfdouble" xmlns:a="http://schemas.microsoft.com/2003/10/Serialization/Arrays"><a:double>0</a:double><a:double>0</a:double><a:double>0</a:double></Value></Attribute><Attribute z:Id="i434"><AttributeType>rpy</AttributeType><IsRequired>true</IsRequired><Value i:type="a:ArrayOfdouble" xmlns:a="http://schemas.microsoft.com/2003/10/Serialization/Arrays"><a:double>0</a:double><a:double>0</a:double><a:double>0</a:double></Value></Attribute></Attributes><ChildElements/><ElementName>origin</ElementName><required>false</required><RPYAttribute z:Ref="i434"/><XYZAttribute z:Ref="i433"/><isCustomized>false</isCustomized></URDFElement><URDFElement z:Id="i435" i:type="Geometry"><Attributes/><ChildElements><URDFElement z:Id="i436" i:type="Mesh"><Attributes><Attribute z:Id="i437"><AttributeType>filename</AttributeType><IsRequired>true</IsRequired><Value i:nil="true"/></Attribute></Attributes><ChildElements/><ElementName>mesh</ElementName><required>false</required><FilenameAttribute z:Ref="i437"/></URDFElement></ChildElements><ElementName>geometry</ElementName><required>true</required><Mesh z:Ref="i436"/></URDFElement></ChildElements><ElementName>collision</ElementName><required>false</required><Geometry z:Ref="i435"/><Origin z:Ref="i432"/></URDFElement><URDFElement z:Id="i438" i:type="Joint"><Attributes><Attribute z:Id="i439"><AttributeType>name</AttributeType><IsRequired>true</IsRequired><Value i:type="a:string" xmlns:a="http://www.w3.org/2001/XMLSchema">caster1</Value></Attribute><Attribute z:Id="i440"><AttributeType>type</AttributeType><IsRequired>true</IsRequired><Value i:type="a:string" xmlns:a="http://www.w3.org/2001/XMLSchema">fixed</Value></Attribute></Attributes><ChildElements><URDFElement z:Id="i441" i:type="Origin"><Attributes><Attribute z:Id="i442"><AttributeType>xyz</AttributeType><IsRequired>true</IsRequired><Value i:type="a:ArrayOfdouble" xmlns:a="http://schemas.microsoft.com/2003/10/Serialization/Arrays"><a:double>0.23025</a:double><a:double>-0.08</a:double><a:double>-0.06645</a:double></Value></Attribute><Attribute z:Id="i443"><AttributeType>rpy</AttributeType><IsRequired>true</IsRequired><Value i:type="a:ArrayOfdouble" xmlns:a="http://schemas.microsoft.com/2003/10/Serialization/Arrays"><a:double>0</a:double><a:double>0</a:double><a:double>0</a:double></Value></Attribute></Attributes><ChildElements/><ElementName>origin</ElementName><required>false</required><RPYAttribute z:Ref="i443"/><XYZAttribute z:Ref="i442"/><isCustomized>false</isCustomized></URDFElement><URDFElement z:Id="i444" i:type="ParentLink"><Attributes><Attribute z:Id="i445"><AttributeType>link</AttributeType><IsRequired>true</IsRequired><Value i:type="a:string" xmlns:a="http://www.w3.org/2001/XMLSchema">base_link</Value></Attribute></Attributes><ChildElements/><ElementName>parent</ElementName><required>true</required><NameAttribute z:Ref="i445"/></URDFElement><URDFElement z:Id="i446" i:type="ChildLink"><Attributes><Attribute z:Id="i447"><AttributeType>link</AttributeType><IsRequired>true</IsRequired><Value i:type="a:string" xmlns:a="http://www.w3.org/2001/XMLSchema">caster1_link</Value></Attribute></Attributes><ChildElements/><ElementName>child</ElementName><required>true</required><NameAttribute z:Ref="i447"/></URDFElement><URDFElement z:Id="i448" i:type="Axis"><Attributes><Attribute z:Id="i449"><AttributeType>xyz</AttributeType><IsRequired>true</IsRequired><Value i:type="a:ArrayOfdouble" xmlns:a="http://schemas.microsoft.com/2003/10/Serialization/Arrays"><a:double>0</a:double><a:double>0</a:double><a:double>0</a:double></Value></Attribute></Attributes><ChildElements/><ElementName>axis</ElementName><required>false</required><XYZAttribute z:Ref="i449"/></URDFElement><URDFElement z:Id="i450" i:type="Limit"><Attributes><Attribute z:Id="i451"><AttributeType>lower</AttributeType><IsRequired>false</IsRequired><Value i:nil="true"/></Attribute><Attribute z:Id="i452"><AttributeType>upper</AttributeType><IsRequired>false</IsRequired><Value i:nil="true"/></Attribute><Attribute z:Id="i453"><AttributeType>effort</AttributeType><IsRequired>true</IsRequired><Value i:nil="true"/></Attribute><Attribute z:Id="i454"><AttributeType>velocity</AttributeType><IsRequired>true</IsRequired><Value i:nil="true"/></Attribute></Attributes><ChildElements/><ElementName>limit</ElementName><required>false</required><EffortAttribute z:Ref="i453"/><LowerAttribute z:Ref="i451"/><UpperAttribute z:Ref="i452"/><VelocityAttribute z:Ref="i454"/></URDFElement><URDFElement z:Id="i455" i:type="Calibration"><Attributes><Attribute z:Id="i456"><AttributeType>rising</AttributeType><IsRequired>false</IsRequired><Value i:nil="true"/></Attribute><Attribute z:Id="i457"><AttributeType>falling</AttributeType><IsRequired>false</IsRequired><Value i:nil="true"/></Attribute></Attributes><ChildElements/><ElementName>calibration</ElementName><required>false</required><FallingAttribute z:Ref="i457"/><RisingAttribute z:Ref="i456"/></URDFElement><URDFElement z:Id="i458" i:type="Dynamics"><Attributes><Attribute z:Id="i459"><AttributeType>damping</AttributeType><IsRequired>false</IsRequired><Value i:nil="true"/></Attribute><Attribute z:Id="i460"><AttributeType>friction</AttributeType><IsRequired>false</IsRequired><Value i:nil="true"/></Attribute></Attributes><ChildElements/><ElementName>dynamics</ElementName><required>false</required><DampingAttribute z:Ref="i459"/><FrictionAttribute z:Ref="i460"/></URDFElement><URDFElement z:Id="i461" i:type="SafetyController"><Attributes><Attribute z:Id="i462"><AttributeType>soft_upper_limit</AttributeType><IsRequired>false</IsRequired><Value i:nil="true"/></Attribute><Attribute z:Id="i463"><AttributeType>soft_lower_limit</AttributeType><IsRequired>false</IsRequired><Value i:nil="true"/></Attribute><Attribute z:Id="i464"><AttributeType>k_position</AttributeType><IsRequired>false</IsRequired><Value i:nil="true"/></Attribute><Attribute z:Id="i465"><AttributeType>k_velocity</AttributeType><IsRequired>true</IsRequired><Value i:nil="true"/></Attribute></Attributes><ChildElements/><ElementName>safety_controller</ElementName><required>false</required><KPositionAttribute z:Ref="i464"/><KVelocityAttribute z:Ref="i465"/><SoftLowerAttribute z:Ref="i463"/><SoftUpperAttribute z:Ref="i462"/></URDFElement><URDFElement z:Id="i466" i:type="Mimic"><Attributes><Attribute z:Id="i467"><AttributeType>joint</AttributeType><IsRequired>true</IsRequired><Value i:nil="true"/></Attribute><Attribute z:Id="i468"><AttributeType>multiplier</AttributeType><IsRequired>false</IsRequired><Value i:nil="true"/></Attribute><Attribute z:Id="i469"><AttributeType>offset</AttributeType><IsRequired>false</IsRequired><Value i:nil="true"/></Attribute></Attributes><ChildElements/><ElementName>mimic</ElementName><required>false</required><JointNameAttribute z:Ref="i467"/><MultiplierAttribute z:Ref="i468"/><OffsetAttribute z:Ref="i469"/></URDFElement></ChildElements><ElementName>joint</ElementName><required>false</required><Axis z:Ref="i448"/><AxisName/><Calibration z:Ref="i455"/><Child z:Ref="i446"/><CoordinateSystemName>Coordinate System25</CoordinateSystemName><Dynamics z:Ref="i458"/><Limit z:Ref="i450"/><Mimic z:Ref="i466"/><NameAttribute z:Ref="i439"/><Origin z:Ref="i441"/><Parent z:Ref="i444"/><Safety z:Ref="i461"/><TypeAttribute z:Ref="i440"/></URDFElement></ChildElements><ElementName>link</ElementName><required>true</required><Children/><Collision z:Ref="i431"/><Inertial z:Ref="i405"/><Joint z:Ref="i438"/><NameAttribute z:Ref="i404"/><Parent z:Ref="i1"/><STLQualityFine>false</STLQualityFine><SWComponentPIDs xmlns:a="http://schemas.microsoft.com/2003/10/Serialization/Arrays"><a:base64Binary>aEIAAAUAAAD//v+GYwB1AG0AXwBkAGEAaAB1AG8AbgBnAF8AdAByAHUAbwBjAF8AcwBhAHUALQA1AEAAcgBvAGIAbwBWADMAKAB1AHIAZABmAF8AYwBoAGEAbgBnAGUAZAApAC8AcwB1AHMAcABlAG4AcwBpAG8AbgBfAHYAMgAtADEAQABjAHUAbQBfAGQAYQBoAHUAbwBuAGcAXwB0AHIAdQBvAGMAXwBzAGEAdQAvAGIAYQBuAGgAZABhAGgAdQBvAG4AZwAtADEAQABzAHUAcwBwAGUAbgBzAGkAbwBuAF8AdgAyAC8AYgBhAG4AaABfAGUAYQBzAHkALQAxAEAAYgBhAG4AaABkAGEAaAB1AG8AbgBnAAQAAAAQAAAAAQAAAAQAAAAZBgAAKwAAAHQAAABBAAAA</a:base64Binary></SWComponentPIDs><SWMainComponentPID i:nil="true"/><Visual z:Ref="i418"/><isFixedFrame>false</isFixedFrame><isIncomplete>false</isIncomplete></Link><Link z:Id="i470"><Attributes><Attribute z:Id="i471"><AttributeType>name</AttributeType><IsRequired>true</IsRequired><Value i:type="a:string" xmlns:a="http://www.w3.org/2001/XMLSchema">caster2_link</Value></Attribute></Attributes><ChildElements><URDFElement z:Id="i472" i:type="Inertial"><Attributes/><ChildElements><URDFElement z:Id="i473" i:type="Origin"><Attributes><Attribute z:Id="i474"><AttributeType>xyz</AttributeType><IsRequired>true</IsRequired><Value i:type="a:ArrayOfdouble" xmlns:a="http://schemas.microsoft.com/2003/10/Serialization/Arrays"><a:double>0.00015055187281465265</a:double><a:double>-0.0069989954944306709</a:double><a:double>0.018499767463471928</a:double></Value></Attribute><Attribute z:Id="i475"><AttributeType>rpy</AttributeType><IsRequired>true</IsRequired><Value i:type="a:ArrayOfdouble" xmlns:a="http://schemas.microsoft.com/2003/10/Serialization/Arrays"><a:double>0</a:double><a:double>0</a:double><a:double>0</a:double></Value></Attribute></Attributes><ChildElements/><ElementName>origin</ElementName><required>false</required><RPYAttribute z:Ref="i475"/><XYZAttribute z:Ref="i474"/><isCustomized>false</isCustomized></URDFElement><URDFElement z:Id="i476" i:type="Mass"><Attributes><Attribute z:Id="i477"><AttributeType>value</AttributeType><IsRequired>true</IsRequired><Value i:type="a:double" xmlns:a="http://www.w3.org/2001/XMLSchema">0.014877012011074477</Value></Attribute></Attributes><ChildElements/><ElementName>mass</ElementName><required>false</required><ValueAttribute z:Ref="i477"/></URDFElement><URDFElement z:Id="i478" i:type="Inertia"><Attributes><Attribute z:Id="i479"><AttributeType>ixx</AttributeType><IsRequired>true</IsRequired><Value i:type="a:double" xmlns:a="http://www.w3.org/2001/XMLSchema">1.5308537792914316E-06</Value></Attribute><Attribute z:Id="i480"><AttributeType>ixy</AttributeType><IsRequired>true</IsRequired><Value i:type="a:double" xmlns:a="http://www.w3.org/2001/XMLSchema">-8.6265278990256476E-09</Value></Attribute><Attribute z:Id="i481"><AttributeType>ixz</AttributeType><IsRequired>true</IsRequired><Value i:type="a:double" xmlns:a="http://www.w3.org/2001/XMLSchema">4.0141615024824797E-22</Value></Attribute><Attribute z:Id="i482"><AttributeType>iyy</AttributeType><IsRequired>true</IsRequired><Value i:type="a:double" xmlns:a="http://www.w3.org/2001/XMLSchema">2.5755114735153528E-06</Value></Attribute><Attribute z:Id="i483"><AttributeType>iyz</AttributeType><IsRequired>true</IsRequired><Value i:type="a:double" xmlns:a="http://www.w3.org/2001/XMLSchema">-3.0280357598949315E-21</Value></Attribute><Attribute z:Id="i484"><AttributeType>izz</AttributeType><IsRequired>true</IsRequired><Value i:type="a:double" xmlns:a="http://www.w3.org/2001/XMLSchema">1.530782548389517E-06</Value></Attribute></Attributes><ChildElements/><ElementName>inertia</ElementName><required>false</required><IxxAttribute z:Ref="i479"/><IxyAttribute z:Ref="i480"/><IxzAttribute z:Ref="i481"/><IyyAttribute z:Ref="i482"/><IyzAttribute z:Ref="i483"/><IzzAttribute z:Ref="i484"/></URDFElement></ChildElements><ElementName>inertial</ElementName><required>false</required><Inertia z:Ref="i478"/><Mass z:Ref="i476"/><Origin z:Ref="i473"/></URDFElement><URDFElement z:Id="i485" i:type="Visual"><Attributes/><ChildElements><URDFElement z:Id="i486" i:type="Origin"><Attributes><Attribute z:Id="i487"><AttributeType>xyz</AttributeType><IsRequired>true</IsRequired><Value i:type="a:ArrayOfdouble" xmlns:a="http://schemas.microsoft.com/2003/10/Serialization/Arrays"><a:double>0</a:double><a:double>0</a:double><a:double>0</a:double></Value></Attribute><Attribute z:Id="i488"><AttributeType>rpy</AttributeType><IsRequired>true</IsRequired><Value i:type="a:ArrayOfdouble" xmlns:a="http://schemas.microsoft.com/2003/10/Serialization/Arrays"><a:double>0</a:double><a:double>0</a:double><a:double>0</a:double></Value></Attribute></Attributes><ChildElements/><ElementName>origin</ElementName><required>false</required><RPYAttribute z:Ref="i488"/><XYZAttribute z:Ref="i487"/><isCustomized>false</isCustomized></URDFElement><URDFElement z:Id="i489" i:type="Geometry"><Attributes/><ChildElements><URDFElement z:Id="i490" i:type="Mesh"><Attributes><Attribute z:Id="i491"><AttributeType>filename</AttributeType><IsRequired>true</IsRequired><Value i:nil="true"/></Attribute></Attributes><ChildElements/><ElementName>mesh</ElementName><required>false</required><FilenameAttribute z:Ref="i491"/></URDFElement></ChildElements><ElementName>geometry</ElementName><required>true</required><Mesh z:Ref="i490"/></URDFElement><URDFElement z:Id="i492" i:type="Material"><Attributes><Attribute z:Id="i493"><AttributeType>name</AttributeType><IsRequired>true</IsRequired><Value i:type="a:string" xmlns:a="http://www.w3.org/2001/XMLSchema"/></Attribute></Attributes><ChildElements><URDFElement z:Id="i494" i:type="Color"><Attributes><Attribute z:Id="i495"><AttributeType>rgba</AttributeType><IsRequired>true</IsRequired><Value i:type="a:ArrayOfdouble" xmlns:a="http://schemas.microsoft.com/2003/10/Serialization/Arrays"><a:double>0.792156862745098</a:double><a:double>0.81960784313725488</a:double><a:double>0.93333333333333335</a:double><a:double>1</a:double></Value></Attribute></Attributes><ChildElements/><ElementName>color</ElementName><required>false</required><RGBAAttribute z:Ref="i495"/></URDFElement><URDFElement z:Id="i496" i:type="Texture"><Attributes><Attribute z:Id="i497"><AttributeType>filename</AttributeType><IsRequired>true</IsRequired><Value i:nil="true"/></Attribute></Attributes><ChildElements/><ElementName>texture</ElementName><required>false</required><FilenameAttribute z:Ref="i497"/><wFilename/></URDFElement></ChildElements><ElementName>material</ElementName><required>false</required><Color z:Ref="i494"/><NameAttribute z:Ref="i493"/><Texture z:Ref="i496"/></URDFElement></ChildElements><ElementName>visual</ElementName><required>false</required><Geometry z:Ref="i489"/><Material z:Ref="i492"/><Origin z:Ref="i486"/></URDFElement><URDFElement z:Id="i498" i:type="Collision"><Attributes/><ChildElements><URDFElement z:Id="i499" i:type="Origin"><Attributes><Attribute z:Id="i500"><AttributeType>xyz</AttributeType><IsRequired>true</IsRequired><Value i:type="a:ArrayOfdouble" xmlns:a="http://schemas.microsoft.com/2003/10/Serialization/Arrays"><a:double>0</a:double><a:double>0</a:double><a:double>0</a:double></Value></Attribute><Attribute z:Id="i501"><AttributeType>rpy</AttributeType><IsRequired>true</IsRequired><Value i:type="a:ArrayOfdouble" xmlns:a="http://schemas.microsoft.com/2003/10/Serialization/Arrays"><a:double>0</a:double><a:double>0</a:double><a:double>0</a:double></Value></Attribute></Attributes><ChildElements/><ElementName>origin</ElementName><required>false</required><RPYAttribute z:Ref="i501"/><XYZAttribute z:Ref="i500"/><isCustomized>false</isCustomized></URDFElement><URDFElement z:Id="i502" i:type="Geometry"><Attributes/><ChildElements><URDFElement z:Id="i503" i:type="Mesh"><Attributes><Attribute z:Id="i504"><AttributeType>filename</AttributeType><IsRequired>true</IsRequired><Value i:nil="true"/></Attribute></Attributes><ChildElements/><ElementName>mesh</ElementName><required>false</required><FilenameAttribute z:Ref="i504"/></URDFElement></ChildElements><ElementName>geometry</ElementName><required>true</required><Mesh z:Ref="i503"/></URDFElement></ChildElements><ElementName>collision</ElementName><required>false</required><Geometry z:Ref="i502"/><Origin z:Ref="i499"/></URDFElement><URDFElement z:Id="i505" i:type="Joint"><Attributes><Attribute z:Id="i506"><AttributeType>name</AttributeType><IsRequired>true</IsRequired><Value i:type="a:string" xmlns:a="http://www.w3.org/2001/XMLSchema">caster2</Value></Attribute><Attribute z:Id="i507"><AttributeType>type</AttributeType><IsRequired>true</IsRequired><Value i:type="a:string" xmlns:a="http://www.w3.org/2001/XMLSchema">fixed</Value></Attribute></Attributes><ChildElements><URDFElement z:Id="i508" i:type="Origin"><Attributes><Attribute z:Id="i509"><AttributeType>xyz</AttributeType><IsRequired>true</IsRequired><Value i:type="a:ArrayOfdouble" xmlns:a="http://schemas.microsoft.com/2003/10/Serialization/Arrays"><a:double>0.22881</a:double><a:double>0.093995</a:double><a:double>-0.06645</a:double></Value></Attribute><Attribute z:Id="i510"><AttributeType>rpy</AttributeType><IsRequired>true</IsRequired><Value i:type="a:ArrayOfdouble" xmlns:a="http://schemas.microsoft.com/2003/10/Serialization/Arrays"><a:double>0</a:double><a:double>0</a:double><a:double>0</a:double></Value></Attribute></Attributes><ChildElements/><ElementName>origin</ElementName><required>false</required><RPYAttribute z:Ref="i510"/><XYZAttribute z:Ref="i509"/><isCustomized>false</isCustomized></URDFElement><URDFElement z:Id="i511" i:type="ParentLink"><Attributes><Attribute z:Id="i512"><AttributeType>link</AttributeType><IsRequired>true</IsRequired><Value i:type="a:string" xmlns:a="http://www.w3.org/2001/XMLSchema">base_link</Value></Attribute></Attributes><ChildElements/><ElementName>parent</ElementName><required>true</required><NameAttribute z:Ref="i512"/></URDFElement><URDFElement z:Id="i513" i:type="ChildLink"><Attributes><Attribute z:Id="i514"><AttributeType>link</AttributeType><IsRequired>true</IsRequired><Value i:type="a:string" xmlns:a="http://www.w3.org/2001/XMLSchema">caster2_link</Value></Attribute></Attributes><ChildElements/><ElementName>child</ElementName><required>true</required><NameAttribute z:Ref="i514"/></URDFElement><URDFElement z:Id="i515" i:type="Axis"><Attributes><Attribute z:Id="i516"><AttributeType>xyz</AttributeType><IsRequired>true</IsRequired><Value i:type="a:ArrayOfdouble" xmlns:a="http://schemas.microsoft.com/2003/10/Serialization/Arrays"><a:double>0</a:double><a:double>0</a:double><a:double>0</a:double></Value></Attribute></Attributes><ChildElements/><ElementName>axis</ElementName><required>false</required><XYZAttribute z:Ref="i516"/></URDFElement><URDFElement z:Id="i517" i:type="Limit"><Attributes><Attribute z:Id="i518"><AttributeType>lower</AttributeType><IsRequired>false</IsRequired><Value i:nil="true"/></Attribute><Attribute z:Id="i519"><AttributeType>upper</AttributeType><IsRequired>false</IsRequired><Value i:nil="true"/></Attribute><Attribute z:Id="i520"><AttributeType>effort</AttributeType><IsRequired>true</IsRequired><Value i:nil="true"/></Attribute><Attribute z:Id="i521"><AttributeType>velocity</AttributeType><IsRequired>true</IsRequired><Value i:nil="true"/></Attribute></Attributes><ChildElements/><ElementName>limit</ElementName><required>false</required><EffortAttribute z:Ref="i520"/><LowerAttribute z:Ref="i518"/><UpperAttribute z:Ref="i519"/><VelocityAttribute z:Ref="i521"/></URDFElement><URDFElement z:Id="i522" i:type="Calibration"><Attributes><Attribute z:Id="i523"><AttributeType>rising</AttributeType><IsRequired>false</IsRequired><Value i:nil="true"/></Attribute><Attribute z:Id="i524"><AttributeType>falling</AttributeType><IsRequired>false</IsRequired><Value i:nil="true"/></Attribute></Attributes><ChildElements/><ElementName>calibration</ElementName><required>false</required><FallingAttribute z:Ref="i524"/><RisingAttribute z:Ref="i523"/></URDFElement><URDFElement z:Id="i525" i:type="Dynamics"><Attributes><Attribute z:Id="i526"><AttributeType>damping</AttributeType><IsRequired>false</IsRequired><Value i:nil="true"/></Attribute><Attribute z:Id="i527"><AttributeType>friction</AttributeType><IsRequired>false</IsRequired><Value i:nil="true"/></Attribute></Attributes><ChildElements/><ElementName>dynamics</ElementName><required>false</required><DampingAttribute z:Ref="i526"/><FrictionAttribute z:Ref="i527"/></URDFElement><URDFElement z:Id="i528" i:type="SafetyController"><Attributes><Attribute z:Id="i529"><AttributeType>soft_upper_limit</AttributeType><IsRequired>false</IsRequired><Value i:nil="true"/></Attribute><Attribute z:Id="i530"><AttributeType>soft_lower_limit</AttributeType><IsRequired>false</IsRequired><Value i:nil="true"/></Attribute><Attribute z:Id="i531"><AttributeType>k_position</AttributeType><IsRequired>false</IsRequired><Value i:nil="true"/></Attribute><Attribute z:Id="i532"><AttributeType>k_velocity</AttributeType><IsRequired>true</IsRequired><Value i:nil="true"/></Attribute></Attributes><ChildElements/><ElementName>safety_controller</ElementName><required>false</required><KPositionAttribute z:Ref="i531"/><KVelocityAttribute z:Ref="i532"/><SoftLowerAttribute z:Ref="i530"/><SoftUpperAttribute z:Ref="i529"/></URDFElement><URDFElement z:Id="i533" i:type="Mimic"><Attributes><Attribute z:Id="i534"><AttributeType>joint</AttributeType><IsRequired>true</IsRequired><Value i:nil="true"/></Attribute><Attribute z:Id="i535"><AttributeType>multiplier</AttributeType><IsRequired>false</IsRequired><Value i:nil="true"/></Attribute><Attribute z:Id="i536"><AttributeType>offset</AttributeType><IsRequired>false</IsRequired><Value i:nil="true"/></Attribute></Attributes><ChildElements/><ElementName>mimic</ElementName><required>false</required><JointNameAttribute z:Ref="i534"/><MultiplierAttribute z:Ref="i535"/><OffsetAttribute z:Ref="i536"/></URDFElement></ChildElements><ElementName>joint</ElementName><required>false</required><Axis z:Ref="i515"/><AxisName/><Calibration z:Ref="i522"/><Child z:Ref="i513"/><CoordinateSystemName>Coordinate System26</CoordinateSystemName><Dynamics z:Ref="i525"/><Limit z:Ref="i517"/><Mimic z:Ref="i533"/><NameAttribute z:Ref="i506"/><Origin z:Ref="i508"/><Parent z:Ref="i511"/><Safety z:Ref="i528"/><TypeAttribute z:Ref="i507"/></URDFElement></ChildElements><ElementName>link</ElementName><required>true</required><Children/><Collision z:Ref="i498"/><Inertial z:Ref="i472"/><Joint z:Ref="i505"/><NameAttribute z:Ref="i471"/><Parent z:Ref="i1"/><STLQualityFine>false</STLQualityFine><SWComponentPIDs xmlns:a="http://schemas.microsoft.com/2003/10/Serialization/Arrays"><a:base64Binary>aEIAAAUAAAD//v+GYwB1AG0AXwBkAGEAaAB1AG8AbgBnAF8AdAByAHUAbwBjAF8AcwBhAHUALQA1AEAAcgBvAGIAbwBWADMAKAB1AHIAZABmAF8AYwBoAGEAbgBnAGUAZAApAC8AcwB1AHMAcABlAG4AcwBpAG8AbgBfAHYAMgAtADIAQABjAHUAbQBfAGQAYQBoAHUAbwBuAGcAXwB0AHIAdQBvAGMAXwBzAGEAdQAvAGIAYQBuAGgAZABhAGgAdQBvAG4AZwAtADEAQABzAHUAcwBwAGUAbgBzAGkAbwBuAF8AdgAyAC8AYgBhAG4AaABfAGUAYQBzAHkALQAxAEAAYgBhAG4AaABkAGEAaAB1AG8AbgBnAAQAAAAQAAAAAQAAAAQAAAAZBgAAMAAAAHQAAABBAAAA</a:base64Binary></SWComponentPIDs><SWMainComponentPID i:nil="true"/><Visual z:Ref="i485"/><isFixedFrame>false</isFixedFrame><isIncomplete>false</isIncomplete></Link><Link z:Id="i537"><Attributes><Attribute z:Id="i538"><AttributeType>name</AttributeType><IsRequired>true</IsRequired><Value i:type="a:string" xmlns:a="http://www.w3.org/2001/XMLSchema">caster3_link</Value></Attribute></Attributes><ChildElements><URDFElement z:Id="i539" i:type="Inertial"><Attributes/><ChildElements><URDFElement z:Id="i540" i:type="Origin"><Attributes><Attribute z:Id="i541"><AttributeType>xyz</AttributeType><IsRequired>true</IsRequired><Value i:type="a:ArrayOfdouble" xmlns:a="http://schemas.microsoft.com/2003/10/Serialization/Arrays"><a:double>-3.4955117789170487E-05</a:double><a:double>-0.0070005272613718472</a:double><a:double>0.018499767463471872</a:double></Value></Attribute><Attribute z:Id="i542"><AttributeType>rpy</AttributeType><IsRequired>true</IsRequired><Value i:type="a:ArrayOfdouble" xmlns:a="http://schemas.microsoft.com/2003/10/Serialization/Arrays"><a:double>0</a:double><a:double>0</a:double><a:double>0</a:double></Value></Attribute></Attributes><ChildElements/><ElementName>origin</ElementName><required>false</required><RPYAttribute z:Ref="i542"/><XYZAttribute z:Ref="i541"/><isCustomized>false</isCustomized></URDFElement><URDFElement z:Id="i543" i:type="Mass"><Attributes><Attribute z:Id="i544"><AttributeType>value</AttributeType><IsRequired>true</IsRequired><Value i:type="a:double" xmlns:a="http://www.w3.org/2001/XMLSchema">0.014877012011074478</Value></Attribute></Attributes><ChildElements/><ElementName>mass</ElementName><required>false</required><ValueAttribute z:Ref="i544"/></URDFElement><URDFElement z:Id="i545" i:type="Inertia"><Attributes><Attribute z:Id="i546"><AttributeType>ixx</AttributeType><IsRequired>true</IsRequired><Value i:type="a:double" xmlns:a="http://www.w3.org/2001/XMLSchema">1.5308537792914316E-06</Value></Attribute><Attribute z:Id="i547"><AttributeType>ixy</AttributeType><IsRequired>true</IsRequired><Value i:type="a:double" xmlns:a="http://www.w3.org/2001/XMLSchema">-8.6265278990238774E-09</Value></Attribute><Attribute z:Id="i548"><AttributeType>ixz</AttributeType><IsRequired>true</IsRequired><Value i:type="a:double" xmlns:a="http://www.w3.org/2001/XMLSchema">-3.8155540134068825E-22</Value></Attribute><Attribute z:Id="i549"><AttributeType>iyy</AttributeType><IsRequired>true</IsRequired><Value i:type="a:double" xmlns:a="http://www.w3.org/2001/XMLSchema">2.5755114735153528E-06</Value></Attribute><Attribute z:Id="i550"><AttributeType>iyz</AttributeType><IsRequired>true</IsRequired><Value i:type="a:double" xmlns:a="http://www.w3.org/2001/XMLSchema">2.9751380963421496E-21</Value></Attribute><Attribute z:Id="i551"><AttributeType>izz</AttributeType><IsRequired>true</IsRequired><Value i:type="a:double" xmlns:a="http://www.w3.org/2001/XMLSchema">1.5307825483895166E-06</Value></Attribute></Attributes><ChildElements/><ElementName>inertia</ElementName><required>false</required><IxxAttribute z:Ref="i546"/><IxyAttribute z:Ref="i547"/><IxzAttribute z:Ref="i548"/><IyyAttribute z:Ref="i549"/><IyzAttribute z:Ref="i550"/><IzzAttribute z:Ref="i551"/></URDFElement></ChildElements><ElementName>inertial</ElementName><required>false</required><Inertia z:Ref="i545"/><Mass z:Ref="i543"/><Origin z:Ref="i540"/></URDFElement><URDFElement z:Id="i552" i:type="Visual"><Attributes/><ChildElements><URDFElement z:Id="i553" i:type="Origin"><Attributes><Attribute z:Id="i554"><AttributeType>xyz</AttributeType><IsRequired>true</IsRequired><Value i:type="a:ArrayOfdouble" xmlns:a="http://schemas.microsoft.com/2003/10/Serialization/Arrays"><a:double>0</a:double><a:double>0</a:double><a:double>0</a:double></Value></Attribute><Attribute z:Id="i555"><AttributeType>rpy</AttributeType><IsRequired>true</IsRequired><Value i:type="a:ArrayOfdouble" xmlns:a="http://schemas.microsoft.com/2003/10/Serialization/Arrays"><a:double>0</a:double><a:double>0</a:double><a:double>0</a:double></Value></Attribute></Attributes><ChildElements/><ElementName>origin</ElementName><required>false</required><RPYAttribute z:Ref="i555"/><XYZAttribute z:Ref="i554"/><isCustomized>false</isCustomized></URDFElement><URDFElement z:Id="i556" i:type="Geometry"><Attributes/><ChildElements><URDFElement z:Id="i557" i:type="Mesh"><Attributes><Attribute z:Id="i558"><AttributeType>filename</AttributeType><IsRequired>true</IsRequired><Value i:nil="true"/></Attribute></Attributes><ChildElements/><ElementName>mesh</ElementName><required>false</required><FilenameAttribute z:Ref="i558"/></URDFElement></ChildElements><ElementName>geometry</ElementName><required>true</required><Mesh z:Ref="i557"/></URDFElement><URDFElement z:Id="i559" i:type="Material"><Attributes><Attribute z:Id="i560"><AttributeType>name</AttributeType><IsRequired>true</IsRequired><Value i:type="a:string" xmlns:a="http://www.w3.org/2001/XMLSchema"/></Attribute></Attributes><ChildElements><URDFElement z:Id="i561" i:type="Color"><Attributes><Attribute z:Id="i562"><AttributeType>rgba</AttributeType><IsRequired>true</IsRequired><Value i:type="a:ArrayOfdouble" xmlns:a="http://schemas.microsoft.com/2003/10/Serialization/Arrays"><a:double>0.792156862745098</a:double><a:double>0.81960784313725488</a:double><a:double>0.93333333333333335</a:double><a:double>1</a:double></Value></Attribute></Attributes><ChildElements/><ElementName>color</ElementName><required>false</required><RGBAAttribute z:Ref="i562"/></URDFElement><URDFElement z:Id="i563" i:type="Texture"><Attributes><Attribute z:Id="i564"><AttributeType>filename</AttributeType><IsRequired>true</IsRequired><Value i:nil="true"/></Attribute></Attributes><ChildElements/><ElementName>texture</ElementName><required>false</required><FilenameAttribute z:Ref="i564"/><wFilename/></URDFElement></ChildElements><ElementName>material</ElementName><required>false</required><Color z:Ref="i561"/><NameAttribute z:Ref="i560"/><Texture z:Ref="i563"/></URDFElement></ChildElements><ElementName>visual</ElementName><required>false</required><Geometry z:Ref="i556"/><Material z:Ref="i559"/><Origin z:Ref="i553"/></URDFElement><URDFElement z:Id="i565" i:type="Collision"><Attributes/><ChildElements><URDFElement z:Id="i566" i:type="Origin"><Attributes><Attribute z:Id="i567"><AttributeType>xyz</AttributeType><IsRequired>true</IsRequired><Value i:type="a:ArrayOfdouble" xmlns:a="http://schemas.microsoft.com/2003/10/Serialization/Arrays"><a:double>0</a:double><a:double>0</a:double><a:double>0</a:double></Value></Attribute><Attribute z:Id="i568"><AttributeType>rpy</AttributeType><IsRequired>true</IsRequired><Value i:type="a:ArrayOfdouble" xmlns:a="http://schemas.microsoft.com/2003/10/Serialization/Arrays"><a:double>0</a:double><a:double>0</a:double><a:double>0</a:double></Value></Attribute></Attributes><ChildElements/><ElementName>origin</ElementName><required>false</required><RPYAttribute z:Ref="i568"/><XYZAttribute z:Ref="i567"/><isCustomized>false</isCustomized></URDFElement><URDFElement z:Id="i569" i:type="Geometry"><Attributes/><ChildElements><URDFElement z:Id="i570" i:type="Mesh"><Attributes><Attribute z:Id="i571"><AttributeType>filename</AttributeType><IsRequired>true</IsRequired><Value i:nil="true"/></Attribute></Attributes><ChildElements/><ElementName>mesh</ElementName><required>false</required><FilenameAttribute z:Ref="i571"/></URDFElement></ChildElements><ElementName>geometry</ElementName><required>true</required><Mesh z:Ref="i570"/></URDFElement></ChildElements><ElementName>collision</ElementName><required>false</required><Geometry z:Ref="i569"/><Origin z:Ref="i566"/></URDFElement><URDFElement z:Id="i572" i:type="Joint"><Attributes><Attribute z:Id="i573"><AttributeType>name</AttributeType><IsRequired>true</IsRequired><Value i:type="a:string" xmlns:a="http://www.w3.org/2001/XMLSchema">caster</Value></Attribute><Attribute z:Id="i574"><AttributeType>type</AttributeType><IsRequired>true</IsRequired><Value i:type="a:string" xmlns:a="http://www.w3.org/2001/XMLSchema">fixed</Value></Attribute></Attributes><ChildElements><URDFElement z:Id="i575" i:type="Origin"><Attributes><Attribute z:Id="i576"><AttributeType>xyz</AttributeType><IsRequired>true</IsRequired><Value i:type="a:ArrayOfdouble" xmlns:a="http://schemas.microsoft.com/2003/10/Serialization/Arrays"><a:double>-0.22867</a:double><a:double>-0.080047</a:double><a:double>-0.06645</a:double></Value></Attribute><Attribute z:Id="i577"><AttributeType>rpy</AttributeType><IsRequired>true</IsRequired><Value i:type="a:ArrayOfdouble" xmlns:a="http://schemas.microsoft.com/2003/10/Serialization/Arrays"><a:double>0</a:double><a:double>0</a:double><a:double>0</a:double></Value></Attribute></Attributes><ChildElements/><ElementName>origin</ElementName><required>false</required><RPYAttribute z:Ref="i577"/><XYZAttribute z:Ref="i576"/><isCustomized>false</isCustomized></URDFElement><URDFElement z:Id="i578" i:type="ParentLink"><Attributes><Attribute z:Id="i579"><AttributeType>link</AttributeType><IsRequired>true</IsRequired><Value i:type="a:string" xmlns:a="http://www.w3.org/2001/XMLSchema">base_link</Value></Attribute></Attributes><ChildElements/><ElementName>parent</ElementName><required>true</required><NameAttribute z:Ref="i579"/></URDFElement><URDFElement z:Id="i580" i:type="ChildLink"><Attributes><Attribute z:Id="i581"><AttributeType>link</AttributeType><IsRequired>true</IsRequired><Value i:type="a:string" xmlns:a="http://www.w3.org/2001/XMLSchema">caster3_link</Value></Attribute></Attributes><ChildElements/><ElementName>child</ElementName><required>true</required><NameAttribute z:Ref="i581"/></URDFElement><URDFElement z:Id="i582" i:type="Axis"><Attributes><Attribute z:Id="i583"><AttributeType>xyz</AttributeType><IsRequired>true</IsRequired><Value i:type="a:ArrayOfdouble" xmlns:a="http://schemas.microsoft.com/2003/10/Serialization/Arrays"><a:double>0</a:double><a:double>0</a:double><a:double>0</a:double></Value></Attribute></Attributes><ChildElements/><ElementName>axis</ElementName><required>false</required><XYZAttribute z:Ref="i583"/></URDFElement><URDFElement z:Id="i584" i:type="Limit"><Attributes><Attribute z:Id="i585"><AttributeType>lower</AttributeType><IsRequired>false</IsRequired><Value i:nil="true"/></Attribute><Attribute z:Id="i586"><AttributeType>upper</AttributeType><IsRequired>false</IsRequired><Value i:nil="true"/></Attribute><Attribute z:Id="i587"><AttributeType>effort</AttributeType><IsRequired>true</IsRequired><Value i:nil="true"/></Attribute><Attribute z:Id="i588"><AttributeType>velocity</AttributeType><IsRequired>true</IsRequired><Value i:nil="true"/></Attribute></Attributes><ChildElements/><ElementName>limit</ElementName><required>false</required><EffortAttribute z:Ref="i587"/><LowerAttribute z:Ref="i585"/><UpperAttribute z:Ref="i586"/><VelocityAttribute z:Ref="i588"/></URDFElement><URDFElement z:Id="i589" i:type="Calibration"><Attributes><Attribute z:Id="i590"><AttributeType>rising</AttributeType><IsRequired>false</IsRequired><Value i:nil="true"/></Attribute><Attribute z:Id="i591"><AttributeType>falling</AttributeType><IsRequired>false</IsRequired><Value i:nil="true"/></Attribute></Attributes><ChildElements/><ElementName>calibration</ElementName><required>false</required><FallingAttribute z:Ref="i591"/><RisingAttribute z:Ref="i590"/></URDFElement><URDFElement z:Id="i592" i:type="Dynamics"><Attributes><Attribute z:Id="i593"><AttributeType>damping</AttributeType><IsRequired>false</IsRequired><Value i:nil="true"/></Attribute><Attribute z:Id="i594"><AttributeType>friction</AttributeType><IsRequired>false</IsRequired><Value i:nil="true"/></Attribute></Attributes><ChildElements/><ElementName>dynamics</ElementName><required>false</required><DampingAttribute z:Ref="i593"/><FrictionAttribute z:Ref="i594"/></URDFElement><URDFElement z:Id="i595" i:type="SafetyController"><Attributes><Attribute z:Id="i596"><AttributeType>soft_upper_limit</AttributeType><IsRequired>false</IsRequired><Value i:nil="true"/></Attribute><Attribute z:Id="i597"><AttributeType>soft_lower_limit</AttributeType><IsRequired>false</IsRequired><Value i:nil="true"/></Attribute><Attribute z:Id="i598"><AttributeType>k_position</AttributeType><IsRequired>false</IsRequired><Value i:nil="true"/></Attribute><Attribute z:Id="i599"><AttributeType>k_velocity</AttributeType><IsRequired>true</IsRequired><Value i:nil="true"/></Attribute></Attributes><ChildElements/><ElementName>safety_controller</ElementName><required>false</required><KPositionAttribute z:Ref="i598"/><KVelocityAttribute z:Ref="i599"/><SoftLowerAttribute z:Ref="i597"/><SoftUpperAttribute z:Ref="i596"/></URDFElement><URDFElement z:Id="i600" i:type="Mimic"><Attributes><Attribute z:Id="i601"><AttributeType>joint</AttributeType><IsRequired>true</IsRequired><Value i:nil="true"/></Attribute><Attribute z:Id="i602"><AttributeType>multiplier</AttributeType><IsRequired>false</IsRequired><Value i:nil="true"/></Attribute><Attribute z:Id="i603"><AttributeType>offset</AttributeType><IsRequired>false</IsRequired><Value i:nil="true"/></Attribute></Attributes><ChildElements/><ElementName>mimic</ElementName><required>false</required><JointNameAttribute z:Ref="i601"/><MultiplierAttribute z:Ref="i602"/><OffsetAttribute z:Ref="i603"/></URDFElement></ChildElements><ElementName>joint</ElementName><required>false</required><Axis z:Ref="i582"/><AxisName/><Calibration z:Ref="i589"/><Child z:Ref="i580"/><CoordinateSystemName>Coordinate System27</CoordinateSystemName><Dynamics z:Ref="i592"/><Limit z:Ref="i584"/><Mimic z:Ref="i600"/><NameAttribute z:Ref="i573"/><Origin z:Ref="i575"/><Parent z:Ref="i578"/><Safety z:Ref="i595"/><TypeAttribute z:Ref="i574"/></URDFElement></ChildElements><ElementName>link</ElementName><required>true</required><Children/><Collision z:Ref="i565"/><Inertial z:Ref="i539"/><Joint z:Ref="i572"/><NameAttribute z:Ref="i538"/><Parent z:Ref="i1"/><STLQualityFine>false</STLQualityFine><SWComponentPIDs xmlns:a="http://schemas.microsoft.com/2003/10/Serialization/Arrays"><a:base64Binary>aEIAAAUAAAD//v+GYwB1AG0AXwBkAGEAaAB1AG8AbgBnAF8AdAByAHUAbwBjAF8AcwBhAHUALQA2AEAAcgBvAGIAbwBWADMAKAB1AHIAZABmAF8AYwBoAGEAbgBnAGUAZAApAC8AcwB1AHMAcABlAG4AcwBpAG8AbgBfAHYAMgAtADIAQABjAHUAbQBfAGQAYQBoAHUAbwBuAGcAXwB0AHIAdQBvAGMAXwBzAGEAdQAvAGIAYQBuAGgAZABhAGgAdQBvAG4AZwAtADEAQABzAHUAcwBwAGUAbgBzAGkAbwBuAF8AdgAyAC8AYgBhAG4AaABfAGUAYQBzAHkALQAxAEAAYgBhAG4AaABkAGEAaAB1AG8AbgBnAAQAAAAQAAAAAQAAAAQAAAAgBgAAMAAAAHQAAABBAAAA</a:base64Binary></SWComponentPIDs><SWMainComponentPID i:nil="true"/><Visual z:Ref="i552"/><isFixedFrame>false</isFixedFrame><isIncomplete>false</isIncomplete></Link><Link z:Id="i604"><Attributes><Attribute z:Id="i605"><AttributeType>name</AttributeType><IsRequired>true</IsRequired><Value i:type="a:string" xmlns:a="http://www.w3.org/2001/XMLSchema">caster4_link</Value></Attribute></Attributes><ChildElements><URDFElement z:Id="i606" i:type="Inertial"><Attributes/><ChildElements><URDFElement z:Id="i607" i:type="Origin"><Attributes><Attribute z:Id="i608"><AttributeType>xyz</AttributeType><IsRequired>true</IsRequired><Value i:type="a:ArrayOfdouble" xmlns:a="http://schemas.microsoft.com/2003/10/Serialization/Arrays"><a:double>-3.4955117788948442E-05</a:double><a:double>-0.0070005272613719027</a:double><a:double>0.018499767463471817</a:double></Value></Attribute><Attribute z:Id="i609"><AttributeType>rpy</AttributeType><IsRequired>true</IsRequired><Value i:type="a:ArrayOfdouble" xmlns:a="http://schemas.microsoft.com/2003/10/Serialization/Arrays"><a:double>0</a:double><a:double>0</a:double><a:double>0</a:double></Value></Attribute></Attributes><ChildElements/><ElementName>origin</ElementName><required>false</required><RPYAttribute z:Ref="i609"/><XYZAttribute z:Ref="i608"/><isCustomized>false</isCustomized></URDFElement><URDFElement z:Id="i610" i:type="Mass"><Attributes><Attribute z:Id="i611"><AttributeType>value</AttributeType><IsRequired>true</IsRequired><Value i:type="a:double" xmlns:a="http://www.w3.org/2001/XMLSchema">0.014877012011074478</Value></Attribute></Attributes><ChildElements/><ElementName>mass</ElementName><required>false</required><ValueAttribute z:Ref="i611"/></URDFElement><URDFElement z:Id="i612" i:type="Inertia"><Attributes><Attribute z:Id="i613"><AttributeType>ixx</AttributeType><IsRequired>true</IsRequired><Value i:type="a:double" xmlns:a="http://www.w3.org/2001/XMLSchema">1.5308537792914316E-06</Value></Attribute><Attribute z:Id="i614"><AttributeType>ixy</AttributeType><IsRequired>true</IsRequired><Value i:type="a:double" xmlns:a="http://www.w3.org/2001/XMLSchema">-8.6265278990240147E-09</Value></Attribute><Attribute z:Id="i615"><AttributeType>ixz</AttributeType><IsRequired>true</IsRequired><Value i:type="a:double" xmlns:a="http://www.w3.org/2001/XMLSchema">-2.9884743750497326E-22</Value></Attribute><Attribute z:Id="i616"><AttributeType>iyy</AttributeType><IsRequired>true</IsRequired><Value i:type="a:double" xmlns:a="http://www.w3.org/2001/XMLSchema">2.5755114735153528E-06</Value></Attribute><Attribute z:Id="i617"><AttributeType>iyz</AttributeType><IsRequired>true</IsRequired><Value i:type="a:double" xmlns:a="http://www.w3.org/2001/XMLSchema">2.9678183146938534E-21</Value></Attribute><Attribute z:Id="i618"><AttributeType>izz</AttributeType><IsRequired>true</IsRequired><Value i:type="a:double" xmlns:a="http://www.w3.org/2001/XMLSchema">1.530782548389517E-06</Value></Attribute></Attributes><ChildElements/><ElementName>inertia</ElementName><required>false</required><IxxAttribute z:Ref="i613"/><IxyAttribute z:Ref="i614"/><IxzAttribute z:Ref="i615"/><IyyAttribute z:Ref="i616"/><IyzAttribute z:Ref="i617"/><IzzAttribute z:Ref="i618"/></URDFElement></ChildElements><ElementName>inertial</ElementName><required>false</required><Inertia z:Ref="i612"/><Mass z:Ref="i610"/><Origin z:Ref="i607"/></URDFElement><URDFElement z:Id="i619" i:type="Visual"><Attributes/><ChildElements><URDFElement z:Id="i620" i:type="Origin"><Attributes><Attribute z:Id="i621"><AttributeType>xyz</AttributeType><IsRequired>true</IsRequired><Value i:type="a:ArrayOfdouble" xmlns:a="http://schemas.microsoft.com/2003/10/Serialization/Arrays"><a:double>0</a:double><a:double>0</a:double><a:double>0</a:double></Value></Attribute><Attribute z:Id="i622"><AttributeType>rpy</AttributeType><IsRequired>true</IsRequired><Value i:type="a:ArrayOfdouble" xmlns:a="http://schemas.microsoft.com/2003/10/Serialization/Arrays"><a:double>0</a:double><a:double>0</a:double><a:double>0</a:double></Value></Attribute></Attributes><ChildElements/><ElementName>origin</ElementName><required>false</required><RPYAttribute z:Ref="i622"/><XYZAttribute z:Ref="i621"/><isCustomized>false</isCustomized></URDFElement><URDFElement z:Id="i623" i:type="Geometry"><Attributes/><ChildElements><URDFElement z:Id="i624" i:type="Mesh"><Attributes><Attribute z:Id="i625"><AttributeType>filename</AttributeType><IsRequired>true</IsRequired><Value i:nil="true"/></Attribute></Attributes><ChildElements/><ElementName>mesh</ElementName><required>false</required><FilenameAttribute z:Ref="i625"/></URDFElement></ChildElements><ElementName>geometry</ElementName><required>true</required><Mesh z:Ref="i624"/></URDFElement><URDFElement z:Id="i626" i:type="Material"><Attributes><Attribute z:Id="i627"><AttributeType>name</AttributeType><IsRequired>true</IsRequired><Value i:type="a:string" xmlns:a="http://www.w3.org/2001/XMLSchema"/></Attribute></Attributes><ChildElements><URDFElement z:Id="i628" i:type="Color"><Attributes><Attribute z:Id="i629"><AttributeType>rgba</AttributeType><IsRequired>true</IsRequired><Value i:type="a:ArrayOfdouble" xmlns:a="http://schemas.microsoft.com/2003/10/Serialization/Arrays"><a:double>0.792156862745098</a:double><a:double>0.81960784313725488</a:double><a:double>0.93333333333333335</a:double><a:double>1</a:double></Value></Attribute></Attributes><ChildElements/><ElementName>color</ElementName><required>false</required><RGBAAttribute z:Ref="i629"/></URDFElement><URDFElement z:Id="i630" i:type="Texture"><Attributes><Attribute z:Id="i631"><AttributeType>filename</AttributeType><IsRequired>true</IsRequired><Value i:nil="true"/></Attribute></Attributes><ChildElements/><ElementName>texture</ElementName><required>false</required><FilenameAttribute z:Ref="i631"/><wFilename/></URDFElement></ChildElements><ElementName>material</ElementName><required>false</required><Color z:Ref="i628"/><NameAttribute z:Ref="i627"/><Texture z:Ref="i630"/></URDFElement></ChildElements><ElementName>visual</ElementName><required>false</required><Geometry z:Ref="i623"/><Material z:Ref="i626"/><Origin z:Ref="i620"/></URDFElement><URDFElement z:Id="i632" i:type="Collision"><Attributes/><ChildElements><URDFElement z:Id="i633" i:type="Origin"><Attributes><Attribute z:Id="i634"><AttributeType>xyz</AttributeType><IsRequired>true</IsRequired><Value i:type="a:ArrayOfdouble" xmlns:a="http://schemas.microsoft.com/2003/10/Serialization/Arrays"><a:double>0</a:double><a:double>0</a:double><a:double>0</a:double></Value></Attribute><Attribute z:Id="i635"><AttributeType>rpy</AttributeType><IsRequired>true</IsRequired><Value i:type="a:ArrayOfdouble" xmlns:a="http://schemas.microsoft.com/2003/10/Serialization/Arrays"><a:double>0</a:double><a:double>0</a:double><a:double>0</a:double></Value></Attribute></Attributes><ChildElements/><ElementName>origin</ElementName><required>false</required><RPYAttribute z:Ref="i635"/><XYZAttribute z:Ref="i634"/><isCustomized>false</isCustomized></URDFElement><URDFElement z:Id="i636" i:type="Geometry"><Attributes/><ChildElements><URDFElement z:Id="i637" i:type="Mesh"><Attributes><Attribute z:Id="i638"><AttributeType>filename</AttributeType><IsRequired>true</IsRequired><Value i:nil="true"/></Attribute></Attributes><ChildElements/><ElementName>mesh</ElementName><required>false</required><FilenameAttribute z:Ref="i638"/></URDFElement></ChildElements><ElementName>geometry</ElementName><required>true</required><Mesh z:Ref="i637"/></URDFElement></ChildElements><ElementName>collision</ElementName><required>false</required><Geometry z:Ref="i636"/><Origin z:Ref="i633"/></URDFElement><URDFElement z:Id="i639" i:type="Joint"><Attributes><Attribute z:Id="i640"><AttributeType>name</AttributeType><IsRequired>true</IsRequired><Value i:type="a:string" xmlns:a="http://www.w3.org/2001/XMLSchema">caster4</Value></Attribute><Attribute z:Id="i641"><AttributeType>type</AttributeType><IsRequired>true</IsRequired><Value i:type="a:string" xmlns:a="http://www.w3.org/2001/XMLSchema">fixed</Value></Attribute></Attributes><ChildElements><URDFElement z:Id="i642" i:type="Origin"><Attributes><Attribute z:Id="i643"><AttributeType>xyz</AttributeType><IsRequired>true</IsRequired><Value i:type="a:ArrayOfdouble" xmlns:a="http://schemas.microsoft.com/2003/10/Serialization/Arrays"><a:double>-0.2301</a:double><a:double>0.093947</a:double><a:double>-0.06645</a:double></Value></Attribute><Attribute z:Id="i644"><AttributeType>rpy</AttributeType><IsRequired>true</IsRequired><Value i:type="a:ArrayOfdouble" xmlns:a="http://schemas.microsoft.com/2003/10/Serialization/Arrays"><a:double>0</a:double><a:double>0</a:double><a:double>0</a:double></Value></Attribute></Attributes><ChildElements/><ElementName>origin</ElementName><required>false</required><RPYAttribute z:Ref="i644"/><XYZAttribute z:Ref="i643"/><isCustomized>false</isCustomized></URDFElement><URDFElement z:Id="i645" i:type="ParentLink"><Attributes><Attribute z:Id="i646"><AttributeType>link</AttributeType><IsRequired>true</IsRequired><Value i:type="a:string" xmlns:a="http://www.w3.org/2001/XMLSchema">base_link</Value></Attribute></Attributes><ChildElements/><ElementName>parent</ElementName><required>true</required><NameAttribute z:Ref="i646"/></URDFElement><URDFElement z:Id="i647" i:type="ChildLink"><Attributes><Attribute z:Id="i648"><AttributeType>link</AttributeType><IsRequired>true</IsRequired><Value i:type="a:string" xmlns:a="http://www.w3.org/2001/XMLSchema">caster4_link</Value></Attribute></Attributes><ChildElements/><ElementName>child</ElementName><required>true</required><NameAttribute z:Ref="i648"/></URDFElement><URDFElement z:Id="i649" i:type="Axis"><Attributes><Attribute z:Id="i650"><AttributeType>xyz</AttributeType><IsRequired>true</IsRequired><Value i:type="a:ArrayOfdouble" xmlns:a="http://schemas.microsoft.com/2003/10/Serialization/Arrays"><a:double>0</a:double><a:double>0</a:double><a:double>0</a:double></Value></Attribute></Attributes><ChildElements/><ElementName>axis</ElementName><required>false</required><XYZAttribute z:Ref="i650"/></URDFElement><URDFElement z:Id="i651" i:type="Limit"><Attributes><Attribute z:Id="i652"><AttributeType>lower</AttributeType><IsRequired>false</IsRequired><Value i:nil="true"/></Attribute><Attribute z:Id="i653"><AttributeType>upper</AttributeType><IsRequired>false</IsRequired><Value i:nil="true"/></Attribute><Attribute z:Id="i654"><AttributeType>effort</AttributeType><IsRequired>true</IsRequired><Value i:nil="true"/></Attribute><Attribute z:Id="i655"><AttributeType>velocity</AttributeType><IsRequired>true</IsRequired><Value i:nil="true"/></Attribute></Attributes><ChildElements/><ElementName>limit</ElementName><required>false</required><EffortAttribute z:Ref="i654"/><LowerAttribute z:Ref="i652"/><UpperAttribute z:Ref="i653"/><VelocityAttribute z:Ref="i655"/></URDFElement><URDFElement z:Id="i656" i:type="Calibration"><Attributes><Attribute z:Id="i657"><AttributeType>rising</AttributeType><IsRequired>false</IsRequired><Value i:nil="true"/></Attribute><Attribute z:Id="i658"><AttributeType>falling</AttributeType><IsRequired>false</IsRequired><Value i:nil="true"/></Attribute></Attributes><ChildElements/><ElementName>calibration</ElementName><required>false</required><FallingAttribute z:Ref="i658"/><RisingAttribute z:Ref="i657"/></URDFElement><URDFElement z:Id="i659" i:type="Dynamics"><Attributes><Attribute z:Id="i660"><AttributeType>damping</AttributeType><IsRequired>false</IsRequired><Value i:nil="true"/></Attribute><Attribute z:Id="i661"><AttributeType>friction</AttributeType><IsRequired>false</IsRequired><Value i:nil="true"/></Attribute></Attributes><ChildElements/><ElementName>dynamics</ElementName><required>false</required><DampingAttribute z:Ref="i660"/><FrictionAttribute z:Ref="i661"/></URDFElement><URDFElement z:Id="i662" i:type="SafetyController"><Attributes><Attribute z:Id="i663"><AttributeType>soft_upper_limit</AttributeType><IsRequired>false</IsRequired><Value i:nil="true"/></Attribute><Attribute z:Id="i664"><AttributeType>soft_lower_limit</AttributeType><IsRequired>false</IsRequired><Value i:nil="true"/></Attribute><Attribute z:Id="i665"><AttributeType>k_position</AttributeType><IsRequired>false</IsRequired><Value i:nil="true"/></Attribute><Attribute z:Id="i666"><AttributeType>k_velocity</AttributeType><IsRequired>true</IsRequired><Value i:nil="true"/></Attribute></Attributes><ChildElements/><ElementName>safety_controller</ElementName><required>false</required><KPositionAttribute z:Ref="i665"/><KVelocityAttribute z:Ref="i666"/><SoftLowerAttribute z:Ref="i664"/><SoftUpperAttribute z:Ref="i663"/></URDFElement><URDFElement z:Id="i667" i:type="Mimic"><Attributes><Attribute z:Id="i668"><AttributeType>joint</AttributeType><IsRequired>true</IsRequired><Value i:nil="true"/></Attribute><Attribute z:Id="i669"><AttributeType>multiplier</AttributeType><IsRequired>false</IsRequired><Value i:nil="true"/></Attribute><Attribute z:Id="i670"><AttributeType>offset</AttributeType><IsRequired>false</IsRequired><Value i:nil="true"/></Attribute></Attributes><ChildElements/><ElementName>mimic</ElementName><required>false</required><JointNameAttribute z:Ref="i668"/><MultiplierAttribute z:Ref="i669"/><OffsetAttribute z:Ref="i670"/></URDFElement></ChildElements><ElementName>joint</ElementName><required>false</required><Axis z:Ref="i649"/><AxisName/><Calibration z:Ref="i656"/><Child z:Ref="i647"/><CoordinateSystemName>Coordinate System28</CoordinateSystemName><Dynamics z:Ref="i659"/><Limit z:Ref="i651"/><Mimic z:Ref="i667"/><NameAttribute z:Ref="i640"/><Origin z:Ref="i642"/><Parent z:Ref="i645"/><Safety z:Ref="i662"/><TypeAttribute z:Ref="i641"/></URDFElement></ChildElements><ElementName>link</ElementName><required>true</required><Children/><Collision z:Ref="i632"/><Inertial z:Ref="i606"/><Joint z:Ref="i639"/><NameAttribute z:Ref="i605"/><Parent z:Ref="i1"/><STLQualityFine>false</STLQualityFine><SWComponentPIDs xmlns:a="http://schemas.microsoft.com/2003/10/Serialization/Arrays"><a:base64Binary>aEIAAAUAAAD//v+GYwB1AG0AXwBkAGEAaAB1AG8AbgBnAF8AdAByAHUAbwBjAF8AcwBhAHUALQA2AEAAcgBvAGIAbwBWADMAKAB1AHIAZABmAF8AYwBoAGEAbgBnAGUAZAApAC8AcwB1AHMAcABlAG4AcwBpAG8AbgBfAHYAMgAtADEAQABjAHUAbQBfAGQAYQBoAHUAbwBuAGcAXwB0AHIAdQBvAGMAXwBzAGEAdQAvAGIAYQBuAGgAZABhAGgAdQBvAG4AZwAtADEAQABzAHUAcwBwAGUAbgBzAGkAbwBuAF8AdgAyAC8AYgBhAG4AaABfAGUAYQBzAHkALQAxAEAAYgBhAG4AaABkAGEAaAB1AG8AbgBnAAQAAAAQAAAAAQAAAAQAAAAgBgAAKwAAAHQAAABBAAAA</a:base64Binary></SWComponentPIDs><SWMainComponentPID i:nil="true"/><Visual z:Ref="i619"/><isFixedFrame>false</isFixedFrame><isIncomplete>false</isIncomplete></Link></Children><Collision z:Ref="i29"/><Inertial z:Ref="i3"/><Joint z:Ref="i36"/><NameAttribute z:Ref="i2"/><Parent i:nil="true"/><STLQualityFine>false</STLQualityFine><SWComponentPIDs xmlns:a="http://schemas.microsoft.com/2003/10/Serialization/Arrays"><a:base64Binary>aEIAAAUAAAD//v8mYwB1AG0AXwBiAGEAbgBoAF8AeABlAF8AbABvAG4ALQAzAEAAcgBvAGIAbwBWADMAKAB1AHIAZABmAF8AYwBoAGEAbgBnAGUAZAApAAQAAAAQAAAAAQAAAAEAAACMAQAA</a:base64Binary><a:base64Binary>aEIAAAUAAAD//v8bMgAwAG0AbQAtADIAQAByAG8AYgBvAFYAMwAoAHUAcgBkAGYAXwBjAGgAYQBuAGcAZQBkACkABAAAABAAAAABAAAAAQAAACkCAAA=</a:base64Binary><a:base64Binary>aEIAAAUAAAD//v8bMgAwAG0AbQAtADgAQAByAG8AYgBvAFYAMwAoAHUAcgBkAGYAXwBjAGgAYQBuAGcAZQBkACkABAAAABAAAAABAAAAAQAAAC8CAAA=</a:base64Binary><a:base64Binary>aEIAAAUAAAD//v8gbQBvAHQAbwByAEEAeABpAHMALQAxAEAAcgBvAGIAbwBWADMAKAB1AHIAZABmAF8AYwBoAGEAbgBnAGUAZAApAAQAAAAQAAAAAQAAAAEAAACrAgAA</a:base64Binary><a:base64Binary>aEIAAAUAAAD//v8jbABpAGQAYQByAF8AcAB1AHMAaAB1AHAALQAxAEAAcgBvAGIAbwBWADMAKAB1AHIAZABmAF8AYwBoAGEAbgBnAGUAZAApAAQAAAAQAAAAAQAAAAEAAACHBAAA</a:base64Binary><a:base64Binary>aEIAAAUAAAD//v8ncwB0AGEAbgBkAG8AZgBmAF8ATQAyAF8AMgAwAG0AbQAtADEAQAByAG8AYgBvAFYAMwAoAHUAcgBkAGYAXwBjAGgAYQBuAGcAZQBkACkABAAAABAAAAABAAAAAQAAAMkEAAA=</a:base64Binary><a:base64Binary>aEIAAAUAAAD//v8ncwB0AGEAbgBkAG8AZgBmAF8ATQAyAF8AMgAwAG0AbQAtADMAQAByAG8AYgBvAFYAMwAoAHUAcgBkAGYAXwBjAGgAYQBuAGcAZQBkACkABAAAABAAAAABAAAAAQAAANAEAAA=</a:base64Binary><a:base64Binary>aEIAAAUAAAD//v8ncwB0AGEAbgBkAG8AZgBmAF8ATQAyAF8AMgAwAG0AbQAtADQAQAByAG8AYgBvAFYAMwAoAHUAcgBkAGYAXwBjAGgAYQBuAGcAZQBkACkABAAAABAAAAABAAAAAQAAANYEAAA=</a:base64Binary><a:base64Binary>aEIAAAUAAAD//v8ncwB0AGEAbgBkAG8AZgBmAF8ATQAyAF8AMgAwAG0AbQAtADUAQAByAG8AYgBvAFYAMwAoAHUAcgBkAGYAXwBjAGgAYQBuAGcAZQBkACkABAAAABAAAAABAAAAAQAAANkEAAA=</a:base64Binary><a:base64Binary>aEIAAAUAAAD//v8eYgBhAHQAdABlAHIAeQAtADEAQAByAG8AYgBvAFYAMwAoAHUAcgBkAGYAXwBjAGgAYQBuAGcAZQBkACkABAAAABAAAAABAAAAAQAAANwEAAA=</a:base64Binary><a:base64Binary>aEIAAAUAAAD//v8oaABvAHYAZQByAGIAbwBhAHIAZABfAGQAcgBpAHYAZQByAC0AMQBAAHIAbwBiAG8AVgAzACgAdQByAGQAZgBfAGMAaABhAG4AZwBlAGQAKQAEAAAAEAAAAAEAAAABAAAA3QQAAA==</a:base64Binary><a:base64Binary>aEIAAAUAAAD//v8oYwB1AG0AXwByAGUAbABhAHkAXwBtAHkANABuAF8ANABwAC0AMQBAAHIAbwBiAG8AVgAzACgAdQByAGQAZgBfAGMAaABhAG4AZwBlAGQAKQAEAAAAEAAAAAEAAAABAAAA4QQAAA==</a:base64Binary><a:base64Binary>aEIAAAUAAAD//v8jbABpAGQAYQByAF8AcAB1AHMAaAB1AHAALQAzAEAAcgBvAGIAbwBWADMAKAB1AHIAZABmAF8AYwBoAGEAbgBnAGUAZAApAAQAAAAQAAAAAQAAAAEAAAATBQAA</a:base64Binary><a:base64Binary>aEIAAAUAAAD//v8oMwA2AHYAXwAxADIAdgBfAGMAbwBuAHYAZQByAHQAZQByAC0AMQBAAHIAbwBiAG8AVgAzACgAdQByAGQAZgBfAGMAaABhAG4AZwBlAGQAKQAEAAAAEAAAAAEAAAABAAAAIAUAAA==</a:base64Binary><a:base64Binary>aEIAAAUAAAD//v8jcgBlAG0AbwB0AGUAXwByAGUAbABhAHkALQAxAEAAcgBvAGIAbwBWADMAKAB1AHIAZABmAF8AYwBoAGEAbgBnAGUAZAApAAQAAAAQAAAAAQAAAAEAAAAxBQAA</a:base64Binary><a:base64Binary>aEIAAAUAAAD//v8lYQBsAHUAbQBpAG4AaQB1AG0AXwBiAGEAcwBlAC0AMQBAAHIAbwBiAG8AVgAzACgAdQByAGQAZgBfAGMAaABhAG4AZwBlAGQAKQAEAAAAEAAAAAEAAAABAAAANQUAAA==</a:base64Binary><a:base64Binary>aEIAAAUAAAD//v8icABpAF8AaABhAG4AZwBfAGkAbQB1AC0AMQBAAHIAbwBiAG8AVgAzACgAdQByAGQAZgBfAGMAaABhAG4AZwBlAGQAKQAEAAAAEAAAAAEAAAABAAAAWwUAAA==</a:base64Binary><a:base64Binary>aEIAAAUAAAD//v8jVwBFAEkARABVACAAVABCADIANQBYAFgALQAxAEAAcgBvAGIAbwBWADMAKAB1AHIAZABmAF8AYwBoAGEAbgBnAGUAZAApAAQAAAAQAAAAAQAAAAEAAAB4BQAA</a:base64Binary><a:base64Binary>aEIAAAUAAAD//v8rHwRABD4ERAQ4BDsETAQgAFYALQBzAGwAbwB0ACAAMgAwAHgANAAwAC0AMQBAAHIAbwBiAG8AVgAzACgAdQByAGQAZgBfAGMAaABhAG4AZwBlAGQAKQAEAAAAEAAAAAEAAAABAAAAfgUAAA==</a:base64Binary><a:base64Binary>aEIAAAUAAAD//v8rHwRABD4ERAQ4BDsETAQgAFYALQBzAGwAbwB0ACAAMgAwAHgANAAwAC0AMwBAAHIAbwBiAG8AVgAzACgAdQByAGQAZgBfAGMAaABhAG4AZwBlAGQAKQAEAAAAEAAAAAEAAAABAAAAgAUAAA==</a:base64Binary><a:base64Binary>aEIAAAUAAAD//v88MgAwAHgAMgAwAF8AYQBsAHUAbQBpAG4AdQBtAF8AZQB4AHQAcgB1AHMAaQBvAG4AXwBwAHIAbwBmAGkAbABlACAAMgA2AGMAbQAtADEAQAByAG8AYgBvAFYAMwAoAHUAcgBkAGYAXwBjAGgAYQBuAGcAZQBkACkABAAAABAAAAABAAAAAQAAAJkFAAA=</a:base64Binary><a:base64Binary>aEIAAAUAAAD//v8cMgAwAG0AbQAtADEAMABAAHIAbwBiAG8AVgAzACgAdQByAGQAZgBfAGMAaABhAG4AZwBlAGQAKQAEAAAAEAAAAAEAAAABAAAAygUAAA==</a:base64Binary><a:base64Binary>aEIAAAUAAAD//v8mYwB1AG0AXwBiAGEAbgBoAF8AeABlAF8AbABvAG4ALQA1AEAAcgBvAGIAbwBWADMAKAB1AHIAZABmAF8AYwBoAGEAbgBnAGUAZAApAAQAAAAQAAAAAQAAAAEAAADLBQAA</a:base64Binary><a:base64Binary>aEIAAAUAAAD//v8gbQBvAHQAbwByAEEAeABpAHMALQA0AEAAcgBvAGIAbwBWADMAKAB1AHIAZABmAF8AYwBoAGEAbgBnAGUAZAApAAQAAAAQAAAAAQAAAAEAAADMBQAA</a:base64Binary><a:base64Binary>aEIAAAUAAAD//v8cMgAwAG0AbQAtADEAMQBAAHIAbwBiAG8AVgAzACgAdQByAGQAZgBfAGMAaABhAG4AZwBlAGQAKQAEAAAAEAAAAAEAAAABAAAAzQUAAA==</a:base64Binary><a:base64Binary>aEIAAAUAAAD//v8sYwB1AG0AXwBkAGEAaAB1AG8AbgBnAF8AdAByAHUAbwBjAF8AcwBhAHUALQA1AEAAcgBvAGIAbwBWADMAKAB1AHIAZABmAF8AYwBoAGEAbgBnAGUAZAApAAQAAAAQAAAAAQAAAAEAAAAZBgAA</a:base64Binary><a:base64Binary>aEIAAAUAAAD//v8sYwB1AG0AXwBkAGEAaAB1AG8AbgBnAF8AdAByAHUAbwBjAF8AcwBhAHUALQA2AEAAcgBvAGIAbwBWADMAKAB1AHIAZABmAF8AYwBoAGEAbgBnAGUAZAApAAQAAAAQAAAAAQAAAAEAAAAgBgAA</a:base64Binary><a:base64Binary>aEIAAAUAAAD//v8kZgB1AGwAbABfAGMAbwB2AGUAcgBfAHYAMgAtADEAQAByAG8AYgBvAFYAMwAoAHUAcgBkAGYAXwBjAGgAYQBuAGcAZQBkACkABAAAABAAAAABAAAAAQAAAFwGAAA=</a:base64Binary><a:base64Binary>aEIAAAUAAAD//v8pYwBvAHYAZQByAF8AagBvAGkAbgB0AF8AdgAzAC4AMQAuADIALQAxAEAAcgBvAGIAbwBWADMAKAB1AHIAZABmAF8AYwBoAGEAbgBnAGUAZAApAAQAAAAQAAAAAQAAAAEAAACjBgAA</a:base64Binary><a:base64Binary>aEIAAAUAAAD//v8ZagAxAC0AMQBAAHIAbwBiAG8AVgAzACgAdQByAGQAZgBfAGMAaABhAG4AZwBlAGQAKQAEAAAAEAAAAAEAAAABAAAArAYAAA==</a:base64Binary><a:base64Binary>aEIAAAUAAAD//v8ZagAxAC0AMgBAAHIAbwBiAG8AVgAzACgAdQByAGQAZgBfAGMAaABhAG4AZwBlAGQAKQAEAAAAEAAAAAEAAAABAAAArQYAAA==</a:base64Binary><a:base64Binary>aEIAAAUAAAD//v8ebQBhAHQAeABlAG8AMQAtADEAQAByAG8AYgBvAFYAMwAoAHUAcgBkAGYAXwBjAGgAYQBuAGcAZQBkACkABAAAABAAAAABAAAAAQAAAL0GAAA=</a:base64Binary><a:base64Binary>aEIAAAUAAAD//v8tQQByAGMAYQBkAGUAIABQAHUAcwBoACAAYgB1AHQAdABvAG4AIABhAHMAbQAtADIAQAByAG8AYgBvAFYAMwAoAHUAcgBkAGYAXwBjAGgAYQBuAGcAZQBkACkABAAAABAAAAABAAAAAQAAAM8GAAA=</a:base64Binary><a:base64Binary>aEIAAAUAAAD//v86UwB0AG8AcAAgAFMAdwBpAHQAYwBoACAAUAB1AHMAaAAgAEIAdQB0AHQAbwBuACAATABBAFkAMwA3ACAAKABQAEIAQwApAC0AMwBAAHIAbwBiAG8AVgAzACgAdQByAGQAZgBfAGMAaABhAG4AZwBlAGQAKQAEAAAAEAAAAAEAAAABAAAA9wYAAA==</a:base64Binary><a:base64Binary>aEIAAAUAAAD//v8sYwBvAHYAZQByAF8AdQBwAF8AdgAyAF8AbABpAG4AaABfAG0AaQBjAGEALQAxAEAAcgBvAGIAbwBWADMAKAB1AHIAZABmAF8AYwBoAGEAbgBnAGUAZAApAAQAAAAQAAAAAQAAAAEAAADZBwAA</a:base64Binary><a:base64Binary>aEIAAAUAAAD//v8eYQBsAGkAYgBhAGIAYQAtADEAQAByAG8AYgBvAFYAMwAoAHUAcgBkAGYAXwBjAGgAYQBuAGcAZQBkACkABAAAABAAAAABAAAAAQAAADYIAAA=</a:base64Binary><a:base64Binary>aEIAAAUAAAD//v8aYwBoAGUALQAxAEAAcgBvAGIAbwBWADMAKAB1AHIAZABmAF8AYwBoAGEAbgBnAGUAZAApAAQAAAAQAAAAAQAAAAEAAAA8CAAA</a:base64Binary><a:base64Binary>aEIAAAUAAAD//v8aYwBoAGUALQAyAEAAcgBvAGIAbwBWADMAKAB1AHIAZABmAF8AYwBoAGEAbgBnAGUAZAApAAQAAAAQAAAAAQAAAAEAAABQCAAA</a:base64Binary><a:base64Binary>aEIAAAUAAAD//v8aYwBoAGUALQAzAEAAcgBvAGIAbwBWADMAKAB1AHIAZABmAF8AYwBoAGEAbgBnAGUAZAApAAQAAAAQAAAAAQAAAAEAAABZCAAA</a:base64Binary><a:base64Binary>aEIAAAUAAAD//v8aYwBoAGUALQA0AEAAcgBvAGIAbwBWADMAKAB1AHIAZABmAF8AYwBoAGEAbgBnAGUAZAApAAQAAAAQAAAAAQAAAAEAAABhCAAA</a:base64Binary><a:base64Binary>aEIAAAUAAAD//v8aYwBoAGUALQA1AEAAcgBvAGIAbwBWADMAKAB1AHIAZABmAF8AYwBoAGEAbgBnAGUAZAApAAQAAAAQAAAAAQAAAAEAAABpCAAA</a:base64Binary><a:base64Binary>aEIAAAUAAAD//v8aYwBoAGUALQA2AEAAcgBvAGIAbwBWADMAKAB1AHIAZABmAF8AYwBoAGEAbgBnAGUAZAApAAQAAAAQAAAAAQAAAAEAAABxCAAA</a:base64Binary><a:base64Binary>aEIAAAUAAAD//v8lZwBhAF8AbQBpAG4AaQBwAGMAXwBjAG8AbQBwAC0AMQBAAHIAbwBiAG8AVgAzACgAdQByAGQAZgBfAGMAaABhAG4AZwBlAGQAKQAEAAAAEAAAAAEAAAABAAAAxggAAA==</a:base64Binary><a:base64Binary>aEIAAAUAAAD//v8jZwBhAF8AbQBpAG4AaQBwAGMAXwB2ADIALQAyAEAAcgBvAGIAbwBWADMAKAB1AHIAZABmAF8AYwBoAGEAbgBnAGUAZAApAAQAAAAQAAAAAQAAAAEAAACxCAAA</a:base64Binary><a:base64Binary>aEIAAAUAAAD//v8jZwBhAF8AbQBpAG4AaQBwAGMAXwB2ADIALQAxAEAAcgBvAGIAbwBWADMAKAB1AHIAZABmAF8AYwBoAGEAbgBnAGUAZAApAAQAAAAQAAAAAQAAAAEAAACwCAAA</a:base64Binary><a:base64Binary>aEIAAAUAAAD//v8eaABvAHAAXwBwAGkAbgAtADEAQAByAG8AYgBvAFYAMwAoAHUAcgBkAGYAXwBjAGgAYQBuAGcAZQBkACkABAAAABAAAAABAAAAAQAAAN8IAAA=</a:base64Binary><a:base64Binary>aEIAAAUAAAD//v8fbgBhAG4AZwBfAGMAYQBtAC0AMQBAAHIAbwBiAG8AVgAzACgAdQByAGQAZgBfAGMAaABhAG4AZwBlAGQAKQAEAAAAEAAAAAEAAAABAAAA6ggAAA==</a:base64Binary><a:base64Binary>aEIAAAUAAAD//v81ZwBhAF8AYwBvAG0ALQAxAEAAcgBvAGIAbwBWADMAKAB1AHIAZABmAF8AYwBoAGEAbgBnAGUAZAApAC8AMgAwAHgAMgAwAF8AYQBsAHUAXwBkAG8AYwAxAC0AMgBAAGcAYQBfAGMAbwBtAAQAAAAQAAAAAQAAAAIAAAANCQAAGwAAAA==</a:base64Binary><a:base64Binary>aEIAAAUAAAD//v81ZwBhAF8AYwBvAG0ALQAxAEAAcgBvAGIAbwBWADMAKAB1AHIAZABmAF8AYwBoAGEAbgBnAGUAZAApAC8AMgAwAHgAMgAwAF8AYQBsAHUAXwBkAG8AYwAxAC0AMQBAAGcAYQBfAGMAbwBtAAQAAAAQAAAAAQAAAAIAAAANCQAAGgAAAA==</a:base64Binary><a:base64Binary>aEIAAAUAAAD//v8uZwBhAF8AYwBvAG0ALQAxAEAAcgBvAGIAbwBWADMAKAB1AHIAZABmAF8AYwBoAGEAbgBnAGUAZAApAC8AdABhAGIAbABlAHQAMgAtADEAQABnAGEAXwBjAG8AbQAEAAAAEAAAAAEAAAACAAAADQkAACcAAAA=</a:base64Binary><a:base64Binary>aEIAAAUAAAD//v8uZwBhAF8AYwBvAG0ALQAxAEAAcgBvAGIAbwBWADMAKAB1AHIAZABmAF8AYwBoAGEAbgBnAGUAZAApAC8AdABhAGIAbABlAHQAMQAtADEAQABnAGEAXwBjAG8AbQAEAAAAEAAAAAEAAAACAAAADQkAABwAAAA=</a:base64Binary><a:base64Binary>aEIAAAUAAAD//v8yZwBhAF8AYwBvAG0ALQAxAEAAcgBvAGIAbwBWADMAKAB1AHIAZABmAF8AYwBoAGEAbgBnAGUAZAApAC8AbQBpAGMAYQBfAHQAYQBiAGwAZQB0AC0AMQBAAGcAYQBfAGMAbwBtAAQAAAAQAAAAAQAAAAIAAAANCQAALAAAAA==</a:base64Binary><a:base64Binary>aEIAAAUAAAD//v9HZwBhAF8AYwBvAG0ALQAxAEAAcgBvAGIAbwBWADMAKAB1AHIAZABmAF8AYwBoAGEAbgBnAGUAZAApAC8AbwBwAF8AdABhAGIALQAxAEAAZwBhAF8AYwBvAG0ALwBmAHIAbwBuAHQAXwBvAHAAXwB0AGEAYgBsAGUAdAAzAC0AMgBAAG8AcABfAHQAYQBiAAQAAAAQAAAAAQAAAAMAAAANCQAAMAAAABoAAAA=</a:base64Binary><a:base64Binary>aEIAAAUAAAD//v9GZwBhAF8AYwBvAG0ALQAxAEAAcgBvAGIAbwBWADMAKAB1AHIAZABmAF8AYwBoAGEAbgBnAGUAZAApAC8AbwBwAF8AdABhAGIALQAxAEAAZwBhAF8AYwBvAG0ALwBiAGEAYwBrAF8AbwBwAF8AdABhAGIAbABlAHQAMwAtADIAQABvAHAAXwB0AGEAYgAEAAAAEAAAAAEAAAADAAAADQkAADAAAAAbAAAA</a:base64Binary><a:base64Binary>aEIAAAUAAAD//v83ZwBhAF8AYwBvAG0ALQAxAEAAcgBvAGIAbwBWADMAKAB1AHIAZABmAF8AYwBoAGEAbgBnAGUAZAApAC8AMgAwAHgAMgAwAF8AYQBsAHUAXwBuAGcAYQBuAGcAMQAtADEAQABnAGEAXwBjAG8AbQAEAAAAEAAAAAEAAAACAAAADQkAABkAAAA=</a:base64Binary><a:base64Binary>aEIAAAUAAAD//v8faABvAHAAXwBuAGEAbgBvAC0AMQBAAHIAbwBiAG8AVgAzACgAdQByAGQAZgBfAGMAaABhAG4AZwBlAGQAKQAEAAAAEAAAAAEAAAABAAAANAkAAA==</a:base64Binary></SWComponentPIDs><SWMainComponentPID i:nil="true"/><Visual z:Ref="i16"/><isFixedFrame>false</isFixedFrame><isIncomplete>false</isIncomplete></Link>
2025-06-26 14:53:25,107 INFO  LinkNode.cs: 35 - Building node base_link
2025-06-26 14:53:25,108 INFO  LinkNode.cs: 35 - Building node lidar_link
2025-06-26 14:53:25,108 INFO  LinkNode.cs: 35 - Building node imu_link
2025-06-26 14:53:25,108 INFO  LinkNode.cs: 35 - Building node right_wheel_link
2025-06-26 14:53:25,109 INFO  LinkNode.cs: 35 - Building node left_wheel_link
2025-06-26 14:53:25,109 INFO  LinkNode.cs: 35 - Building node camera_link
2025-06-26 14:53:25,109 INFO  LinkNode.cs: 35 - Building node caster1_link
2025-06-26 14:53:25,110 INFO  LinkNode.cs: 35 - Building node caster2_link
2025-06-26 14:53:25,110 INFO  LinkNode.cs: 35 - Building node caster3_link
2025-06-26 14:53:25,110 INFO  LinkNode.cs: 35 - Building node caster4_link
2025-06-26 14:53:25,111 INFO  CommonSwOperations.cs: 221 - Loading SolidWorks components for base_link from D:\DA_Robot\hoc_solid\model_v5_packgo1\robotv2\roboV3(urdf_changed).SLDASM
2025-06-26 14:53:25,113 INFO  CommonSwOperations.cs: 245 - Loading component with PID hB     ???&c u m _ b a n h _ x e _ l o n - 3 @ r o b o V 3 ( u r d f _ c h a n g e d )             ?  
2025-06-26 14:53:25,115 INFO  CommonSwOperations.cs: 254 - Successfully loaded component D:\DA_Robot\hoc_solid\model_v5_packgo1\cum_banh_xe_lon.SLDASM
2025-06-26 14:53:25,115 INFO  CommonSwOperations.cs: 245 - Loading component with PID hB     ???2 0 m m - 2 @ r o b o V 3 ( u r d f _ c h a n g e d )             )  
2025-06-26 14:53:25,116 INFO  CommonSwOperations.cs: 254 - Successfully loaded component D:\DA_Robot\hoc_solid\model_v5_packgo1\20mm.SLDPRT
2025-06-26 14:53:25,116 INFO  CommonSwOperations.cs: 245 - Loading component with PID hB     ???2 0 m m - 8 @ r o b o V 3 ( u r d f _ c h a n g e d )             /  
2025-06-26 14:53:25,116 INFO  CommonSwOperations.cs: 254 - Successfully loaded component D:\DA_Robot\hoc_solid\model_v5_packgo1\20mm.SLDPRT
2025-06-26 14:53:25,117 INFO  CommonSwOperations.cs: 245 - Loading component with PID hB     ??? m o t o r A x i s - 1 @ r o b o V 3 ( u r d f _ c h a n g e d )             ?  
2025-06-26 14:53:25,117 INFO  CommonSwOperations.cs: 254 - Successfully loaded component D:\DA_Robot\hoc_solid\model_v5_packgo1\motorAxis.SLDPRT
2025-06-26 14:53:25,117 INFO  CommonSwOperations.cs: 245 - Loading component with PID hB     ???#l i d a r _ p u s h u p - 1 @ r o b o V 3 ( u r d f _ c h a n g e d )             ?  
2025-06-26 14:53:25,118 INFO  CommonSwOperations.cs: 254 - Successfully loaded component D:\DA_Robot\hoc_solid\model_v5_packgo1\lidar_pushup.SLDPRT
2025-06-26 14:53:25,118 INFO  CommonSwOperations.cs: 245 - Loading component with PID hB     ???'s t a n d o f f _ M 2 _ 2 0 m m - 1 @ r o b o V 3 ( u r d f _ c h a n g e d )             ?  
2025-06-26 14:53:25,118 INFO  CommonSwOperations.cs: 254 - Successfully loaded component D:\DA_Robot\hoc_solid\model_v5_packgo1\standoff_M2_20mm.SLDPRT
2025-06-26 14:53:25,118 INFO  CommonSwOperations.cs: 245 - Loading component with PID hB     ???'s t a n d o f f _ M 2 _ 2 0 m m - 3 @ r o b o V 3 ( u r d f _ c h a n g e d )             ?  
2025-06-26 14:53:25,119 INFO  CommonSwOperations.cs: 254 - Successfully loaded component D:\DA_Robot\hoc_solid\model_v5_packgo1\standoff_M2_20mm.SLDPRT
2025-06-26 14:53:25,119 INFO  CommonSwOperations.cs: 245 - Loading component with PID hB     ???'s t a n d o f f _ M 2 _ 2 0 m m - 4 @ r o b o V 3 ( u r d f _ c h a n g e d )             ?  
2025-06-26 14:53:25,119 INFO  CommonSwOperations.cs: 254 - Successfully loaded component D:\DA_Robot\hoc_solid\model_v5_packgo1\standoff_M2_20mm.SLDPRT
2025-06-26 14:53:25,119 INFO  CommonSwOperations.cs: 245 - Loading component with PID hB     ???'s t a n d o f f _ M 2 _ 2 0 m m - 5 @ r o b o V 3 ( u r d f _ c h a n g e d )             ?  
2025-06-26 14:53:25,120 INFO  CommonSwOperations.cs: 254 - Successfully loaded component D:\DA_Robot\hoc_solid\model_v5_packgo1\standoff_M2_20mm.SLDPRT
2025-06-26 14:53:25,120 INFO  CommonSwOperations.cs: 245 - Loading component with PID hB     ???b a t t e r y - 1 @ r o b o V 3 ( u r d f _ c h a n g e d )             ?  
2025-06-26 14:53:25,120 INFO  CommonSwOperations.cs: 254 - Successfully loaded component D:\DA_Robot\hoc_solid\model_v5_packgo1\battery.SLDPRT
2025-06-26 14:53:25,120 INFO  CommonSwOperations.cs: 245 - Loading component with PID hB     ???(h o v e r b o a r d _ d r i v e r - 1 @ r o b o V 3 ( u r d f _ c h a n g e d )             ?  
2025-06-26 14:53:25,121 INFO  CommonSwOperations.cs: 254 - Successfully loaded component D:\DA_Robot\hoc_solid\model_v5_packgo1\hoverboard_driver.SLDPRT
2025-06-26 14:53:25,121 INFO  CommonSwOperations.cs: 245 - Loading component with PID hB     ???(c u m _ r e l a y _ m y 4 n _ 4 p - 1 @ r o b o V 3 ( u r d f _ c h a n g e d )             ?  
2025-06-26 14:53:25,121 INFO  CommonSwOperations.cs: 254 - Successfully loaded component D:\DA_Robot\hoc_solid\model_v5_packgo1\cum_relay_my4n_4p.SLDASM
2025-06-26 14:53:25,121 INFO  CommonSwOperations.cs: 245 - Loading component with PID hB     ???#l i d a r _ p u s h u p - 3 @ r o b o V 3 ( u r d f _ c h a n g e d )               
2025-06-26 14:53:25,122 INFO  CommonSwOperations.cs: 254 - Successfully loaded component D:\DA_Robot\hoc_solid\model_v5_packgo1\lidar_pushup.SLDPRT
2025-06-26 14:53:25,122 INFO  CommonSwOperations.cs: 245 - Loading component with PID hB     ???(3 6 v _ 1 2 v _ c o n v e r t e r - 1 @ r o b o V 3 ( u r d f _ c h a n g e d )                
2025-06-26 14:53:25,122 INFO  CommonSwOperations.cs: 254 - Successfully loaded component D:\DA_Robot\hoc_solid\model_v5_packgo1\36v_12v_converter.SLDPRT
2025-06-26 14:53:25,122 INFO  CommonSwOperations.cs: 245 - Loading component with PID hB     ???#r e m o t e _ r e l a y - 1 @ r o b o V 3 ( u r d f _ c h a n g e d )             1  
2025-06-26 14:53:25,123 INFO  CommonSwOperations.cs: 254 - Successfully loaded component D:\DA_Robot\hoc_solid\model_v5_packgo1\remote_relay.SLDPRT
2025-06-26 14:53:25,123 INFO  CommonSwOperations.cs: 245 - Loading component with PID hB     ???%a l u m i n i u m _ b a s e - 1 @ r o b o V 3 ( u r d f _ c h a n g e d )             5  
2025-06-26 14:53:25,123 INFO  CommonSwOperations.cs: 254 - Successfully loaded component D:\DA_Robot\hoc_solid\model_v5_packgo1\aluminium_base.SLDPRT
2025-06-26 14:53:25,123 INFO  CommonSwOperations.cs: 245 - Loading component with PID hB     ???"p i _ h a n g _ i m u - 1 @ r o b o V 3 ( u r d f _ c h a n g e d )             [  
2025-06-26 14:53:25,124 INFO  CommonSwOperations.cs: 254 - Successfully loaded component D:\DA_Robot\hoc_solid\model_v5_packgo1\pi_hang_imu.SLDPRT
2025-06-26 14:53:25,124 INFO  CommonSwOperations.cs: 245 - Loading component with PID hB     ???#W E I D U   T B 2 5 X X - 1 @ r o b o V 3 ( u r d f _ c h a n g e d )             x  
2025-06-26 14:53:25,124 INFO  CommonSwOperations.cs: 254 - Successfully loaded component D:\DA_Robot\hoc_solid\model_v5_packgo1\WEIDU TB25XX.SLDASM
2025-06-26 14:53:25,124 INFO  CommonSwOperations.cs: 245 - Loading component with PID hB     ???+@>D8;L  V - s l o t   2 0 x 4 0 - 1 @ r o b o V 3 ( u r d f _ c h a n g e d )             ~  
2025-06-26 14:53:25,125 INFO  CommonSwOperations.cs: 254 - Successfully loaded component D:\DA_Robot\hoc_solid\model_v5_packgo1\??????? V-slot 20x40.SLDPRT
2025-06-26 14:53:25,125 INFO  CommonSwOperations.cs: 245 - Loading component with PID hB     ???+@>D8;L  V - s l o t   2 0 x 4 0 - 3 @ r o b o V 3 ( u r d f _ c h a n g e d )             ?  
2025-06-26 14:53:25,125 INFO  CommonSwOperations.cs: 254 - Successfully loaded component D:\DA_Robot\hoc_solid\model_v5_packgo1\??????? V-slot 20x40.SLDPRT
2025-06-26 14:53:25,125 INFO  CommonSwOperations.cs: 245 - Loading component with PID hB     ???<2 0 x 2 0 _ a l u m i n u m _ e x t r u s i o n _ p r o f i l e   2 6 c m - 1 @ r o b o V 3 ( u r d f _ c h a n g e d )             ?  
2025-06-26 14:53:25,126 INFO  CommonSwOperations.cs: 254 - Successfully loaded component D:\DA_Robot\hoc_solid\model_v5_packgo1\20x20_aluminum_extrusion_profile 26cm.SLDPRT
2025-06-26 14:53:25,126 INFO  CommonSwOperations.cs: 245 - Loading component with PID hB     ???2 0 m m - 1 0 @ r o b o V 3 ( u r d f _ c h a n g e d )             ?  
2025-06-26 14:53:25,126 INFO  CommonSwOperations.cs: 254 - Successfully loaded component D:\DA_Robot\hoc_solid\model_v5_packgo1\20mm.SLDPRT
2025-06-26 14:53:25,126 INFO  CommonSwOperations.cs: 245 - Loading component with PID hB     ???&c u m _ b a n h _ x e _ l o n - 5 @ r o b o V 3 ( u r d f _ c h a n g e d )             ?  
2025-06-26 14:53:25,127 INFO  CommonSwOperations.cs: 254 - Successfully loaded component D:\DA_Robot\hoc_solid\model_v5_packgo1\cum_banh_xe_lon.SLDASM
2025-06-26 14:53:25,127 INFO  CommonSwOperations.cs: 245 - Loading component with PID hB     ??? m o t o r A x i s - 4 @ r o b o V 3 ( u r d f _ c h a n g e d )             ?  
2025-06-26 14:53:25,127 INFO  CommonSwOperations.cs: 254 - Successfully loaded component D:\DA_Robot\hoc_solid\model_v5_packgo1\motorAxis.SLDPRT
2025-06-26 14:53:25,127 INFO  CommonSwOperations.cs: 245 - Loading component with PID hB     ???2 0 m m - 1 1 @ r o b o V 3 ( u r d f _ c h a n g e d )             ?  
2025-06-26 14:53:25,128 INFO  CommonSwOperations.cs: 254 - Successfully loaded component D:\DA_Robot\hoc_solid\model_v5_packgo1\20mm.SLDPRT
2025-06-26 14:53:25,129 INFO  CommonSwOperations.cs: 245 - Loading component with PID hB     ???,c u m _ d a h u o n g _ t r u o c _ s a u - 5 @ r o b o V 3 ( u r d f _ c h a n g e d )               
2025-06-26 14:53:25,129 INFO  CommonSwOperations.cs: 254 - Successfully loaded component D:\DA_Robot\hoc_solid\model_v5_packgo1\cum_dahuong_truoc_sau.SLDASM
2025-06-26 14:53:25,129 INFO  CommonSwOperations.cs: 245 - Loading component with PID hB     ???,c u m _ d a h u o n g _ t r u o c _ s a u - 6 @ r o b o V 3 ( u r d f _ c h a n g e d )                
2025-06-26 14:53:25,129 INFO  CommonSwOperations.cs: 254 - Successfully loaded component D:\DA_Robot\hoc_solid\model_v5_packgo1\cum_dahuong_truoc_sau.SLDASM
2025-06-26 14:53:25,130 INFO  CommonSwOperations.cs: 245 - Loading component with PID hB     ???$f u l l _ c o v e r _ v 2 - 1 @ r o b o V 3 ( u r d f _ c h a n g e d )             \  
2025-06-26 14:53:25,130 INFO  CommonSwOperations.cs: 254 - Successfully loaded component D:\DA_Robot\hoc_solid\model_v5_packgo1\full_cover_v2.SLDASM
2025-06-26 14:53:25,134 INFO  CommonSwOperations.cs: 245 - Loading component with PID hB     ???)c o v e r _ j o i n t _ v 3 . 1 . 2 - 1 @ r o b o V 3 ( u r d f _ c h a n g e d )             ?  
2025-06-26 14:53:25,346 INFO  CommonSwOperations.cs: 254 - Successfully loaded component D:\DA_Robot\hoc_solid\model_v5_packgo1\cover_joint_v3.1.2.SLDPRT
2025-06-26 14:53:25,346 INFO  CommonSwOperations.cs: 245 - Loading component with PID hB     ???j 1 - 1 @ r o b o V 3 ( u r d f _ c h a n g e d )             ?  
2025-06-26 14:53:25,347 INFO  CommonSwOperations.cs: 254 - Successfully loaded component D:\DA_Robot\hoc_solid\model_v5_packgo1\j1.SLDPRT
2025-06-26 14:53:25,347 INFO  CommonSwOperations.cs: 245 - Loading component with PID hB     ???j 1 - 2 @ r o b o V 3 ( u r d f _ c h a n g e d )             ?  
2025-06-26 14:53:25,348 INFO  CommonSwOperations.cs: 254 - Successfully loaded component D:\DA_Robot\hoc_solid\model_v5_packgo1\j1.SLDPRT
2025-06-26 14:53:25,348 INFO  CommonSwOperations.cs: 245 - Loading component with PID hB     ???m a t x e o 1 - 1 @ r o b o V 3 ( u r d f _ c h a n g e d )             ?  
2025-06-26 14:53:25,348 INFO  CommonSwOperations.cs: 254 - Successfully loaded component D:\DA_Robot\hoc_solid\model_v5_packgo1\matxeo1.SLDPRT
2025-06-26 14:53:25,349 INFO  CommonSwOperations.cs: 245 - Loading component with PID hB     ???-A r c a d e   P u s h   b u t t o n   a s m - 2 @ r o b o V 3 ( u r d f _ c h a n g e d )             ?  
2025-06-26 14:53:25,349 INFO  CommonSwOperations.cs: 254 - Successfully loaded component D:\DA_Robot\hoc_solid\model_v5_packgo1\Arcade Push button asm.SLDASM
2025-06-26 14:53:25,350 INFO  CommonSwOperations.cs: 245 - Loading component with PID hB     ???:S t o p   S w i t c h   P u s h   B u t t o n   L A Y 3 7   ( P B C ) - 3 @ r o b o V 3 ( u r d f _ c h a n g e d )             ?  
2025-06-26 14:53:25,350 INFO  CommonSwOperations.cs: 254 - Successfully loaded component D:\DA_Robot\hoc_solid\model_v5_packgo1\Stop Switch Push Button LAY37 (PBC).SLDPRT
2025-06-26 14:53:25,350 INFO  CommonSwOperations.cs: 245 - Loading component with PID hB     ???,c o v e r _ u p _ v 2 _ l i n h _ m i c a - 1 @ r o b o V 3 ( u r d f _ c h a n g e d )             ?  
2025-06-26 14:53:25,350 INFO  CommonSwOperations.cs: 254 - Successfully loaded component D:\DA_Robot\hoc_solid\model_v5_packgo1\cover_up_v2_linh_mica.SLDPRT
2025-06-26 14:53:25,351 INFO  CommonSwOperations.cs: 245 - Loading component with PID hB     ???a l i b a b a - 1 @ r o b o V 3 ( u r d f _ c h a n g e d )             6  
2025-06-26 14:53:25,351 INFO  CommonSwOperations.cs: 254 - Successfully loaded component D:\DA_Robot\hoc_solid\model_v5_packgo1\cam\alibaba.SLDASM
2025-06-26 14:53:25,351 INFO  CommonSwOperations.cs: 245 - Loading component with PID hB     ???c h e - 1 @ r o b o V 3 ( u r d f _ c h a n g e d )             <  
2025-06-26 14:53:25,352 INFO  CommonSwOperations.cs: 254 - Successfully loaded component D:\DA_Robot\hoc_solid\model_v5_packgo1\che\che.SLDPRT
2025-06-26 14:53:25,352 INFO  CommonSwOperations.cs: 245 - Loading component with PID hB     ???c h e - 2 @ r o b o V 3 ( u r d f _ c h a n g e d )             P  
2025-06-26 14:53:25,352 INFO  CommonSwOperations.cs: 254 - Successfully loaded component D:\DA_Robot\hoc_solid\model_v5_packgo1\che\che.SLDPRT
2025-06-26 14:53:25,353 INFO  CommonSwOperations.cs: 245 - Loading component with PID hB     ???c h e - 3 @ r o b o V 3 ( u r d f _ c h a n g e d )             Y  
2025-06-26 14:53:25,353 INFO  CommonSwOperations.cs: 254 - Successfully loaded component D:\DA_Robot\hoc_solid\model_v5_packgo1\che\che.SLDPRT
2025-06-26 14:53:25,353 INFO  CommonSwOperations.cs: 245 - Loading component with PID hB     ???c h e - 4 @ r o b o V 3 ( u r d f _ c h a n g e d )             a  
2025-06-26 14:53:25,354 INFO  CommonSwOperations.cs: 254 - Successfully loaded component D:\DA_Robot\hoc_solid\model_v5_packgo1\che\che.SLDPRT
2025-06-26 14:53:25,354 INFO  CommonSwOperations.cs: 245 - Loading component with PID hB     ???c h e - 5 @ r o b o V 3 ( u r d f _ c h a n g e d )             i  
2025-06-26 14:53:25,354 INFO  CommonSwOperations.cs: 254 - Successfully loaded component D:\DA_Robot\hoc_solid\model_v5_packgo1\che\che.SLDPRT
2025-06-26 14:53:25,355 INFO  CommonSwOperations.cs: 245 - Loading component with PID hB     ???c h e - 6 @ r o b o V 3 ( u r d f _ c h a n g e d )             q  
2025-06-26 14:53:25,355 INFO  CommonSwOperations.cs: 254 - Successfully loaded component D:\DA_Robot\hoc_solid\model_v5_packgo1\che\che.SLDPRT
2025-06-26 14:53:25,355 INFO  CommonSwOperations.cs: 245 - Loading component with PID hB     ???%g a _ m i n i p c _ c o m p - 1 @ r o b o V 3 ( u r d f _ c h a n g e d )             ?  
2025-06-26 14:53:25,356 INFO  CommonSwOperations.cs: 254 - Successfully loaded component D:\DA_Robot\hoc_solid\model_v5_packgo1\robotv2\2nd_floor_v2\ga_minipc_comp.SLDASM
2025-06-26 14:53:25,356 INFO  CommonSwOperations.cs: 245 - Loading component with PID hB     ???#g a _ m i n i p c _ v 2 - 2 @ r o b o V 3 ( u r d f _ c h a n g e d )             ?  
2025-06-26 14:53:25,356 INFO  CommonSwOperations.cs: 254 - Successfully loaded component D:\DA_Robot\hoc_solid\model_v5_packgo1\robotv2\2nd_floor_v2\ga_minipc_v2.SLDASM
2025-06-26 14:53:25,356 INFO  CommonSwOperations.cs: 245 - Loading component with PID hB     ???#g a _ m i n i p c _ v 2 - 1 @ r o b o V 3 ( u r d f _ c h a n g e d )             ?  
2025-06-26 14:53:25,357 INFO  CommonSwOperations.cs: 254 - Successfully loaded component D:\DA_Robot\hoc_solid\model_v5_packgo1\robotv2\2nd_floor_v2\ga_minipc_v2.SLDASM
2025-06-26 14:53:25,357 INFO  CommonSwOperations.cs: 245 - Loading component with PID hB     ???h o p _ p i n - 1 @ r o b o V 3 ( u r d f _ c h a n g e d )             ?  
2025-06-26 14:53:25,357 INFO  CommonSwOperations.cs: 254 - Successfully loaded component D:\DA_Robot\hoc_solid\model_v5_packgo1\robotv2\hop_pin\hop_pin.SLDPRT
2025-06-26 14:53:25,357 INFO  CommonSwOperations.cs: 245 - Loading component with PID hB     ???n a n g _ c a m - 1 @ r o b o V 3 ( u r d f _ c h a n g e d )             ?  
2025-06-26 14:53:25,358 INFO  CommonSwOperations.cs: 254 - Successfully loaded component D:\DA_Robot\hoc_solid\model_v5_packgo1\robotv2\nang_cam.SLDPRT
2025-06-26 14:53:25,358 INFO  CommonSwOperations.cs: 245 - Loading component with PID hB     ???5g a _ c o m - 1 @ r o b o V 3 ( u r d f _ c h a n g e d ) / 2 0 x 2 0 _ a l u _ d o c 1 - 2 @ g a _ c o m             	     
2025-06-26 14:53:25,358 INFO  CommonSwOperations.cs: 254 - Successfully loaded component D:\DA_Robot\hoc_solid\model_v5_packgo1\robotv2\ga_tablet\20x20_alu_doc1.SLDPRT
2025-06-26 14:53:25,359 INFO  CommonSwOperations.cs: 245 - Loading component with PID hB     ???5g a _ c o m - 1 @ r o b o V 3 ( u r d f _ c h a n g e d ) / 2 0 x 2 0 _ a l u _ d o c 1 - 1 @ g a _ c o m             	     
2025-06-26 14:53:25,359 INFO  CommonSwOperations.cs: 254 - Successfully loaded component D:\DA_Robot\hoc_solid\model_v5_packgo1\robotv2\ga_tablet\20x20_alu_doc1.SLDPRT
2025-06-26 14:53:25,359 INFO  CommonSwOperations.cs: 245 - Loading component with PID hB     ???.g a _ c o m - 1 @ r o b o V 3 ( u r d f _ c h a n g e d ) / t a b l e t 2 - 1 @ g a _ c o m             	  '   
2025-06-26 14:53:25,360 ERROR CommonSwOperations.cs: 281 - The component associated with PID hB     ???.g a _ c o m - 1 @ r o b o V 3 ( u r d f _ c h a n g e d ) / t a b l e t 2 - 1 @ g a _ c o m             	  '    was found to be invalid
2025-06-26 14:53:25,360 WARN  CommonSwOperations.cs: 249 - Component with PID hB     ???.g a _ c o m - 1 @ r o b o V 3 ( u r d f _ c h a n g e d ) / t a b l e t 2 - 1 @ g a _ c o m             	  '    failed to load
2025-06-26 14:53:25,360 INFO  CommonSwOperations.cs: 245 - Loading component with PID hB     ???.g a _ c o m - 1 @ r o b o V 3 ( u r d f _ c h a n g e d ) / t a b l e t 1 - 1 @ g a _ c o m             	     
2025-06-26 14:53:25,361 ERROR CommonSwOperations.cs: 281 - The component associated with PID hB     ???.g a _ c o m - 1 @ r o b o V 3 ( u r d f _ c h a n g e d ) / t a b l e t 1 - 1 @ g a _ c o m             	      was found to be invalid
2025-06-26 14:53:25,361 WARN  CommonSwOperations.cs: 249 - Component with PID hB     ???.g a _ c o m - 1 @ r o b o V 3 ( u r d f _ c h a n g e d ) / t a b l e t 1 - 1 @ g a _ c o m             	      failed to load
2025-06-26 14:53:25,361 INFO  CommonSwOperations.cs: 245 - Loading component with PID hB     ???2g a _ c o m - 1 @ r o b o V 3 ( u r d f _ c h a n g e d ) / m i c a _ t a b l e t - 1 @ g a _ c o m             	  ,   
2025-06-26 14:53:25,362 ERROR CommonSwOperations.cs: 281 - The component associated with PID hB     ???2g a _ c o m - 1 @ r o b o V 3 ( u r d f _ c h a n g e d ) / m i c a _ t a b l e t - 1 @ g a _ c o m             	  ,    was found to be invalid
2025-06-26 14:53:25,362 WARN  CommonSwOperations.cs: 249 - Component with PID hB     ???2g a _ c o m - 1 @ r o b o V 3 ( u r d f _ c h a n g e d ) / m i c a _ t a b l e t - 1 @ g a _ c o m             	  ,    failed to load
2025-06-26 14:53:25,362 INFO  CommonSwOperations.cs: 245 - Loading component with PID hB     ???Gg a _ c o m - 1 @ r o b o V 3 ( u r d f _ c h a n g e d ) / o p _ t a b - 1 @ g a _ c o m / f r o n t _ o p _ t a b l e t 3 - 2 @ o p _ t a b             	  0      
2025-06-26 14:53:25,362 ERROR CommonSwOperations.cs: 281 - The component associated with PID hB     ???Gg a _ c o m - 1 @ r o b o V 3 ( u r d f _ c h a n g e d ) / o p _ t a b - 1 @ g a _ c o m / f r o n t _ o p _ t a b l e t 3 - 2 @ o p _ t a b             	  0       was found to be invalid
2025-06-26 14:53:25,363 WARN  CommonSwOperations.cs: 249 - Component with PID hB     ???Gg a _ c o m - 1 @ r o b o V 3 ( u r d f _ c h a n g e d ) / o p _ t a b - 1 @ g a _ c o m / f r o n t _ o p _ t a b l e t 3 - 2 @ o p _ t a b             	  0       failed to load
2025-06-26 14:53:25,363 INFO  CommonSwOperations.cs: 245 - Loading component with PID hB     ???Fg a _ c o m - 1 @ r o b o V 3 ( u r d f _ c h a n g e d ) / o p _ t a b - 1 @ g a _ c o m / b a c k _ o p _ t a b l e t 3 - 2 @ o p _ t a b             	  0      
2025-06-26 14:53:25,363 ERROR CommonSwOperations.cs: 281 - The component associated with PID hB     ???Fg a _ c o m - 1 @ r o b o V 3 ( u r d f _ c h a n g e d ) / o p _ t a b - 1 @ g a _ c o m / b a c k _ o p _ t a b l e t 3 - 2 @ o p _ t a b             	  0       was found to be invalid
2025-06-26 14:53:25,363 WARN  CommonSwOperations.cs: 249 - Component with PID hB     ???Fg a _ c o m - 1 @ r o b o V 3 ( u r d f _ c h a n g e d ) / o p _ t a b - 1 @ g a _ c o m / b a c k _ o p _ t a b l e t 3 - 2 @ o p _ t a b             	  0       failed to load
2025-06-26 14:53:25,365 INFO  CommonSwOperations.cs: 245 - Loading component with PID hB     ???7g a _ c o m - 1 @ r o b o V 3 ( u r d f _ c h a n g e d ) / 2 0 x 2 0 _ a l u _ n g a n g 1 - 1 @ g a _ c o m             	     
2025-06-26 14:53:25,365 INFO  CommonSwOperations.cs: 254 - Successfully loaded component D:\DA_Robot\hoc_solid\model_v5_packgo1\robotv2\ga_tablet\20x20_alu_ngang1.SLDPRT
2025-06-26 14:53:25,365 INFO  CommonSwOperations.cs: 245 - Loading component with PID hB     ???h o p _ n a n o - 1 @ r o b o V 3 ( u r d f _ c h a n g e d )             4	  
2025-06-26 14:53:25,365 INFO  CommonSwOperations.cs: 254 - Successfully loaded component D:\DA_Robot\hoc_solid\model_v5_packgo1\robotv2\hop_nano.SLDPRT
2025-06-26 14:53:25,366 ERROR CommonSwOperations.cs: 228 - Link base_link did not fully load all components
2025-06-26 14:53:25,366 INFO  CommonSwOperations.cs: 230 - Loaded 51 components for link base_link
2025-06-26 14:53:25,366 INFO  CommonSwOperations.cs: 221 - Loading SolidWorks components for lidar_link from D:\DA_Robot\hoc_solid\model_v5_packgo1\robotv2\roboV3(urdf_changed).SLDASM
2025-06-26 14:53:25,367 INFO  CommonSwOperations.cs: 245 - Loading component with PID hB     ???X 3 _ L i d a r - 1 @ r o b o V 3 ( u r d f _ c h a n g e d )             ?  
2025-06-26 14:53:25,367 INFO  CommonSwOperations.cs: 254 - Successfully loaded component D:\DA_Robot\hoc_solid\model_v5_packgo1\X3_Lidar.SLDPRT
2025-06-26 14:53:25,367 INFO  CommonSwOperations.cs: 230 - Loaded 1 components for link lidar_link
2025-06-26 14:53:25,368 INFO  CommonSwOperations.cs: 221 - Loading SolidWorks components for imu_link from D:\DA_Robot\hoc_solid\model_v5_packgo1\robotv2\roboV3(urdf_changed).SLDASM
2025-06-26 14:53:25,368 INFO  CommonSwOperations.cs: 245 - Loading component with PID hB     ???M P U 6 0 5 0 - 1 @ r o b o V 3 ( u r d f _ c h a n g e d )             ?  
2025-06-26 14:53:25,370 ERROR CommonSwOperations.cs: 281 - The component associated with PID hB     ???M P U 6 0 5 0 - 1 @ r o b o V 3 ( u r d f _ c h a n g e d )             ?   was found to be invalid
2025-06-26 14:53:25,371 WARN  CommonSwOperations.cs: 249 - Component with PID hB     ???M P U 6 0 5 0 - 1 @ r o b o V 3 ( u r d f _ c h a n g e d )             ?   failed to load
2025-06-26 14:53:25,371 ERROR CommonSwOperations.cs: 228 - Link imu_link did not fully load all components
2025-06-26 14:53:25,372 INFO  CommonSwOperations.cs: 230 - Loaded 0 components for link imu_link
2025-06-26 14:53:25,372 INFO  CommonSwOperations.cs: 221 - Loading SolidWorks components for right_wheel_link from D:\DA_Robot\hoc_solid\model_v5_packgo1\robotv2\roboV3(urdf_changed).SLDASM
2025-06-26 14:53:25,373 INFO  CommonSwOperations.cs: 245 - Loading component with PID hB     ??? m o t o r e d i t - 4 @ r o b o V 3 ( u r d f _ c h a n g e d )             ?  
2025-06-26 14:53:25,373 INFO  CommonSwOperations.cs: 254 - Successfully loaded component D:\DA_Robot\hoc_solid\model_v5_packgo1\motoredit.SLDPRT
2025-06-26 14:53:25,374 INFO  CommonSwOperations.cs: 230 - Loaded 1 components for link right_wheel_link
2025-06-26 14:53:25,374 INFO  CommonSwOperations.cs: 221 - Loading SolidWorks components for left_wheel_link from D:\DA_Robot\hoc_solid\model_v5_packgo1\robotv2\roboV3(urdf_changed).SLDASM
2025-06-26 14:53:25,374 INFO  CommonSwOperations.cs: 245 - Loading component with PID hB     ??? m o t o r e d i t - 3 @ r o b o V 3 ( u r d f _ c h a n g e d )             ?  
2025-06-26 14:53:25,375 INFO  CommonSwOperations.cs: 254 - Successfully loaded component D:\DA_Robot\hoc_solid\model_v5_packgo1\motoredit.SLDPRT
2025-06-26 14:53:25,375 INFO  CommonSwOperations.cs: 230 - Loaded 1 components for link left_wheel_link
2025-06-26 14:53:25,376 INFO  CommonSwOperations.cs: 221 - Loading SolidWorks components for camera_link from D:\DA_Robot\hoc_solid\model_v5_packgo1\robotv2\roboV3(urdf_changed).SLDASM
2025-06-26 14:53:25,376 INFO  CommonSwOperations.cs: 245 - Loading component with PID hB     ???#f i n a l   k i n e c t - 1 @ r o b o V 3 ( u r d f _ c h a n g e d )             ?  
2025-06-26 14:53:25,377 INFO  CommonSwOperations.cs: 254 - Successfully loaded component D:\DA_Robot\hoc_solid\model_v5_packgo1\lib\final kinect.SLDASM
2025-06-26 14:53:25,377 INFO  CommonSwOperations.cs: 230 - Loaded 1 components for link camera_link
2025-06-26 14:53:25,377 INFO  CommonSwOperations.cs: 221 - Loading SolidWorks components for caster1_link from D:\DA_Robot\hoc_solid\model_v5_packgo1\robotv2\roboV3(urdf_changed).SLDASM
2025-06-26 14:53:25,377 INFO  CommonSwOperations.cs: 245 - Loading component with PID hB     ????c u m _ d a h u o n g _ t r u o c _ s a u - 5 @ r o b o V 3 ( u r d f _ c h a n g e d ) / s u s p e n s i o n _ v 2 - 1 @ c u m _ d a h u o n g _ t r u o c _ s a u / b a n h d a h u o n g - 1 @ s u s p e n s i o n _ v 2 / b a n h _ e a s y - 1 @ b a n h d a h u o n g               +   t   A   
2025-06-26 14:53:25,378 INFO  CommonSwOperations.cs: 254 - Successfully loaded component D:\DA_Robot\hoc_solid\model_v5_packgo1\banh_easy.SLDPRT
2025-06-26 14:53:25,378 INFO  CommonSwOperations.cs: 230 - Loaded 1 components for link caster1_link
2025-06-26 14:53:25,379 INFO  CommonSwOperations.cs: 221 - Loading SolidWorks components for caster2_link from D:\DA_Robot\hoc_solid\model_v5_packgo1\robotv2\roboV3(urdf_changed).SLDASM
2025-06-26 14:53:25,379 INFO  CommonSwOperations.cs: 245 - Loading component with PID hB     ????c u m _ d a h u o n g _ t r u o c _ s a u - 5 @ r o b o V 3 ( u r d f _ c h a n g e d ) / s u s p e n s i o n _ v 2 - 2 @ c u m _ d a h u o n g _ t r u o c _ s a u / b a n h d a h u o n g - 1 @ s u s p e n s i o n _ v 2 / b a n h _ e a s y - 1 @ b a n h d a h u o n g               0   t   A   
2025-06-26 14:53:25,379 INFO  CommonSwOperations.cs: 254 - Successfully loaded component D:\DA_Robot\hoc_solid\model_v5_packgo1\banh_easy.SLDPRT
2025-06-26 14:53:25,379 INFO  CommonSwOperations.cs: 230 - Loaded 1 components for link caster2_link
2025-06-26 14:53:25,380 INFO  CommonSwOperations.cs: 221 - Loading SolidWorks components for caster3_link from D:\DA_Robot\hoc_solid\model_v5_packgo1\robotv2\roboV3(urdf_changed).SLDASM
2025-06-26 14:53:25,380 INFO  CommonSwOperations.cs: 245 - Loading component with PID hB     ????c u m _ d a h u o n g _ t r u o c _ s a u - 6 @ r o b o V 3 ( u r d f _ c h a n g e d ) / s u s p e n s i o n _ v 2 - 2 @ c u m _ d a h u o n g _ t r u o c _ s a u / b a n h d a h u o n g - 1 @ s u s p e n s i o n _ v 2 / b a n h _ e a s y - 1 @ b a n h d a h u o n g                0   t   A   
2025-06-26 14:53:25,380 INFO  CommonSwOperations.cs: 254 - Successfully loaded component D:\DA_Robot\hoc_solid\model_v5_packgo1\banh_easy.SLDPRT
2025-06-26 14:53:25,380 INFO  CommonSwOperations.cs: 230 - Loaded 1 components for link caster3_link
2025-06-26 14:53:25,380 INFO  CommonSwOperations.cs: 221 - Loading SolidWorks components for caster4_link from D:\DA_Robot\hoc_solid\model_v5_packgo1\robotv2\roboV3(urdf_changed).SLDASM
2025-06-26 14:53:25,381 INFO  CommonSwOperations.cs: 245 - Loading component with PID hB     ????c u m _ d a h u o n g _ t r u o c _ s a u - 6 @ r o b o V 3 ( u r d f _ c h a n g e d ) / s u s p e n s i o n _ v 2 - 1 @ c u m _ d a h u o n g _ t r u o c _ s a u / b a n h d a h u o n g - 1 @ s u s p e n s i o n _ v 2 / b a n h _ e a s y - 1 @ b a n h d a h u o n g                +   t   A   
2025-06-26 14:53:25,381 INFO  CommonSwOperations.cs: 254 - Successfully loaded component D:\DA_Robot\hoc_solid\model_v5_packgo1\banh_easy.SLDPRT
2025-06-26 14:53:25,382 INFO  CommonSwOperations.cs: 230 - Loaded 1 components for link caster4_link
2025-06-26 14:53:30,681 INFO  SwAddin.cs: 344 - Showing property manager
2025-06-26 14:54:06,938 INFO  ExportPropertyManager.cs: 416 - Configuration canceled
2025-06-26 14:54:06,965 INFO  ExportPropertyManager.cs: 1142 - AfterClose called. This method no longer throws an Exception. It just silently does nothing. Ok, except for this logging message
2025-06-26 14:56:28,122 INFO  SwAddin.cs: 294 - Assembly export called for file roboV3(urdf_changed).SLDASM
2025-06-26 14:56:28,122 INFO  SwAddin.cs: 299 - Save is required
2025-06-26 14:56:28,123 INFO  SwAddin.cs: 313 - Saving assembly
2025-06-26 14:56:29,450 INFO  SwAddin.cs: 316 - Opening property manager
2025-06-26 14:56:29,451 INFO  ExportHelperExtension.cs: 1125 - Retrieving features of type [CoordSys] from roboV3(urdf_changed).SLDASM
2025-06-26 14:56:29,452 INFO  ExportHelperExtension.cs: 1136 - Found 311 in roboV3(urdf_changed).SLDASM
2025-06-26 14:56:29,458 INFO  ExportHelperExtension.cs: 1145 - Found 18 features of type [CoordSys] in roboV3(urdf_changed).SLDASM
2025-06-26 14:56:29,459 INFO  ExportHelperExtension.cs: 1148 - Proceeding through assembly components
2025-06-26 14:56:29,459 INFO  ExportHelperExtension.cs: 1160 - 60 components to check
2025-06-26 14:56:29,460 INFO  ExportHelperExtension.cs: 1125 - Retrieving features of type [CoordSys] from alibaba-1
2025-06-26 14:56:29,771 INFO  ExportHelperExtension.cs: 1136 - Found 35 in alibaba-1
2025-06-26 14:56:29,772 INFO  ExportHelperExtension.cs: 1145 - Found 0 features of type [CoordSys] in alibaba-1
2025-06-26 14:56:29,772 INFO  ExportHelperExtension.cs: 1125 - Retrieving features of type [CoordSys] from Stop Switch Push Button LAY37 (PBC)-3
2025-06-26 14:56:29,773 INFO  ExportHelperExtension.cs: 1136 - Found 63 in Stop Switch Push Button LAY37 (PBC)-3
2025-06-26 14:56:29,773 INFO  ExportHelperExtension.cs: 1145 - Found 0 features of type [CoordSys] in Stop Switch Push Button LAY37 (PBC)-3
2025-06-26 14:56:29,774 INFO  ExportHelperExtension.cs: 1125 - Retrieving features of type [CoordSys] from che-2
2025-06-26 14:56:29,774 INFO  ExportHelperExtension.cs: 1136 - Found 25 in che-2
2025-06-26 14:56:29,774 INFO  ExportHelperExtension.cs: 1145 - Found 0 features of type [CoordSys] in che-2
2025-06-26 14:56:29,774 INFO  ExportHelperExtension.cs: 1125 - Retrieving features of type [CoordSys] from che-3
2025-06-26 14:56:29,774 INFO  ExportHelperExtension.cs: 1136 - Found 25 in che-3
2025-06-26 14:56:29,774 INFO  ExportHelperExtension.cs: 1145 - Found 0 features of type [CoordSys] in che-3
2025-06-26 14:56:29,776 INFO  ExportHelperExtension.cs: 1125 - Retrieving features of type [CoordSys] from ga_minipc_v2-2
2025-06-26 14:56:29,776 INFO  ExportHelperExtension.cs: 1136 - Found 31 in ga_minipc_v2-2
2025-06-26 14:56:29,776 INFO  ExportHelperExtension.cs: 1145 - Found 0 features of type [CoordSys] in ga_minipc_v2-2
2025-06-26 14:56:29,777 INFO  ExportHelperExtension.cs: 1125 - Retrieving features of type [CoordSys] from hop_pin-1
2025-06-26 14:56:29,777 INFO  ExportHelperExtension.cs: 1136 - Found 27 in hop_pin-1
2025-06-26 14:56:29,777 INFO  ExportHelperExtension.cs: 1145 - Found 0 features of type [CoordSys] in hop_pin-1
2025-06-26 14:56:29,778 INFO  ExportHelperExtension.cs: 1125 - Retrieving features of type [CoordSys] from che-4
2025-06-26 14:56:29,778 INFO  ExportHelperExtension.cs: 1136 - Found 25 in che-4
2025-06-26 14:56:29,778 INFO  ExportHelperExtension.cs: 1145 - Found 0 features of type [CoordSys] in che-4
2025-06-26 14:56:29,778 INFO  ExportHelperExtension.cs: 1125 - Retrieving features of type [CoordSys] from che-1
2025-06-26 14:56:29,779 INFO  ExportHelperExtension.cs: 1136 - Found 25 in che-1
2025-06-26 14:56:29,779 INFO  ExportHelperExtension.cs: 1145 - Found 0 features of type [CoordSys] in che-1
2025-06-26 14:56:29,779 INFO  ExportHelperExtension.cs: 1125 - Retrieving features of type [CoordSys] from nang_cam-1
2025-06-26 14:56:29,779 INFO  ExportHelperExtension.cs: 1136 - Found 25 in nang_cam-1
2025-06-26 14:56:29,780 INFO  ExportHelperExtension.cs: 1145 - Found 0 features of type [CoordSys] in nang_cam-1
2025-06-26 14:56:29,780 INFO  ExportHelperExtension.cs: 1125 - Retrieving features of type [CoordSys] from hop_nano-1
2025-06-26 14:56:29,780 INFO  ExportHelperExtension.cs: 1136 - Found 35 in hop_nano-1
2025-06-26 14:56:29,781 INFO  ExportHelperExtension.cs: 1145 - Found 0 features of type [CoordSys] in hop_nano-1
2025-06-26 14:56:29,781 INFO  ExportHelperExtension.cs: 1125 - Retrieving features of type [CoordSys] from op_tablet-1
2025-06-26 14:56:29,781 INFO  ExportHelperExtension.cs: 1136 - Found 37 in op_tablet-1
2025-06-26 14:56:29,781 INFO  ExportHelperExtension.cs: 1145 - Found 0 features of type [CoordSys] in op_tablet-1
2025-06-26 14:56:29,781 INFO  ExportHelperExtension.cs: 1125 - Retrieving features of type [CoordSys] from ga_minipc_v2-1
2025-06-26 14:56:29,781 INFO  ExportHelperExtension.cs: 1136 - Found 31 in ga_minipc_v2-1
2025-06-26 14:56:29,781 INFO  ExportHelperExtension.cs: 1145 - Found 0 features of type [CoordSys] in ga_minipc_v2-1
2025-06-26 14:56:29,782 INFO  ExportHelperExtension.cs: 1125 - Retrieving features of type [CoordSys] from cover_up_v2_linh_mica-1
2025-06-26 14:56:29,782 INFO  ExportHelperExtension.cs: 1136 - Found 28 in cover_up_v2_linh_mica-1
2025-06-26 14:56:29,782 INFO  ExportHelperExtension.cs: 1145 - Found 0 features of type [CoordSys] in cover_up_v2_linh_mica-1
2025-06-26 14:56:29,783 INFO  ExportHelperExtension.cs: 1125 - Retrieving features of type [CoordSys] from ga_minipc_comp-1
2025-06-26 14:56:29,783 INFO  ExportHelperExtension.cs: 1136 - Found 40 in ga_minipc_comp-1
2025-06-26 14:56:29,783 INFO  ExportHelperExtension.cs: 1145 - Found 0 features of type [CoordSys] in ga_minipc_comp-1
2025-06-26 14:56:29,784 INFO  ExportHelperExtension.cs: 1125 - Retrieving features of type [CoordSys] from ga_com-1
2025-06-26 14:56:29,784 INFO  ExportHelperExtension.cs: 1136 - Found 33 in ga_com-1
2025-06-26 14:56:29,784 INFO  ExportHelperExtension.cs: 1145 - Found 0 features of type [CoordSys] in ga_com-1
2025-06-26 14:56:29,784 INFO  ExportHelperExtension.cs: 1125 - Retrieving features of type [CoordSys] from kegoc_tab1-1
2025-06-26 14:56:29,785 INFO  ExportHelperExtension.cs: 1136 - Found 25 in kegoc_tab1-1
2025-06-26 14:56:29,785 INFO  ExportHelperExtension.cs: 1145 - Found 0 features of type [CoordSys] in kegoc_tab1-1
2025-06-26 14:56:29,785 INFO  ExportHelperExtension.cs: 1125 - Retrieving features of type [CoordSys] from che-6
2025-06-26 14:56:29,786 INFO  ExportHelperExtension.cs: 1136 - Found 25 in che-6
2025-06-26 14:56:29,786 INFO  ExportHelperExtension.cs: 1145 - Found 0 features of type [CoordSys] in che-6
2025-06-26 14:56:29,786 INFO  ExportHelperExtension.cs: 1125 - Retrieving features of type [CoordSys] from kegoc_tab2-1
2025-06-26 14:56:29,786 INFO  ExportHelperExtension.cs: 1136 - Found 25 in kegoc_tab2-1
2025-06-26 14:56:29,787 INFO  ExportHelperExtension.cs: 1145 - Found 0 features of type [CoordSys] in kegoc_tab2-1
2025-06-26 14:56:29,787 INFO  ExportHelperExtension.cs: 1125 - Retrieving features of type [CoordSys] from che-5
2025-06-26 14:56:29,787 INFO  ExportHelperExtension.cs: 1136 - Found 25 in che-5
2025-06-26 14:56:29,788 INFO  ExportHelperExtension.cs: 1145 - Found 0 features of type [CoordSys] in che-5
2025-06-26 14:56:29,788 INFO  ExportHelperExtension.cs: 1125 - Retrieving features of type [CoordSys] from final kinect-1
2025-06-26 14:56:29,788 INFO  ExportHelperExtension.cs: 1136 - Found 27 in final kinect-1
2025-06-26 14:56:29,788 INFO  ExportHelperExtension.cs: 1145 - Found 0 features of type [CoordSys] in final kinect-1
2025-06-26 14:56:29,789 INFO  ExportHelperExtension.cs: 1125 - Retrieving features of type [CoordSys] from cover_up_v2_linh-1
2025-06-26 14:56:29,789 INFO  ExportHelperExtension.cs: 1136 - Found 26 in cover_up_v2_linh-1
2025-06-26 14:56:29,789 INFO  ExportHelperExtension.cs: 1145 - Found 0 features of type [CoordSys] in cover_up_v2_linh-1
2025-06-26 14:56:29,790 INFO  ExportHelperExtension.cs: 1125 - Retrieving features of type [CoordSys] from battery-1
2025-06-26 14:56:29,790 INFO  ExportHelperExtension.cs: 1136 - Found 28 in battery-1
2025-06-26 14:56:29,790 INFO  ExportHelperExtension.cs: 1145 - Found 0 features of type [CoordSys] in battery-1
2025-06-26 14:56:29,792 INFO  ExportHelperExtension.cs: 1125 - Retrieving features of type [CoordSys] from standoff_M2_20mm-3
2025-06-26 14:56:29,792 INFO  ExportHelperExtension.cs: 1136 - Found 31 in standoff_M2_20mm-3
2025-06-26 14:56:29,792 INFO  ExportHelperExtension.cs: 1145 - Found 0 features of type [CoordSys] in standoff_M2_20mm-3
2025-06-26 14:56:29,792 INFO  ExportHelperExtension.cs: 1125 - Retrieving features of type [CoordSys] from cum_banh_xe_lon-3
2025-06-26 14:56:29,793 INFO  ExportHelperExtension.cs: 1136 - Found 27 in cum_banh_xe_lon-3
2025-06-26 14:56:29,793 INFO  ExportHelperExtension.cs: 1145 - Found 0 features of type [CoordSys] in cum_banh_xe_lon-3
2025-06-26 14:56:29,793 INFO  ExportHelperExtension.cs: 1125 - Retrieving features of type [CoordSys] from motorAxis-1
2025-06-26 14:56:29,794 INFO  ExportHelperExtension.cs: 1136 - Found 30 in motorAxis-1
2025-06-26 14:56:29,794 INFO  ExportHelperExtension.cs: 1145 - Found 0 features of type [CoordSys] in motorAxis-1
2025-06-26 14:56:29,794 INFO  ExportHelperExtension.cs: 1125 - Retrieving features of type [CoordSys] from standoff_M2_20mm-4
2025-06-26 14:56:29,794 INFO  ExportHelperExtension.cs: 1136 - Found 31 in standoff_M2_20mm-4
2025-06-26 14:56:29,795 INFO  ExportHelperExtension.cs: 1145 - Found 0 features of type [CoordSys] in standoff_M2_20mm-4
2025-06-26 14:56:29,795 INFO  ExportHelperExtension.cs: 1125 - Retrieving features of type [CoordSys] from X3_Lidar-1
2025-06-26 14:56:29,795 INFO  ExportHelperExtension.cs: 1136 - Found 90 in X3_Lidar-1
2025-06-26 14:56:29,796 INFO  ExportHelperExtension.cs: 1145 - Found 0 features of type [CoordSys] in X3_Lidar-1
2025-06-26 14:56:29,796 INFO  ExportHelperExtension.cs: 1125 - Retrieving features of type [CoordSys] from 20x20_aluminum_extrusion_profile 26cm-1
2025-06-26 14:56:29,797 INFO  ExportHelperExtension.cs: 1136 - Found 25 in 20x20_aluminum_extrusion_profile 26cm-1
2025-06-26 14:56:29,797 INFO  ExportHelperExtension.cs: 1145 - Found 0 features of type [CoordSys] in 20x20_aluminum_extrusion_profile 26cm-1
2025-06-26 14:56:29,797 INFO  ExportHelperExtension.cs: 1125 - Retrieving features of type [CoordSys] from 20mm-8
2025-06-26 14:56:29,798 INFO  ExportHelperExtension.cs: 1136 - Found 40 in 20mm-8
2025-06-26 14:56:29,798 INFO  ExportHelperExtension.cs: 1145 - Found 0 features of type [CoordSys] in 20mm-8
2025-06-26 14:56:29,798 INFO  ExportHelperExtension.cs: 1125 - Retrieving features of type [CoordSys] from 20mm-2
2025-06-26 14:56:29,798 INFO  ExportHelperExtension.cs: 1136 - Found 40 in 20mm-2
2025-06-26 14:56:29,799 INFO  ExportHelperExtension.cs: 1145 - Found 0 features of type [CoordSys] in 20mm-2
2025-06-26 14:56:29,799 INFO  ExportHelperExtension.cs: 1125 - Retrieving features of type [CoordSys] from ??????? V-slot 20x40-1
2025-06-26 14:56:29,799 INFO  ExportHelperExtension.cs: 1136 - Found 30 in ??????? V-slot 20x40-1
2025-06-26 14:56:29,800 INFO  ExportHelperExtension.cs: 1145 - Found 0 features of type [CoordSys] in ??????? V-slot 20x40-1
2025-06-26 14:56:29,800 INFO  ExportHelperExtension.cs: 1125 - Retrieving features of type [CoordSys] from standoff_M2_20mm-5
2025-06-26 14:56:29,800 INFO  ExportHelperExtension.cs: 1136 - Found 31 in standoff_M2_20mm-5
2025-06-26 14:56:29,801 INFO  ExportHelperExtension.cs: 1145 - Found 0 features of type [CoordSys] in standoff_M2_20mm-5
2025-06-26 14:56:29,801 INFO  ExportHelperExtension.cs: 1125 - Retrieving features of type [CoordSys] from motoredit-3
2025-06-26 14:56:29,801 INFO  ExportHelperExtension.cs: 1136 - Found 40 in motoredit-3
2025-06-26 14:56:29,802 INFO  ExportHelperExtension.cs: 1145 - Found 0 features of type [CoordSys] in motoredit-3
2025-06-26 14:56:29,802 INFO  ExportHelperExtension.cs: 1125 - Retrieving features of type [CoordSys] from lidar_pushup-1
2025-06-26 14:56:29,802 INFO  ExportHelperExtension.cs: 1136 - Found 34 in lidar_pushup-1
2025-06-26 14:56:29,803 INFO  ExportHelperExtension.cs: 1145 - Found 0 features of type [CoordSys] in lidar_pushup-1
2025-06-26 14:56:29,803 INFO  ExportHelperExtension.cs: 1125 - Retrieving features of type [CoordSys] from standoff_M2_20mm-1
2025-06-26 14:56:29,803 INFO  ExportHelperExtension.cs: 1136 - Found 31 in standoff_M2_20mm-1
2025-06-26 14:56:29,804 INFO  ExportHelperExtension.cs: 1145 - Found 0 features of type [CoordSys] in standoff_M2_20mm-1
2025-06-26 14:56:29,804 INFO  ExportHelperExtension.cs: 1125 - Retrieving features of type [CoordSys] from hoverboard_driver-1
2025-06-26 14:56:29,804 INFO  ExportHelperExtension.cs: 1136 - Found 25 in hoverboard_driver-1
2025-06-26 14:56:29,804 INFO  ExportHelperExtension.cs: 1145 - Found 0 features of type [CoordSys] in hoverboard_driver-1
2025-06-26 14:56:29,805 INFO  ExportHelperExtension.cs: 1125 - Retrieving features of type [CoordSys] from cum_relay_my4n_4p-1
2025-06-26 14:56:29,805 INFO  ExportHelperExtension.cs: 1136 - Found 27 in cum_relay_my4n_4p-1
2025-06-26 14:56:29,805 INFO  ExportHelperExtension.cs: 1145 - Found 0 features of type [CoordSys] in cum_relay_my4n_4p-1
2025-06-26 14:56:29,806 INFO  ExportHelperExtension.cs: 1125 - Retrieving features of type [CoordSys] from lidar_pushup-3
2025-06-26 14:56:29,806 INFO  ExportHelperExtension.cs: 1136 - Found 34 in lidar_pushup-3
2025-06-26 14:56:29,806 INFO  ExportHelperExtension.cs: 1145 - Found 0 features of type [CoordSys] in lidar_pushup-3
2025-06-26 14:56:29,807 INFO  ExportHelperExtension.cs: 1125 - Retrieving features of type [CoordSys] from 36v_12v_converter-1
2025-06-26 14:56:29,807 INFO  ExportHelperExtension.cs: 1136 - Found 29 in 36v_12v_converter-1
2025-06-26 14:56:29,807 INFO  ExportHelperExtension.cs: 1145 - Found 0 features of type [CoordSys] in 36v_12v_converter-1
2025-06-26 14:56:29,807 INFO  ExportHelperExtension.cs: 1125 - Retrieving features of type [CoordSys] from remote_relay-1
2025-06-26 14:56:29,807 INFO  ExportHelperExtension.cs: 1136 - Found 28 in remote_relay-1
2025-06-26 14:56:29,808 INFO  ExportHelperExtension.cs: 1145 - Found 0 features of type [CoordSys] in remote_relay-1
2025-06-26 14:56:29,808 INFO  ExportHelperExtension.cs: 1125 - Retrieving features of type [CoordSys] from pi_hang_imu-1
2025-06-26 14:56:29,808 INFO  ExportHelperExtension.cs: 1136 - Found 33 in pi_hang_imu-1
2025-06-26 14:56:29,809 INFO  ExportHelperExtension.cs: 1145 - Found 0 features of type [CoordSys] in pi_hang_imu-1
2025-06-26 14:56:29,809 INFO  ExportHelperExtension.cs: 1125 - Retrieving features of type [CoordSys] from ??????? V-slot 20x40-3
2025-06-26 14:56:29,809 INFO  ExportHelperExtension.cs: 1136 - Found 30 in ??????? V-slot 20x40-3
2025-06-26 14:56:29,809 INFO  ExportHelperExtension.cs: 1145 - Found 0 features of type [CoordSys] in ??????? V-slot 20x40-3
2025-06-26 14:56:29,810 INFO  ExportHelperExtension.cs: 1125 - Retrieving features of type [CoordSys] from aluminium_base-1
2025-06-26 14:56:29,810 INFO  ExportHelperExtension.cs: 1136 - Found 35 in aluminium_base-1
2025-06-26 14:56:29,810 INFO  ExportHelperExtension.cs: 1145 - Found 0 features of type [CoordSys] in aluminium_base-1
2025-06-26 14:56:29,811 INFO  ExportHelperExtension.cs: 1125 - Retrieving features of type [CoordSys] from WEIDU TB25XX-1
2025-06-26 14:56:29,811 INFO  ExportHelperExtension.cs: 1136 - Found 101 in WEIDU TB25XX-1
2025-06-26 14:56:29,812 INFO  ExportHelperExtension.cs: 1145 - Found 0 features of type [CoordSys] in WEIDU TB25XX-1
2025-06-26 14:56:29,812 INFO  ExportHelperExtension.cs: 1125 - Retrieving features of type [CoordSys] from cum_banh_xe_lon-5
2025-06-26 14:56:29,812 INFO  ExportHelperExtension.cs: 1136 - Found 27 in cum_banh_xe_lon-5
2025-06-26 14:56:29,813 INFO  ExportHelperExtension.cs: 1145 - Found 0 features of type [CoordSys] in cum_banh_xe_lon-5
2025-06-26 14:56:29,813 INFO  ExportHelperExtension.cs: 1125 - Retrieving features of type [CoordSys] from motorAxis-4
2025-06-26 14:56:29,813 INFO  ExportHelperExtension.cs: 1136 - Found 30 in motorAxis-4
2025-06-26 14:56:29,814 INFO  ExportHelperExtension.cs: 1145 - Found 0 features of type [CoordSys] in motorAxis-4
2025-06-26 14:56:29,814 INFO  ExportHelperExtension.cs: 1125 - Retrieving features of type [CoordSys] from 20mm-11
2025-06-26 14:56:29,814 INFO  ExportHelperExtension.cs: 1136 - Found 40 in 20mm-11
2025-06-26 14:56:29,814 INFO  ExportHelperExtension.cs: 1145 - Found 0 features of type [CoordSys] in 20mm-11
2025-06-26 14:56:29,815 INFO  ExportHelperExtension.cs: 1125 - Retrieving features of type [CoordSys] from cum_dahuong_truoc_sau-5
2025-06-26 14:56:29,815 INFO  ExportHelperExtension.cs: 1136 - Found 53 in cum_dahuong_truoc_sau-5
2025-06-26 14:56:29,815 INFO  ExportHelperExtension.cs: 1145 - Found 0 features of type [CoordSys] in cum_dahuong_truoc_sau-5
2025-06-26 14:56:29,816 INFO  ExportHelperExtension.cs: 1125 - Retrieving features of type [CoordSys] from cum_dahuong_truoc_sau-6
2025-06-26 14:56:29,816 INFO  ExportHelperExtension.cs: 1136 - Found 53 in cum_dahuong_truoc_sau-6
2025-06-26 14:56:29,816 INFO  ExportHelperExtension.cs: 1145 - Found 0 features of type [CoordSys] in cum_dahuong_truoc_sau-6
2025-06-26 14:56:29,817 INFO  ExportHelperExtension.cs: 1125 - Retrieving features of type [CoordSys] from full_cover_v2-1
2025-06-26 14:56:29,817 INFO  ExportHelperExtension.cs: 1136 - Found 29 in full_cover_v2-1
2025-06-26 14:56:29,817 INFO  ExportHelperExtension.cs: 1145 - Found 0 features of type [CoordSys] in full_cover_v2-1
2025-06-26 14:56:29,818 INFO  ExportHelperExtension.cs: 1125 - Retrieving features of type [CoordSys] from cover_up_v2-1
2025-06-26 14:56:29,818 INFO  ExportHelperExtension.cs: 1136 - Found 26 in cover_up_v2-1
2025-06-26 14:56:29,818 INFO  ExportHelperExtension.cs: 1145 - Found 0 features of type [CoordSys] in cover_up_v2-1
2025-06-26 14:56:29,818 INFO  ExportHelperExtension.cs: 1125 - Retrieving features of type [CoordSys] from j1-1
2025-06-26 14:56:29,819 INFO  ExportHelperExtension.cs: 1136 - Found 32 in j1-1
2025-06-26 14:56:29,819 INFO  ExportHelperExtension.cs: 1145 - Found 0 features of type [CoordSys] in j1-1
2025-06-26 14:56:29,831 INFO  ExportHelperExtension.cs: 1125 - Retrieving features of type [CoordSys] from j1-2
2025-06-26 14:56:29,832 INFO  ExportHelperExtension.cs: 1136 - Found 32 in j1-2
2025-06-26 14:56:29,832 INFO  ExportHelperExtension.cs: 1145 - Found 0 features of type [CoordSys] in j1-2
2025-06-26 14:56:29,832 INFO  ExportHelperExtension.cs: 1125 - Retrieving features of type [CoordSys] from 20mm-10
2025-06-26 14:56:29,838 INFO  ExportHelperExtension.cs: 1136 - Found 40 in 20mm-10
2025-06-26 14:56:29,838 INFO  ExportHelperExtension.cs: 1145 - Found 0 features of type [CoordSys] in 20mm-10
2025-06-26 14:56:29,839 INFO  ExportHelperExtension.cs: 1125 - Retrieving features of type [CoordSys] from cover_joint_v3.1.2-1
2025-06-26 14:56:29,854 INFO  ExportHelperExtension.cs: 1136 - Found 35 in cover_joint_v3.1.2-1
2025-06-26 14:56:29,854 INFO  ExportHelperExtension.cs: 1145 - Found 0 features of type [CoordSys] in cover_joint_v3.1.2-1
2025-06-26 14:56:29,855 INFO  ExportHelperExtension.cs: 1125 - Retrieving features of type [CoordSys] from motoredit-4
2025-06-26 14:56:29,855 INFO  ExportHelperExtension.cs: 1136 - Found 40 in motoredit-4
2025-06-26 14:56:29,856 INFO  ExportHelperExtension.cs: 1145 - Found 0 features of type [CoordSys] in motoredit-4
2025-06-26 14:56:29,856 INFO  ExportHelperExtension.cs: 1125 - Retrieving features of type [CoordSys] from matxeo1-1
2025-06-26 14:56:29,857 INFO  ExportHelperExtension.cs: 1136 - Found 27 in matxeo1-1
2025-06-26 14:56:29,857 INFO  ExportHelperExtension.cs: 1145 - Found 0 features of type [CoordSys] in matxeo1-1
2025-06-26 14:56:29,857 INFO  ExportHelperExtension.cs: 1125 - Retrieving features of type [CoordSys] from Arcade Push button asm-2
2025-06-26 14:56:29,858 INFO  ExportHelperExtension.cs: 1136 - Found 56 in Arcade Push button asm-2
2025-06-26 14:56:29,859 INFO  ExportHelperExtension.cs: 1145 - Found 0 features of type [CoordSys] in Arcade Push button asm-2
2025-06-26 14:56:29,859 INFO  ExportHelperExtension.cs: 1125 - Retrieving features of type [CoordSys] from imu_40do-1
2025-06-26 14:56:29,859 INFO  ExportHelperExtension.cs: 1136 - Found 25 in imu_40do-1
2025-06-26 14:56:29,860 INFO  ExportHelperExtension.cs: 1145 - Found 0 features of type [CoordSys] in imu_40do-1
2025-06-26 14:56:29,860 INFO  ExportHelperExtension.cs: 1125 - Retrieving features of type [CoordSys] from trodong-1
2025-06-26 14:56:29,861 INFO  ExportHelperExtension.cs: 1136 - Found 25 in trodong-1
2025-06-26 14:56:29,861 INFO  ExportHelperExtension.cs: 1145 - Found 0 features of type [CoordSys] in trodong-1
2025-06-26 14:56:29,861 INFO  ExportHelperExtension.cs: 1125 - Retrieving features of type [RefAxis] from roboV3(urdf_changed).SLDASM
2025-06-26 14:56:29,862 INFO  ExportHelperExtension.cs: 1136 - Found 311 in roboV3(urdf_changed).SLDASM
2025-06-26 14:56:29,863 INFO  ExportHelperExtension.cs: 1145 - Found 11 features of type [RefAxis] in roboV3(urdf_changed).SLDASM
2025-06-26 14:56:29,863 INFO  ExportHelperExtension.cs: 1148 - Proceeding through assembly components
2025-06-26 14:56:29,864 INFO  ExportHelperExtension.cs: 1160 - 60 components to check
2025-06-26 14:56:29,864 INFO  ExportHelperExtension.cs: 1125 - Retrieving features of type [RefAxis] from alibaba-1
2025-06-26 14:56:29,864 INFO  ExportHelperExtension.cs: 1136 - Found 35 in alibaba-1
2025-06-26 14:56:29,865 INFO  ExportHelperExtension.cs: 1145 - Found 0 features of type [RefAxis] in alibaba-1
2025-06-26 14:56:29,865 INFO  ExportHelperExtension.cs: 1125 - Retrieving features of type [RefAxis] from Stop Switch Push Button LAY37 (PBC)-3
2025-06-26 14:56:29,865 INFO  ExportHelperExtension.cs: 1136 - Found 63 in Stop Switch Push Button LAY37 (PBC)-3
2025-06-26 14:56:29,866 INFO  ExportHelperExtension.cs: 1145 - Found 0 features of type [RefAxis] in Stop Switch Push Button LAY37 (PBC)-3
2025-06-26 14:56:29,866 INFO  ExportHelperExtension.cs: 1125 - Retrieving features of type [RefAxis] from che-2
2025-06-26 14:56:29,866 INFO  ExportHelperExtension.cs: 1136 - Found 25 in che-2
2025-06-26 14:56:29,867 INFO  ExportHelperExtension.cs: 1145 - Found 0 features of type [RefAxis] in che-2
2025-06-26 14:56:29,867 INFO  ExportHelperExtension.cs: 1125 - Retrieving features of type [RefAxis] from che-3
2025-06-26 14:56:29,867 INFO  ExportHelperExtension.cs: 1136 - Found 25 in che-3
2025-06-26 14:56:29,868 INFO  ExportHelperExtension.cs: 1145 - Found 0 features of type [RefAxis] in che-3
2025-06-26 14:56:29,868 INFO  ExportHelperExtension.cs: 1125 - Retrieving features of type [RefAxis] from ga_minipc_v2-2
2025-06-26 14:56:29,868 INFO  ExportHelperExtension.cs: 1136 - Found 31 in ga_minipc_v2-2
2025-06-26 14:56:29,869 INFO  ExportHelperExtension.cs: 1145 - Found 0 features of type [RefAxis] in ga_minipc_v2-2
2025-06-26 14:56:29,869 INFO  ExportHelperExtension.cs: 1125 - Retrieving features of type [RefAxis] from hop_pin-1
2025-06-26 14:56:29,869 INFO  ExportHelperExtension.cs: 1136 - Found 27 in hop_pin-1
2025-06-26 14:56:29,869 INFO  ExportHelperExtension.cs: 1145 - Found 0 features of type [RefAxis] in hop_pin-1
2025-06-26 14:56:29,870 INFO  ExportHelperExtension.cs: 1125 - Retrieving features of type [RefAxis] from che-4
2025-06-26 14:56:29,870 INFO  ExportHelperExtension.cs: 1136 - Found 25 in che-4
2025-06-26 14:56:29,870 INFO  ExportHelperExtension.cs: 1145 - Found 0 features of type [RefAxis] in che-4
2025-06-26 14:56:29,871 INFO  ExportHelperExtension.cs: 1125 - Retrieving features of type [RefAxis] from che-1
2025-06-26 14:56:29,871 INFO  ExportHelperExtension.cs: 1136 - Found 25 in che-1
2025-06-26 14:56:29,871 INFO  ExportHelperExtension.cs: 1145 - Found 0 features of type [RefAxis] in che-1
2025-06-26 14:56:29,872 INFO  ExportHelperExtension.cs: 1125 - Retrieving features of type [RefAxis] from nang_cam-1
2025-06-26 14:56:29,872 INFO  ExportHelperExtension.cs: 1136 - Found 25 in nang_cam-1
2025-06-26 14:56:29,872 INFO  ExportHelperExtension.cs: 1145 - Found 0 features of type [RefAxis] in nang_cam-1
2025-06-26 14:56:29,873 INFO  ExportHelperExtension.cs: 1125 - Retrieving features of type [RefAxis] from hop_nano-1
2025-06-26 14:56:29,873 INFO  ExportHelperExtension.cs: 1136 - Found 35 in hop_nano-1
2025-06-26 14:56:29,873 INFO  ExportHelperExtension.cs: 1145 - Found 0 features of type [RefAxis] in hop_nano-1
2025-06-26 14:56:29,874 INFO  ExportHelperExtension.cs: 1125 - Retrieving features of type [RefAxis] from op_tablet-1
2025-06-26 14:56:29,874 INFO  ExportHelperExtension.cs: 1136 - Found 37 in op_tablet-1
2025-06-26 14:56:29,874 INFO  ExportHelperExtension.cs: 1145 - Found 0 features of type [RefAxis] in op_tablet-1
2025-06-26 14:56:29,875 INFO  ExportHelperExtension.cs: 1125 - Retrieving features of type [RefAxis] from ga_minipc_v2-1
2025-06-26 14:56:29,875 INFO  ExportHelperExtension.cs: 1136 - Found 31 in ga_minipc_v2-1
2025-06-26 14:56:29,875 INFO  ExportHelperExtension.cs: 1145 - Found 0 features of type [RefAxis] in ga_minipc_v2-1
2025-06-26 14:56:29,875 INFO  ExportHelperExtension.cs: 1125 - Retrieving features of type [RefAxis] from cover_up_v2_linh_mica-1
2025-06-26 14:56:29,876 INFO  ExportHelperExtension.cs: 1136 - Found 28 in cover_up_v2_linh_mica-1
2025-06-26 14:56:29,876 INFO  ExportHelperExtension.cs: 1145 - Found 0 features of type [RefAxis] in cover_up_v2_linh_mica-1
2025-06-26 14:56:29,876 INFO  ExportHelperExtension.cs: 1125 - Retrieving features of type [RefAxis] from ga_minipc_comp-1
2025-06-26 14:56:29,877 INFO  ExportHelperExtension.cs: 1136 - Found 40 in ga_minipc_comp-1
2025-06-26 14:56:29,877 INFO  ExportHelperExtension.cs: 1145 - Found 0 features of type [RefAxis] in ga_minipc_comp-1
2025-06-26 14:56:29,877 INFO  ExportHelperExtension.cs: 1125 - Retrieving features of type [RefAxis] from ga_com-1
2025-06-26 14:56:29,878 INFO  ExportHelperExtension.cs: 1136 - Found 33 in ga_com-1
2025-06-26 14:56:29,878 INFO  ExportHelperExtension.cs: 1145 - Found 0 features of type [RefAxis] in ga_com-1
2025-06-26 14:56:29,878 INFO  ExportHelperExtension.cs: 1125 - Retrieving features of type [RefAxis] from kegoc_tab1-1
2025-06-26 14:56:29,879 INFO  ExportHelperExtension.cs: 1136 - Found 25 in kegoc_tab1-1
2025-06-26 14:56:29,879 INFO  ExportHelperExtension.cs: 1145 - Found 0 features of type [RefAxis] in kegoc_tab1-1
2025-06-26 14:56:29,879 INFO  ExportHelperExtension.cs: 1125 - Retrieving features of type [RefAxis] from che-6
2025-06-26 14:56:29,879 INFO  ExportHelperExtension.cs: 1136 - Found 25 in che-6
2025-06-26 14:56:29,880 INFO  ExportHelperExtension.cs: 1145 - Found 0 features of type [RefAxis] in che-6
2025-06-26 14:56:29,880 INFO  ExportHelperExtension.cs: 1125 - Retrieving features of type [RefAxis] from kegoc_tab2-1
2025-06-26 14:56:29,880 INFO  ExportHelperExtension.cs: 1136 - Found 25 in kegoc_tab2-1
2025-06-26 14:56:29,881 INFO  ExportHelperExtension.cs: 1145 - Found 0 features of type [RefAxis] in kegoc_tab2-1
2025-06-26 14:56:29,881 INFO  ExportHelperExtension.cs: 1125 - Retrieving features of type [RefAxis] from che-5
2025-06-26 14:56:29,881 INFO  ExportHelperExtension.cs: 1136 - Found 25 in che-5
2025-06-26 14:56:29,881 INFO  ExportHelperExtension.cs: 1145 - Found 0 features of type [RefAxis] in che-5
2025-06-26 14:56:29,882 INFO  ExportHelperExtension.cs: 1125 - Retrieving features of type [RefAxis] from final kinect-1
2025-06-26 14:56:29,882 INFO  ExportHelperExtension.cs: 1136 - Found 27 in final kinect-1
2025-06-26 14:56:29,882 INFO  ExportHelperExtension.cs: 1145 - Found 0 features of type [RefAxis] in final kinect-1
2025-06-26 14:56:29,883 INFO  ExportHelperExtension.cs: 1125 - Retrieving features of type [RefAxis] from cover_up_v2_linh-1
2025-06-26 14:56:29,883 INFO  ExportHelperExtension.cs: 1136 - Found 26 in cover_up_v2_linh-1
2025-06-26 14:56:29,883 INFO  ExportHelperExtension.cs: 1145 - Found 0 features of type [RefAxis] in cover_up_v2_linh-1
2025-06-26 14:56:29,884 INFO  ExportHelperExtension.cs: 1125 - Retrieving features of type [RefAxis] from battery-1
2025-06-26 14:56:29,884 INFO  ExportHelperExtension.cs: 1136 - Found 28 in battery-1
2025-06-26 14:56:29,884 INFO  ExportHelperExtension.cs: 1145 - Found 0 features of type [RefAxis] in battery-1
2025-06-26 14:56:29,884 INFO  ExportHelperExtension.cs: 1125 - Retrieving features of type [RefAxis] from standoff_M2_20mm-3
2025-06-26 14:56:29,885 INFO  ExportHelperExtension.cs: 1136 - Found 31 in standoff_M2_20mm-3
2025-06-26 14:56:29,885 INFO  ExportHelperExtension.cs: 1145 - Found 0 features of type [RefAxis] in standoff_M2_20mm-3
2025-06-26 14:56:29,885 INFO  ExportHelperExtension.cs: 1125 - Retrieving features of type [RefAxis] from cum_banh_xe_lon-3
2025-06-26 14:56:29,886 INFO  ExportHelperExtension.cs: 1136 - Found 27 in cum_banh_xe_lon-3
2025-06-26 14:56:29,886 INFO  ExportHelperExtension.cs: 1145 - Found 0 features of type [RefAxis] in cum_banh_xe_lon-3
2025-06-26 14:56:29,886 INFO  ExportHelperExtension.cs: 1125 - Retrieving features of type [RefAxis] from motorAxis-1
2025-06-26 14:56:29,886 INFO  ExportHelperExtension.cs: 1136 - Found 30 in motorAxis-1
2025-06-26 14:56:29,887 INFO  ExportHelperExtension.cs: 1145 - Found 0 features of type [RefAxis] in motorAxis-1
2025-06-26 14:56:29,887 INFO  ExportHelperExtension.cs: 1125 - Retrieving features of type [RefAxis] from standoff_M2_20mm-4
2025-06-26 14:56:29,887 INFO  ExportHelperExtension.cs: 1136 - Found 31 in standoff_M2_20mm-4
2025-06-26 14:56:29,888 INFO  ExportHelperExtension.cs: 1145 - Found 0 features of type [RefAxis] in standoff_M2_20mm-4
2025-06-26 14:56:29,888 INFO  ExportHelperExtension.cs: 1125 - Retrieving features of type [RefAxis] from X3_Lidar-1
2025-06-26 14:56:29,888 INFO  ExportHelperExtension.cs: 1136 - Found 90 in X3_Lidar-1
2025-06-26 14:56:29,889 INFO  ExportHelperExtension.cs: 1145 - Found 0 features of type [RefAxis] in X3_Lidar-1
2025-06-26 14:56:29,889 INFO  ExportHelperExtension.cs: 1125 - Retrieving features of type [RefAxis] from 20x20_aluminum_extrusion_profile 26cm-1
2025-06-26 14:56:29,889 INFO  ExportHelperExtension.cs: 1136 - Found 25 in 20x20_aluminum_extrusion_profile 26cm-1
2025-06-26 14:56:29,890 INFO  ExportHelperExtension.cs: 1145 - Found 0 features of type [RefAxis] in 20x20_aluminum_extrusion_profile 26cm-1
2025-06-26 14:56:29,890 INFO  ExportHelperExtension.cs: 1125 - Retrieving features of type [RefAxis] from 20mm-8
2025-06-26 14:56:29,890 INFO  ExportHelperExtension.cs: 1136 - Found 40 in 20mm-8
2025-06-26 14:56:29,891 INFO  ExportHelperExtension.cs: 1145 - Found 0 features of type [RefAxis] in 20mm-8
2025-06-26 14:56:29,891 INFO  ExportHelperExtension.cs: 1125 - Retrieving features of type [RefAxis] from 20mm-2
2025-06-26 14:56:29,891 INFO  ExportHelperExtension.cs: 1136 - Found 40 in 20mm-2
2025-06-26 14:56:29,892 INFO  ExportHelperExtension.cs: 1145 - Found 0 features of type [RefAxis] in 20mm-2
2025-06-26 14:56:29,892 INFO  ExportHelperExtension.cs: 1125 - Retrieving features of type [RefAxis] from ??????? V-slot 20x40-1
2025-06-26 14:56:29,892 INFO  ExportHelperExtension.cs: 1136 - Found 30 in ??????? V-slot 20x40-1
2025-06-26 14:56:29,892 INFO  ExportHelperExtension.cs: 1145 - Found 0 features of type [RefAxis] in ??????? V-slot 20x40-1
2025-06-26 14:56:29,893 INFO  ExportHelperExtension.cs: 1125 - Retrieving features of type [RefAxis] from standoff_M2_20mm-5
2025-06-26 14:56:29,893 INFO  ExportHelperExtension.cs: 1136 - Found 31 in standoff_M2_20mm-5
2025-06-26 14:56:29,893 INFO  ExportHelperExtension.cs: 1145 - Found 0 features of type [RefAxis] in standoff_M2_20mm-5
2025-06-26 14:56:29,894 INFO  ExportHelperExtension.cs: 1125 - Retrieving features of type [RefAxis] from motoredit-3
2025-06-26 14:56:29,894 INFO  ExportHelperExtension.cs: 1136 - Found 40 in motoredit-3
2025-06-26 14:56:29,894 INFO  ExportHelperExtension.cs: 1145 - Found 0 features of type [RefAxis] in motoredit-3
2025-06-26 14:56:29,894 INFO  ExportHelperExtension.cs: 1125 - Retrieving features of type [RefAxis] from lidar_pushup-1
2025-06-26 14:56:29,895 INFO  ExportHelperExtension.cs: 1136 - Found 34 in lidar_pushup-1
2025-06-26 14:56:29,895 INFO  ExportHelperExtension.cs: 1145 - Found 1 features of type [RefAxis] in lidar_pushup-1
2025-06-26 14:56:29,895 INFO  ExportHelperExtension.cs: 1125 - Retrieving features of type [RefAxis] from standoff_M2_20mm-1
2025-06-26 14:56:29,896 INFO  ExportHelperExtension.cs: 1136 - Found 31 in standoff_M2_20mm-1
2025-06-26 14:56:29,896 INFO  ExportHelperExtension.cs: 1145 - Found 0 features of type [RefAxis] in standoff_M2_20mm-1
2025-06-26 14:56:29,896 INFO  ExportHelperExtension.cs: 1125 - Retrieving features of type [RefAxis] from hoverboard_driver-1
2025-06-26 14:56:29,897 INFO  ExportHelperExtension.cs: 1136 - Found 25 in hoverboard_driver-1
2025-06-26 14:56:29,897 INFO  ExportHelperExtension.cs: 1145 - Found 0 features of type [RefAxis] in hoverboard_driver-1
2025-06-26 14:56:29,897 INFO  ExportHelperExtension.cs: 1125 - Retrieving features of type [RefAxis] from cum_relay_my4n_4p-1
2025-06-26 14:56:29,897 INFO  ExportHelperExtension.cs: 1136 - Found 27 in cum_relay_my4n_4p-1
2025-06-26 14:56:29,898 INFO  ExportHelperExtension.cs: 1145 - Found 0 features of type [RefAxis] in cum_relay_my4n_4p-1
2025-06-26 14:56:29,898 INFO  ExportHelperExtension.cs: 1125 - Retrieving features of type [RefAxis] from lidar_pushup-3
2025-06-26 14:56:29,898 INFO  ExportHelperExtension.cs: 1136 - Found 34 in lidar_pushup-3
2025-06-26 14:56:29,899 INFO  ExportHelperExtension.cs: 1145 - Found 1 features of type [RefAxis] in lidar_pushup-3
2025-06-26 14:56:29,899 INFO  ExportHelperExtension.cs: 1125 - Retrieving features of type [RefAxis] from 36v_12v_converter-1
2025-06-26 14:56:29,899 INFO  ExportHelperExtension.cs: 1136 - Found 29 in 36v_12v_converter-1
2025-06-26 14:56:29,900 INFO  ExportHelperExtension.cs: 1145 - Found 0 features of type [RefAxis] in 36v_12v_converter-1
2025-06-26 14:56:29,900 INFO  ExportHelperExtension.cs: 1125 - Retrieving features of type [RefAxis] from remote_relay-1
2025-06-26 14:56:29,900 INFO  ExportHelperExtension.cs: 1136 - Found 28 in remote_relay-1
2025-06-26 14:56:29,900 INFO  ExportHelperExtension.cs: 1145 - Found 0 features of type [RefAxis] in remote_relay-1
2025-06-26 14:56:29,901 INFO  ExportHelperExtension.cs: 1125 - Retrieving features of type [RefAxis] from pi_hang_imu-1
2025-06-26 14:56:29,901 INFO  ExportHelperExtension.cs: 1136 - Found 33 in pi_hang_imu-1
2025-06-26 14:56:29,901 INFO  ExportHelperExtension.cs: 1145 - Found 4 features of type [RefAxis] in pi_hang_imu-1
2025-06-26 14:56:29,902 INFO  ExportHelperExtension.cs: 1125 - Retrieving features of type [RefAxis] from ??????? V-slot 20x40-3
2025-06-26 14:56:29,902 INFO  ExportHelperExtension.cs: 1136 - Found 30 in ??????? V-slot 20x40-3
2025-06-26 14:56:29,902 INFO  ExportHelperExtension.cs: 1145 - Found 0 features of type [RefAxis] in ??????? V-slot 20x40-3
2025-06-26 14:56:29,902 INFO  ExportHelperExtension.cs: 1125 - Retrieving features of type [RefAxis] from aluminium_base-1
2025-06-26 14:56:29,903 INFO  ExportHelperExtension.cs: 1136 - Found 35 in aluminium_base-1
2025-06-26 14:56:29,903 INFO  ExportHelperExtension.cs: 1145 - Found 0 features of type [RefAxis] in aluminium_base-1
2025-06-26 14:56:29,908 INFO  ExportHelperExtension.cs: 1125 - Retrieving features of type [RefAxis] from WEIDU TB25XX-1
2025-06-26 14:56:29,916 INFO  ExportHelperExtension.cs: 1136 - Found 101 in WEIDU TB25XX-1
2025-06-26 14:56:29,916 INFO  ExportHelperExtension.cs: 1145 - Found 0 features of type [RefAxis] in WEIDU TB25XX-1
2025-06-26 14:56:29,917 INFO  ExportHelperExtension.cs: 1125 - Retrieving features of type [RefAxis] from cum_banh_xe_lon-5
2025-06-26 14:56:29,917 INFO  ExportHelperExtension.cs: 1136 - Found 27 in cum_banh_xe_lon-5
2025-06-26 14:56:29,917 INFO  ExportHelperExtension.cs: 1145 - Found 0 features of type [RefAxis] in cum_banh_xe_lon-5
2025-06-26 14:56:29,918 INFO  ExportHelperExtension.cs: 1125 - Retrieving features of type [RefAxis] from motorAxis-4
2025-06-26 14:56:29,918 INFO  ExportHelperExtension.cs: 1136 - Found 30 in motorAxis-4
2025-06-26 14:56:29,918 INFO  ExportHelperExtension.cs: 1145 - Found 0 features of type [RefAxis] in motorAxis-4
2025-06-26 14:56:29,919 INFO  ExportHelperExtension.cs: 1125 - Retrieving features of type [RefAxis] from 20mm-11
2025-06-26 14:56:29,919 INFO  ExportHelperExtension.cs: 1136 - Found 40 in 20mm-11
2025-06-26 14:56:29,919 INFO  ExportHelperExtension.cs: 1145 - Found 0 features of type [RefAxis] in 20mm-11
2025-06-26 14:56:29,919 INFO  ExportHelperExtension.cs: 1125 - Retrieving features of type [RefAxis] from cum_dahuong_truoc_sau-5
2025-06-26 14:56:29,920 INFO  ExportHelperExtension.cs: 1136 - Found 53 in cum_dahuong_truoc_sau-5
2025-06-26 14:56:29,920 INFO  ExportHelperExtension.cs: 1145 - Found 0 features of type [RefAxis] in cum_dahuong_truoc_sau-5
2025-06-26 14:56:29,920 INFO  ExportHelperExtension.cs: 1125 - Retrieving features of type [RefAxis] from cum_dahuong_truoc_sau-6
2025-06-26 14:56:29,921 INFO  ExportHelperExtension.cs: 1136 - Found 53 in cum_dahuong_truoc_sau-6
2025-06-26 14:56:29,921 INFO  ExportHelperExtension.cs: 1145 - Found 0 features of type [RefAxis] in cum_dahuong_truoc_sau-6
2025-06-26 14:56:29,921 INFO  ExportHelperExtension.cs: 1125 - Retrieving features of type [RefAxis] from full_cover_v2-1
2025-06-26 14:56:29,922 INFO  ExportHelperExtension.cs: 1136 - Found 29 in full_cover_v2-1
2025-06-26 14:56:29,922 INFO  ExportHelperExtension.cs: 1145 - Found 0 features of type [RefAxis] in full_cover_v2-1
2025-06-26 14:56:29,922 INFO  ExportHelperExtension.cs: 1125 - Retrieving features of type [RefAxis] from cover_up_v2-1
2025-06-26 14:56:29,923 INFO  ExportHelperExtension.cs: 1136 - Found 26 in cover_up_v2-1
2025-06-26 14:56:29,923 INFO  ExportHelperExtension.cs: 1145 - Found 0 features of type [RefAxis] in cover_up_v2-1
2025-06-26 14:56:29,923 INFO  ExportHelperExtension.cs: 1125 - Retrieving features of type [RefAxis] from j1-1
2025-06-26 14:56:29,924 INFO  ExportHelperExtension.cs: 1136 - Found 32 in j1-1
2025-06-26 14:56:29,924 INFO  ExportHelperExtension.cs: 1145 - Found 0 features of type [RefAxis] in j1-1
2025-06-26 14:56:29,924 INFO  ExportHelperExtension.cs: 1125 - Retrieving features of type [RefAxis] from j1-2
2025-06-26 14:56:29,924 INFO  ExportHelperExtension.cs: 1136 - Found 32 in j1-2
2025-06-26 14:56:29,925 INFO  ExportHelperExtension.cs: 1145 - Found 0 features of type [RefAxis] in j1-2
2025-06-26 14:56:29,925 INFO  ExportHelperExtension.cs: 1125 - Retrieving features of type [RefAxis] from 20mm-10
2025-06-26 14:56:29,925 INFO  ExportHelperExtension.cs: 1136 - Found 40 in 20mm-10
2025-06-26 14:56:29,926 INFO  ExportHelperExtension.cs: 1145 - Found 0 features of type [RefAxis] in 20mm-10
2025-06-26 14:56:29,926 INFO  ExportHelperExtension.cs: 1125 - Retrieving features of type [RefAxis] from cover_joint_v3.1.2-1
2025-06-26 14:56:29,926 INFO  ExportHelperExtension.cs: 1136 - Found 35 in cover_joint_v3.1.2-1
2025-06-26 14:56:29,927 INFO  ExportHelperExtension.cs: 1145 - Found 0 features of type [RefAxis] in cover_joint_v3.1.2-1
2025-06-26 14:56:29,927 INFO  ExportHelperExtension.cs: 1125 - Retrieving features of type [RefAxis] from motoredit-4
2025-06-26 14:56:29,927 INFO  ExportHelperExtension.cs: 1136 - Found 40 in motoredit-4
2025-06-26 14:56:29,927 INFO  ExportHelperExtension.cs: 1145 - Found 0 features of type [RefAxis] in motoredit-4
2025-06-26 14:56:29,928 INFO  ExportHelperExtension.cs: 1125 - Retrieving features of type [RefAxis] from matxeo1-1
2025-06-26 14:56:29,928 INFO  ExportHelperExtension.cs: 1136 - Found 27 in matxeo1-1
2025-06-26 14:56:29,928 INFO  ExportHelperExtension.cs: 1145 - Found 0 features of type [RefAxis] in matxeo1-1
2025-06-26 14:56:29,929 INFO  ExportHelperExtension.cs: 1125 - Retrieving features of type [RefAxis] from Arcade Push button asm-2
2025-06-26 14:56:29,929 INFO  ExportHelperExtension.cs: 1136 - Found 56 in Arcade Push button asm-2
2025-06-26 14:56:29,929 INFO  ExportHelperExtension.cs: 1145 - Found 0 features of type [RefAxis] in Arcade Push button asm-2
2025-06-26 14:56:29,930 INFO  ExportHelperExtension.cs: 1125 - Retrieving features of type [RefAxis] from imu_40do-1
2025-06-26 14:56:29,930 INFO  ExportHelperExtension.cs: 1136 - Found 25 in imu_40do-1
2025-06-26 14:56:29,930 INFO  ExportHelperExtension.cs: 1145 - Found 0 features of type [RefAxis] in imu_40do-1
2025-06-26 14:56:29,931 INFO  ExportHelperExtension.cs: 1125 - Retrieving features of type [RefAxis] from trodong-1
2025-06-26 14:56:29,931 INFO  ExportHelperExtension.cs: 1136 - Found 25 in trodong-1
2025-06-26 14:56:29,931 INFO  ExportHelperExtension.cs: 1145 - Found 0 features of type [RefAxis] in trodong-1
2025-06-26 14:56:30,214 INFO  SwAddin.cs: 339 - Loading config tree
2025-06-26 14:56:30,215 INFO  ConfigurationSerialization.cs: 276 - URDF Configuration found
<Link z:Id="i1" xmlns="http://schemas.datacontract.org/2004/07/SW2URDF" xmlns:i="http://www.w3.org/2001/XMLSchema-instance" xmlns:z="http://schemas.microsoft.com/2003/10/Serialization/"><Attributes><Attribute z:Id="i2"><AttributeType>name</AttributeType><IsRequired>true</IsRequired><Value i:type="a:string" xmlns:a="http://www.w3.org/2001/XMLSchema">base_link</Value></Attribute></Attributes><ChildElements><URDFElement z:Id="i3" i:type="Inertial"><Attributes/><ChildElements><URDFElement z:Id="i4" i:type="Origin"><Attributes><Attribute z:Id="i5"><AttributeType>xyz</AttributeType><IsRequired>true</IsRequired><Value i:type="a:ArrayOfdouble" xmlns:a="http://schemas.microsoft.com/2003/10/Serialization/Arrays"><a:double>0.060987346543505905</a:double><a:double>-0.0042720180668343044</a:double><a:double>0.19200247731974768</a:double></Value></Attribute><Attribute z:Id="i6"><AttributeType>rpy</AttributeType><IsRequired>true</IsRequired><Value i:type="a:ArrayOfdouble" xmlns:a="http://schemas.microsoft.com/2003/10/Serialization/Arrays"><a:double>0</a:double><a:double>0</a:double><a:double>0</a:double></Value></Attribute></Attributes><ChildElements/><ElementName>origin</ElementName><required>false</required><RPYAttribute z:Ref="i6"/><XYZAttribute z:Ref="i5"/><isCustomized>false</isCustomized></URDFElement><URDFElement z:Id="i7" i:type="Mass"><Attributes><Attribute z:Id="i8"><AttributeType>value</AttributeType><IsRequired>true</IsRequired><Value i:type="a:double" xmlns:a="http://www.w3.org/2001/XMLSchema">10.746159077553559</Value></Attribute></Attributes><ChildElements/><ElementName>mass</ElementName><required>false</required><ValueAttribute z:Ref="i8"/></URDFElement><URDFElement z:Id="i9" i:type="Inertia"><Attributes><Attribute z:Id="i10"><AttributeType>ixx</AttributeType><IsRequired>true</IsRequired><Value i:type="a:double" xmlns:a="http://www.w3.org/2001/XMLSchema">0.065834870849578578</Value></Attribute><Attribute z:Id="i11"><AttributeType>ixy</AttributeType><IsRequired>true</IsRequired><Value i:type="a:double" xmlns:a="http://www.w3.org/2001/XMLSchema">-0.00023209205759734428</Value></Attribute><Attribute z:Id="i12"><AttributeType>ixz</AttributeType><IsRequired>true</IsRequired><Value i:type="a:double" xmlns:a="http://www.w3.org/2001/XMLSchema">0.0013281102483101161</Value></Attribute><Attribute z:Id="i13"><AttributeType>iyy</AttributeType><IsRequired>true</IsRequired><Value i:type="a:double" xmlns:a="http://www.w3.org/2001/XMLSchema">0.085268180604857441</Value></Attribute><Attribute z:Id="i14"><AttributeType>iyz</AttributeType><IsRequired>true</IsRequired><Value i:type="a:double" xmlns:a="http://www.w3.org/2001/XMLSchema">6.44620982702778E-06</Value></Attribute><Attribute z:Id="i15"><AttributeType>izz</AttributeType><IsRequired>true</IsRequired><Value i:type="a:double" xmlns:a="http://www.w3.org/2001/XMLSchema">0.079142439222943575</Value></Attribute></Attributes><ChildElements/><ElementName>inertia</ElementName><required>false</required><IxxAttribute z:Ref="i10"/><IxyAttribute z:Ref="i11"/><IxzAttribute z:Ref="i12"/><IyyAttribute z:Ref="i13"/><IyzAttribute z:Ref="i14"/><IzzAttribute z:Ref="i15"/></URDFElement></ChildElements><ElementName>inertial</ElementName><required>false</required><Inertia z:Ref="i9"/><Mass z:Ref="i7"/><Origin z:Ref="i4"/></URDFElement><URDFElement z:Id="i16" i:type="Visual"><Attributes/><ChildElements><URDFElement z:Id="i17" i:type="Origin"><Attributes><Attribute z:Id="i18"><AttributeType>xyz</AttributeType><IsRequired>true</IsRequired><Value i:type="a:ArrayOfdouble" xmlns:a="http://schemas.microsoft.com/2003/10/Serialization/Arrays"><a:double>0</a:double><a:double>0</a:double><a:double>0</a:double></Value></Attribute><Attribute z:Id="i19"><AttributeType>rpy</AttributeType><IsRequired>true</IsRequired><Value i:type="a:ArrayOfdouble" xmlns:a="http://schemas.microsoft.com/2003/10/Serialization/Arrays"><a:double>0</a:double><a:double>0</a:double><a:double>0</a:double></Value></Attribute></Attributes><ChildElements/><ElementName>origin</ElementName><required>false</required><RPYAttribute z:Ref="i19"/><XYZAttribute z:Ref="i18"/><isCustomized>false</isCustomized></URDFElement><URDFElement z:Id="i20" i:type="Geometry"><Attributes/><ChildElements><URDFElement z:Id="i21" i:type="Mesh"><Attributes><Attribute z:Id="i22"><AttributeType>filename</AttributeType><IsRequired>true</IsRequired><Value i:nil="true"/></Attribute></Attributes><ChildElements/><ElementName>mesh</ElementName><required>false</required><FilenameAttribute z:Ref="i22"/></URDFElement></ChildElements><ElementName>geometry</ElementName><required>true</required><Mesh z:Ref="i21"/></URDFElement><URDFElement z:Id="i23" i:type="Material"><Attributes><Attribute z:Id="i24"><AttributeType>name</AttributeType><IsRequired>true</IsRequired><Value i:type="a:string" xmlns:a="http://www.w3.org/2001/XMLSchema"/></Attribute></Attributes><ChildElements><URDFElement z:Id="i25" i:type="Color"><Attributes><Attribute z:Id="i26"><AttributeType>rgba</AttributeType><IsRequired>true</IsRequired><Value i:type="a:ArrayOfdouble" xmlns:a="http://schemas.microsoft.com/2003/10/Serialization/Arrays"><a:double>0.75294117647058822</a:double><a:double>0.75294117647058822</a:double><a:double>0.75294117647058822</a:double><a:double>1</a:double></Value></Attribute></Attributes><ChildElements/><ElementName>color</ElementName><required>false</required><RGBAAttribute z:Ref="i26"/></URDFElement><URDFElement z:Id="i27" i:type="Texture"><Attributes><Attribute z:Id="i28"><AttributeType>filename</AttributeType><IsRequired>true</IsRequired><Value i:nil="true"/></Attribute></Attributes><ChildElements/><ElementName>texture</ElementName><required>false</required><FilenameAttribute z:Ref="i28"/><wFilename/></URDFElement></ChildElements><ElementName>material</ElementName><required>false</required><Color z:Ref="i25"/><NameAttribute z:Ref="i24"/><Texture z:Ref="i27"/></URDFElement></ChildElements><ElementName>visual</ElementName><required>false</required><Geometry z:Ref="i20"/><Material z:Ref="i23"/><Origin z:Ref="i17"/></URDFElement><URDFElement z:Id="i29" i:type="Collision"><Attributes/><ChildElements><URDFElement z:Id="i30" i:type="Origin"><Attributes><Attribute z:Id="i31"><AttributeType>xyz</AttributeType><IsRequired>true</IsRequired><Value i:type="a:ArrayOfdouble" xmlns:a="http://schemas.microsoft.com/2003/10/Serialization/Arrays"><a:double>0</a:double><a:double>0</a:double><a:double>0</a:double></Value></Attribute><Attribute z:Id="i32"><AttributeType>rpy</AttributeType><IsRequired>true</IsRequired><Value i:type="a:ArrayOfdouble" xmlns:a="http://schemas.microsoft.com/2003/10/Serialization/Arrays"><a:double>0</a:double><a:double>0</a:double><a:double>0</a:double></Value></Attribute></Attributes><ChildElements/><ElementName>origin</ElementName><required>false</required><RPYAttribute z:Ref="i32"/><XYZAttribute z:Ref="i31"/><isCustomized>false</isCustomized></URDFElement><URDFElement z:Id="i33" i:type="Geometry"><Attributes/><ChildElements><URDFElement z:Id="i34" i:type="Mesh"><Attributes><Attribute z:Id="i35"><AttributeType>filename</AttributeType><IsRequired>true</IsRequired><Value i:nil="true"/></Attribute></Attributes><ChildElements/><ElementName>mesh</ElementName><required>false</required><FilenameAttribute z:Ref="i35"/></URDFElement></ChildElements><ElementName>geometry</ElementName><required>true</required><Mesh z:Ref="i34"/></URDFElement></ChildElements><ElementName>collision</ElementName><required>false</required><Geometry z:Ref="i33"/><Origin z:Ref="i30"/></URDFElement><URDFElement z:Id="i36" i:type="Joint"><Attributes><Attribute z:Id="i37"><AttributeType>name</AttributeType><IsRequired>true</IsRequired><Value i:type="a:string" xmlns:a="http://www.w3.org/2001/XMLSchema"/></Attribute><Attribute z:Id="i38"><AttributeType>type</AttributeType><IsRequired>true</IsRequired><Value i:type="a:string" xmlns:a="http://www.w3.org/2001/XMLSchema"/></Attribute></Attributes><ChildElements><URDFElement z:Id="i39" i:type="Origin"><Attributes><Attribute z:Id="i40"><AttributeType>xyz</AttributeType><IsRequired>true</IsRequired><Value i:type="a:ArrayOfdouble" xmlns:a="http://schemas.microsoft.com/2003/10/Serialization/Arrays"><a:double>0</a:double><a:double>0</a:double><a:double>0</a:double></Value></Attribute><Attribute z:Id="i41"><AttributeType>rpy</AttributeType><IsRequired>true</IsRequired><Value i:type="a:ArrayOfdouble" xmlns:a="http://schemas.microsoft.com/2003/10/Serialization/Arrays"><a:double>0</a:double><a:double>0</a:double><a:double>0</a:double></Value></Attribute></Attributes><ChildElements/><ElementName>origin</ElementName><required>false</required><RPYAttribute z:Ref="i41"/><XYZAttribute z:Ref="i40"/><isCustomized>false</isCustomized></URDFElement><URDFElement z:Id="i42" i:type="ParentLink"><Attributes><Attribute z:Id="i43"><AttributeType>link</AttributeType><IsRequired>true</IsRequired><Value i:type="a:string" xmlns:a="http://www.w3.org/2001/XMLSchema"/></Attribute></Attributes><ChildElements/><ElementName>parent</ElementName><required>true</required><NameAttribute z:Ref="i43"/></URDFElement><URDFElement z:Id="i44" i:type="ChildLink"><Attributes><Attribute z:Id="i45"><AttributeType>link</AttributeType><IsRequired>true</IsRequired><Value i:type="a:string" xmlns:a="http://www.w3.org/2001/XMLSchema"/></Attribute></Attributes><ChildElements/><ElementName>child</ElementName><required>true</required><NameAttribute z:Ref="i45"/></URDFElement><URDFElement z:Id="i46" i:type="Axis"><Attributes><Attribute z:Id="i47"><AttributeType>xyz</AttributeType><IsRequired>true</IsRequired><Value i:type="a:ArrayOfdouble" xmlns:a="http://schemas.microsoft.com/2003/10/Serialization/Arrays"><a:double>0</a:double><a:double>0</a:double><a:double>0</a:double></Value></Attribute></Attributes><ChildElements/><ElementName>axis</ElementName><required>false</required><XYZAttribute z:Ref="i47"/></URDFElement><URDFElement z:Id="i48" i:type="Limit"><Attributes><Attribute z:Id="i49"><AttributeType>lower</AttributeType><IsRequired>false</IsRequired><Value i:nil="true"/></Attribute><Attribute z:Id="i50"><AttributeType>upper</AttributeType><IsRequired>false</IsRequired><Value i:nil="true"/></Attribute><Attribute z:Id="i51"><AttributeType>effort</AttributeType><IsRequired>true</IsRequired><Value i:nil="true"/></Attribute><Attribute z:Id="i52"><AttributeType>velocity</AttributeType><IsRequired>true</IsRequired><Value i:nil="true"/></Attribute></Attributes><ChildElements/><ElementName>limit</ElementName><required>false</required><EffortAttribute z:Ref="i51"/><LowerAttribute z:Ref="i49"/><UpperAttribute z:Ref="i50"/><VelocityAttribute z:Ref="i52"/></URDFElement><URDFElement z:Id="i53" i:type="Calibration"><Attributes><Attribute z:Id="i54"><AttributeType>rising</AttributeType><IsRequired>false</IsRequired><Value i:nil="true"/></Attribute><Attribute z:Id="i55"><AttributeType>falling</AttributeType><IsRequired>false</IsRequired><Value i:nil="true"/></Attribute></Attributes><ChildElements/><ElementName>calibration</ElementName><required>false</required><FallingAttribute z:Ref="i55"/><RisingAttribute z:Ref="i54"/></URDFElement><URDFElement z:Id="i56" i:type="Dynamics"><Attributes><Attribute z:Id="i57"><AttributeType>damping</AttributeType><IsRequired>false</IsRequired><Value i:nil="true"/></Attribute><Attribute z:Id="i58"><AttributeType>friction</AttributeType><IsRequired>false</IsRequired><Value i:nil="true"/></Attribute></Attributes><ChildElements/><ElementName>dynamics</ElementName><required>false</required><DampingAttribute z:Ref="i57"/><FrictionAttribute z:Ref="i58"/></URDFElement><URDFElement z:Id="i59" i:type="SafetyController"><Attributes><Attribute z:Id="i60"><AttributeType>soft_upper_limit</AttributeType><IsRequired>false</IsRequired><Value i:nil="true"/></Attribute><Attribute z:Id="i61"><AttributeType>soft_lower_limit</AttributeType><IsRequired>false</IsRequired><Value i:nil="true"/></Attribute><Attribute z:Id="i62"><AttributeType>k_position</AttributeType><IsRequired>false</IsRequired><Value i:nil="true"/></Attribute><Attribute z:Id="i63"><AttributeType>k_velocity</AttributeType><IsRequired>true</IsRequired><Value i:nil="true"/></Attribute></Attributes><ChildElements/><ElementName>safety_controller</ElementName><required>false</required><KPositionAttribute z:Ref="i62"/><KVelocityAttribute z:Ref="i63"/><SoftLowerAttribute z:Ref="i61"/><SoftUpperAttribute z:Ref="i60"/></URDFElement><URDFElement z:Id="i64" i:type="Mimic"><Attributes><Attribute z:Id="i65"><AttributeType>joint</AttributeType><IsRequired>true</IsRequired><Value i:nil="true"/></Attribute><Attribute z:Id="i66"><AttributeType>multiplier</AttributeType><IsRequired>false</IsRequired><Value i:nil="true"/></Attribute><Attribute z:Id="i67"><AttributeType>offset</AttributeType><IsRequired>false</IsRequired><Value i:nil="true"/></Attribute></Attributes><ChildElements/><ElementName>mimic</ElementName><required>false</required><JointNameAttribute z:Ref="i65"/><MultiplierAttribute z:Ref="i66"/><OffsetAttribute z:Ref="i67"/></URDFElement></ChildElements><ElementName>joint</ElementName><required>false</required><Axis z:Ref="i46"/><AxisName/><Calibration z:Ref="i53"/><Child z:Ref="i44"/><CoordinateSystemName>Coordinate System1</CoordinateSystemName><Dynamics z:Ref="i56"/><Limit z:Ref="i48"/><Mimic z:Ref="i64"/><NameAttribute z:Ref="i37"/><Origin z:Ref="i39"/><Parent z:Ref="i42"/><Safety z:Ref="i59"/><TypeAttribute z:Ref="i38"/></URDFElement></ChildElements><ElementName>link</ElementName><required>true</required><Children><Link z:Id="i68"><Attributes><Attribute z:Id="i69"><AttributeType>name</AttributeType><IsRequired>true</IsRequired><Value i:type="a:string" xmlns:a="http://www.w3.org/2001/XMLSchema">lidar_link</Value></Attribute></Attributes><ChildElements><URDFElement z:Id="i70" i:type="Inertial"><Attributes/><ChildElements><URDFElement z:Id="i71" i:type="Origin"><Attributes><Attribute z:Id="i72"><AttributeType>xyz</AttributeType><IsRequired>true</IsRequired><Value i:type="a:ArrayOfdouble" xmlns:a="http://schemas.microsoft.com/2003/10/Serialization/Arrays"><a:double>0.01483831713663597</a:double><a:double>0.00044768343093459784</a:double><a:double>-0.021153620822649155</a:double></Value></Attribute><Attribute z:Id="i73"><AttributeType>rpy</AttributeType><IsRequired>true</IsRequired><Value i:type="a:ArrayOfdouble" xmlns:a="http://schemas.microsoft.com/2003/10/Serialization/Arrays"><a:double>0</a:double><a:double>0</a:double><a:double>0</a:double></Value></Attribute></Attributes><ChildElements/><ElementName>origin</ElementName><required>false</required><RPYAttribute z:Ref="i73"/><XYZAttribute z:Ref="i72"/><isCustomized>false</isCustomized></URDFElement><URDFElement z:Id="i74" i:type="Mass"><Attributes><Attribute z:Id="i75"><AttributeType>value</AttributeType><IsRequired>true</IsRequired><Value i:type="a:double" xmlns:a="http://www.w3.org/2001/XMLSchema">0.031240912740647893</Value></Attribute></Attributes><ChildElements/><ElementName>mass</ElementName><required>false</required><ValueAttribute z:Ref="i75"/></URDFElement><URDFElement z:Id="i76" i:type="Inertia"><Attributes><Attribute z:Id="i77"><AttributeType>ixx</AttributeType><IsRequired>true</IsRequired><Value i:type="a:double" xmlns:a="http://www.w3.org/2001/XMLSchema">8.8802637081098767E-06</Value></Attribute><Attribute z:Id="i78"><AttributeType>ixy</AttributeType><IsRequired>true</IsRequired><Value i:type="a:double" xmlns:a="http://www.w3.org/2001/XMLSchema">-1.7766449433050944E-07</Value></Attribute><Attribute z:Id="i79"><AttributeType>ixz</AttributeType><IsRequired>true</IsRequired><Value i:type="a:double" xmlns:a="http://www.w3.org/2001/XMLSchema">1.1302767991709002E-07</Value></Attribute><Attribute z:Id="i80"><AttributeType>iyy</AttributeType><IsRequired>true</IsRequired><Value i:type="a:double" xmlns:a="http://www.w3.org/2001/XMLSchema">1.4491001820543374E-05</Value></Attribute><Attribute z:Id="i81"><AttributeType>iyz</AttributeType><IsRequired>true</IsRequired><Value i:type="a:double" xmlns:a="http://www.w3.org/2001/XMLSchema">3.460761149958303E-08</Value></Attribute><Attribute z:Id="i82"><AttributeType>izz</AttributeType><IsRequired>true</IsRequired><Value i:type="a:double" xmlns:a="http://www.w3.org/2001/XMLSchema">2.2528909952026877E-05</Value></Attribute></Attributes><ChildElements/><ElementName>inertia</ElementName><required>false</required><IxxAttribute z:Ref="i77"/><IxyAttribute z:Ref="i78"/><IxzAttribute z:Ref="i79"/><IyyAttribute z:Ref="i80"/><IyzAttribute z:Ref="i81"/><IzzAttribute z:Ref="i82"/></URDFElement></ChildElements><ElementName>inertial</ElementName><required>false</required><Inertia z:Ref="i76"/><Mass z:Ref="i74"/><Origin z:Ref="i71"/></URDFElement><URDFElement z:Id="i83" i:type="Visual"><Attributes/><ChildElements><URDFElement z:Id="i84" i:type="Origin"><Attributes><Attribute z:Id="i85"><AttributeType>xyz</AttributeType><IsRequired>true</IsRequired><Value i:type="a:ArrayOfdouble" xmlns:a="http://schemas.microsoft.com/2003/10/Serialization/Arrays"><a:double>0</a:double><a:double>0</a:double><a:double>0</a:double></Value></Attribute><Attribute z:Id="i86"><AttributeType>rpy</AttributeType><IsRequired>true</IsRequired><Value i:type="a:ArrayOfdouble" xmlns:a="http://schemas.microsoft.com/2003/10/Serialization/Arrays"><a:double>0</a:double><a:double>0</a:double><a:double>0</a:double></Value></Attribute></Attributes><ChildElements/><ElementName>origin</ElementName><required>false</required><RPYAttribute z:Ref="i86"/><XYZAttribute z:Ref="i85"/><isCustomized>false</isCustomized></URDFElement><URDFElement z:Id="i87" i:type="Geometry"><Attributes/><ChildElements><URDFElement z:Id="i88" i:type="Mesh"><Attributes><Attribute z:Id="i89"><AttributeType>filename</AttributeType><IsRequired>true</IsRequired><Value i:nil="true"/></Attribute></Attributes><ChildElements/><ElementName>mesh</ElementName><required>false</required><FilenameAttribute z:Ref="i89"/></URDFElement></ChildElements><ElementName>geometry</ElementName><required>true</required><Mesh z:Ref="i88"/></URDFElement><URDFElement z:Id="i90" i:type="Material"><Attributes><Attribute z:Id="i91"><AttributeType>name</AttributeType><IsRequired>true</IsRequired><Value i:type="a:string" xmlns:a="http://www.w3.org/2001/XMLSchema"/></Attribute></Attributes><ChildElements><URDFElement z:Id="i92" i:type="Color"><Attributes><Attribute z:Id="i93"><AttributeType>rgba</AttributeType><IsRequired>true</IsRequired><Value i:type="a:ArrayOfdouble" xmlns:a="http://schemas.microsoft.com/2003/10/Serialization/Arrays"><a:double>0.792156862745098</a:double><a:double>0.81960784313725488</a:double><a:double>0.93333333333333335</a:double><a:double>1</a:double></Value></Attribute></Attributes><ChildElements/><ElementName>color</ElementName><required>false</required><RGBAAttribute z:Ref="i93"/></URDFElement><URDFElement z:Id="i94" i:type="Texture"><Attributes><Attribute z:Id="i95"><AttributeType>filename</AttributeType><IsRequired>true</IsRequired><Value i:nil="true"/></Attribute></Attributes><ChildElements/><ElementName>texture</ElementName><required>false</required><FilenameAttribute z:Ref="i95"/><wFilename/></URDFElement></ChildElements><ElementName>material</ElementName><required>false</required><Color z:Ref="i92"/><NameAttribute z:Ref="i91"/><Texture z:Ref="i94"/></URDFElement></ChildElements><ElementName>visual</ElementName><required>false</required><Geometry z:Ref="i87"/><Material z:Ref="i90"/><Origin z:Ref="i84"/></URDFElement><URDFElement z:Id="i96" i:type="Collision"><Attributes/><ChildElements><URDFElement z:Id="i97" i:type="Origin"><Attributes><Attribute z:Id="i98"><AttributeType>xyz</AttributeType><IsRequired>true</IsRequired><Value i:type="a:ArrayOfdouble" xmlns:a="http://schemas.microsoft.com/2003/10/Serialization/Arrays"><a:double>0</a:double><a:double>0</a:double><a:double>0</a:double></Value></Attribute><Attribute z:Id="i99"><AttributeType>rpy</AttributeType><IsRequired>true</IsRequired><Value i:type="a:ArrayOfdouble" xmlns:a="http://schemas.microsoft.com/2003/10/Serialization/Arrays"><a:double>0</a:double><a:double>0</a:double><a:double>0</a:double></Value></Attribute></Attributes><ChildElements/><ElementName>origin</ElementName><required>false</required><RPYAttribute z:Ref="i99"/><XYZAttribute z:Ref="i98"/><isCustomized>false</isCustomized></URDFElement><URDFElement z:Id="i100" i:type="Geometry"><Attributes/><ChildElements><URDFElement z:Id="i101" i:type="Mesh"><Attributes><Attribute z:Id="i102"><AttributeType>filename</AttributeType><IsRequired>true</IsRequired><Value i:nil="true"/></Attribute></Attributes><ChildElements/><ElementName>mesh</ElementName><required>false</required><FilenameAttribute z:Ref="i102"/></URDFElement></ChildElements><ElementName>geometry</ElementName><required>true</required><Mesh z:Ref="i101"/></URDFElement></ChildElements><ElementName>collision</ElementName><required>false</required><Geometry z:Ref="i100"/><Origin z:Ref="i97"/></URDFElement><URDFElement z:Id="i103" i:type="Joint"><Attributes><Attribute z:Id="i104"><AttributeType>name</AttributeType><IsRequired>true</IsRequired><Value i:type="a:string" xmlns:a="http://www.w3.org/2001/XMLSchema">lidar</Value></Attribute><Attribute z:Id="i105"><AttributeType>type</AttributeType><IsRequired>true</IsRequired><Value i:type="a:string" xmlns:a="http://www.w3.org/2001/XMLSchema">fixed</Value></Attribute></Attributes><ChildElements><URDFElement z:Id="i106" i:type="Origin"><Attributes><Attribute z:Id="i107"><AttributeType>xyz</AttributeType><IsRequired>true</IsRequired><Value i:type="a:ArrayOfdouble" xmlns:a="http://schemas.microsoft.com/2003/10/Serialization/Arrays"><a:double>0.15566672564358219</a:double><a:double>0.0011277706563345147</a:double><a:double>0.14609999999809897</a:double></Value></Attribute><Attribute z:Id="i108"><AttributeType>rpy</AttributeType><IsRequired>true</IsRequired><Value i:type="a:ArrayOfdouble" xmlns:a="http://schemas.microsoft.com/2003/10/Serialization/Arrays"><a:double>0</a:double><a:double>0</a:double><a:double>0</a:double></Value></Attribute></Attributes><ChildElements/><ElementName>origin</ElementName><required>false</required><RPYAttribute z:Ref="i108"/><XYZAttribute z:Ref="i107"/><isCustomized>false</isCustomized></URDFElement><URDFElement z:Id="i109" i:type="ParentLink"><Attributes><Attribute z:Id="i110"><AttributeType>link</AttributeType><IsRequired>true</IsRequired><Value i:type="a:string" xmlns:a="http://www.w3.org/2001/XMLSchema">base_link</Value></Attribute></Attributes><ChildElements/><ElementName>parent</ElementName><required>true</required><NameAttribute z:Ref="i110"/></URDFElement><URDFElement z:Id="i111" i:type="ChildLink"><Attributes><Attribute z:Id="i112"><AttributeType>link</AttributeType><IsRequired>true</IsRequired><Value i:type="a:string" xmlns:a="http://www.w3.org/2001/XMLSchema">lidar_link</Value></Attribute></Attributes><ChildElements/><ElementName>child</ElementName><required>true</required><NameAttribute z:Ref="i112"/></URDFElement><URDFElement z:Id="i113" i:type="Axis"><Attributes><Attribute z:Id="i114"><AttributeType>xyz</AttributeType><IsRequired>true</IsRequired><Value i:type="a:ArrayOfdouble" xmlns:a="http://schemas.microsoft.com/2003/10/Serialization/Arrays"><a:double>0</a:double><a:double>0</a:double><a:double>0</a:double></Value></Attribute></Attributes><ChildElements/><ElementName>axis</ElementName><required>false</required><XYZAttribute z:Ref="i114"/></URDFElement><URDFElement z:Id="i115" i:type="Limit"><Attributes><Attribute z:Id="i116"><AttributeType>lower</AttributeType><IsRequired>false</IsRequired><Value i:nil="true"/></Attribute><Attribute z:Id="i117"><AttributeType>upper</AttributeType><IsRequired>false</IsRequired><Value i:nil="true"/></Attribute><Attribute z:Id="i118"><AttributeType>effort</AttributeType><IsRequired>true</IsRequired><Value i:nil="true"/></Attribute><Attribute z:Id="i119"><AttributeType>velocity</AttributeType><IsRequired>true</IsRequired><Value i:nil="true"/></Attribute></Attributes><ChildElements/><ElementName>limit</ElementName><required>false</required><EffortAttribute z:Ref="i118"/><LowerAttribute z:Ref="i116"/><UpperAttribute z:Ref="i117"/><VelocityAttribute z:Ref="i119"/></URDFElement><URDFElement z:Id="i120" i:type="Calibration"><Attributes><Attribute z:Id="i121"><AttributeType>rising</AttributeType><IsRequired>false</IsRequired><Value i:nil="true"/></Attribute><Attribute z:Id="i122"><AttributeType>falling</AttributeType><IsRequired>false</IsRequired><Value i:nil="true"/></Attribute></Attributes><ChildElements/><ElementName>calibration</ElementName><required>false</required><FallingAttribute z:Ref="i122"/><RisingAttribute z:Ref="i121"/></URDFElement><URDFElement z:Id="i123" i:type="Dynamics"><Attributes><Attribute z:Id="i124"><AttributeType>damping</AttributeType><IsRequired>false</IsRequired><Value i:nil="true"/></Attribute><Attribute z:Id="i125"><AttributeType>friction</AttributeType><IsRequired>false</IsRequired><Value i:nil="true"/></Attribute></Attributes><ChildElements/><ElementName>dynamics</ElementName><required>false</required><DampingAttribute z:Ref="i124"/><FrictionAttribute z:Ref="i125"/></URDFElement><URDFElement z:Id="i126" i:type="SafetyController"><Attributes><Attribute z:Id="i127"><AttributeType>soft_upper_limit</AttributeType><IsRequired>false</IsRequired><Value i:nil="true"/></Attribute><Attribute z:Id="i128"><AttributeType>soft_lower_limit</AttributeType><IsRequired>false</IsRequired><Value i:nil="true"/></Attribute><Attribute z:Id="i129"><AttributeType>k_position</AttributeType><IsRequired>false</IsRequired><Value i:nil="true"/></Attribute><Attribute z:Id="i130"><AttributeType>k_velocity</AttributeType><IsRequired>true</IsRequired><Value i:nil="true"/></Attribute></Attributes><ChildElements/><ElementName>safety_controller</ElementName><required>false</required><KPositionAttribute z:Ref="i129"/><KVelocityAttribute z:Ref="i130"/><SoftLowerAttribute z:Ref="i128"/><SoftUpperAttribute z:Ref="i127"/></URDFElement><URDFElement z:Id="i131" i:type="Mimic"><Attributes><Attribute z:Id="i132"><AttributeType>joint</AttributeType><IsRequired>true</IsRequired><Value i:nil="true"/></Attribute><Attribute z:Id="i133"><AttributeType>multiplier</AttributeType><IsRequired>false</IsRequired><Value i:nil="true"/></Attribute><Attribute z:Id="i134"><AttributeType>offset</AttributeType><IsRequired>false</IsRequired><Value i:nil="true"/></Attribute></Attributes><ChildElements/><ElementName>mimic</ElementName><required>false</required><JointNameAttribute z:Ref="i132"/><MultiplierAttribute z:Ref="i133"/><OffsetAttribute z:Ref="i134"/></URDFElement></ChildElements><ElementName>joint</ElementName><required>false</required><Axis z:Ref="i113"/><AxisName>Axis_lidar</AxisName><Calibration z:Ref="i120"/><Child z:Ref="i111"/><CoordinateSystemName>Coordinate System2</CoordinateSystemName><Dynamics z:Ref="i123"/><Limit z:Ref="i115"/><Mimic z:Ref="i131"/><NameAttribute z:Ref="i104"/><Origin z:Ref="i106"/><Parent z:Ref="i109"/><Safety z:Ref="i126"/><TypeAttribute z:Ref="i105"/></URDFElement></ChildElements><ElementName>link</ElementName><required>true</required><Children/><Collision z:Ref="i96"/><Inertial z:Ref="i70"/><Joint z:Ref="i103"/><NameAttribute z:Ref="i69"/><Parent z:Ref="i1"/><STLQualityFine>false</STLQualityFine><SWComponentPIDs xmlns:a="http://schemas.microsoft.com/2003/10/Serialization/Arrays"><a:base64Binary>aEIAAAUAAAD//v8fWAAzAF8ATABpAGQAYQByAC0AMQBAAHIAbwBiAG8AVgAzACgAdQByAGQAZgBfAGMAaABhAG4AZwBlAGQAKQAEAAAAEAAAAAEAAAABAAAAiwQAAA==</a:base64Binary></SWComponentPIDs><SWMainComponentPID i:nil="true"/><Visual z:Ref="i83"/><isFixedFrame>false</isFixedFrame><isIncomplete>false</isIncomplete></Link><Link z:Id="i135"><Attributes><Attribute z:Id="i136"><AttributeType>name</AttributeType><IsRequired>true</IsRequired><Value i:type="a:string" xmlns:a="http://www.w3.org/2001/XMLSchema">imu_link</Value></Attribute></Attributes><ChildElements><URDFElement z:Id="i137" i:type="Inertial"><Attributes/><ChildElements><URDFElement z:Id="i138" i:type="Origin"><Attributes><Attribute z:Id="i139"><AttributeType>xyz</AttributeType><IsRequired>true</IsRequired><Value i:type="a:ArrayOfdouble" xmlns:a="http://schemas.microsoft.com/2003/10/Serialization/Arrays"><a:double>-0.00012898011774964413</a:double><a:double>-0.00019149559799944149</a:double><a:double>-0.0038407050934864406</a:double></Value></Attribute><Attribute z:Id="i140"><AttributeType>rpy</AttributeType><IsRequired>true</IsRequired><Value i:type="a:ArrayOfdouble" xmlns:a="http://schemas.microsoft.com/2003/10/Serialization/Arrays"><a:double>0</a:double><a:double>0</a:double><a:double>0</a:double></Value></Attribute></Attributes><ChildElements/><ElementName>origin</ElementName><required>false</required><RPYAttribute z:Ref="i140"/><XYZAttribute z:Ref="i139"/><isCustomized>false</isCustomized></URDFElement><URDFElement z:Id="i141" i:type="Mass"><Attributes><Attribute z:Id="i142"><AttributeType>value</AttributeType><IsRequired>true</IsRequired><Value i:type="a:double" xmlns:a="http://www.w3.org/2001/XMLSchema">0.00099989811898682879</Value></Attribute></Attributes><ChildElements/><ElementName>mass</ElementName><required>false</required><ValueAttribute z:Ref="i142"/></URDFElement><URDFElement z:Id="i143" i:type="Inertia"><Attributes><Attribute z:Id="i144"><AttributeType>ixx</AttributeType><IsRequired>true</IsRequired><Value i:type="a:double" xmlns:a="http://www.w3.org/2001/XMLSchema">2.5044771693541468E-08</Value></Attribute><Attribute z:Id="i145"><AttributeType>ixy</AttributeType><IsRequired>true</IsRequired><Value i:type="a:double" xmlns:a="http://www.w3.org/2001/XMLSchema">1.039650562469034E-10</Value></Attribute><Attribute z:Id="i146"><AttributeType>ixz</AttributeType><IsRequired>true</IsRequired><Value i:type="a:double" xmlns:a="http://www.w3.org/2001/XMLSchema">-2.68560481478177E-14</Value></Attribute><Attribute z:Id="i147"><AttributeType>iyy</AttributeType><IsRequired>true</IsRequired><Value i:type="a:double" xmlns:a="http://www.w3.org/2001/XMLSchema">1.2451353550853E-08</Value></Attribute><Attribute z:Id="i148"><AttributeType>iyz</AttributeType><IsRequired>true</IsRequired><Value i:type="a:double" xmlns:a="http://www.w3.org/2001/XMLSchema">-1.1856542325881859E-14</Value></Attribute><Attribute z:Id="i149"><AttributeType>izz</AttributeType><IsRequired>true</IsRequired><Value i:type="a:double" xmlns:a="http://www.w3.org/2001/XMLSchema">3.0637635311589823E-08</Value></Attribute></Attributes><ChildElements/><ElementName>inertia</ElementName><required>false</required><IxxAttribute z:Ref="i144"/><IxyAttribute z:Ref="i145"/><IxzAttribute z:Ref="i146"/><IyyAttribute z:Ref="i147"/><IyzAttribute z:Ref="i148"/><IzzAttribute z:Ref="i149"/></URDFElement></ChildElements><ElementName>inertial</ElementName><required>false</required><Inertia z:Ref="i143"/><Mass z:Ref="i141"/><Origin z:Ref="i138"/></URDFElement><URDFElement z:Id="i150" i:type="Visual"><Attributes/><ChildElements><URDFElement z:Id="i151" i:type="Origin"><Attributes><Attribute z:Id="i152"><AttributeType>xyz</AttributeType><IsRequired>true</IsRequired><Value i:type="a:ArrayOfdouble" xmlns:a="http://schemas.microsoft.com/2003/10/Serialization/Arrays"><a:double>0</a:double><a:double>0</a:double><a:double>0</a:double></Value></Attribute><Attribute z:Id="i153"><AttributeType>rpy</AttributeType><IsRequired>true</IsRequired><Value i:type="a:ArrayOfdouble" xmlns:a="http://schemas.microsoft.com/2003/10/Serialization/Arrays"><a:double>0</a:double><a:double>0</a:double><a:double>0</a:double></Value></Attribute></Attributes><ChildElements/><ElementName>origin</ElementName><required>false</required><RPYAttribute z:Ref="i153"/><XYZAttribute z:Ref="i152"/><isCustomized>false</isCustomized></URDFElement><URDFElement z:Id="i154" i:type="Geometry"><Attributes/><ChildElements><URDFElement z:Id="i155" i:type="Mesh"><Attributes><Attribute z:Id="i156"><AttributeType>filename</AttributeType><IsRequired>true</IsRequired><Value i:nil="true"/></Attribute></Attributes><ChildElements/><ElementName>mesh</ElementName><required>false</required><FilenameAttribute z:Ref="i156"/></URDFElement></ChildElements><ElementName>geometry</ElementName><required>true</required><Mesh z:Ref="i155"/></URDFElement><URDFElement z:Id="i157" i:type="Material"><Attributes><Attribute z:Id="i158"><AttributeType>name</AttributeType><IsRequired>true</IsRequired><Value i:type="a:string" xmlns:a="http://www.w3.org/2001/XMLSchema"/></Attribute></Attributes><ChildElements><URDFElement z:Id="i159" i:type="Color"><Attributes><Attribute z:Id="i160"><AttributeType>rgba</AttributeType><IsRequired>true</IsRequired><Value i:type="a:ArrayOfdouble" xmlns:a="http://schemas.microsoft.com/2003/10/Serialization/Arrays"><a:double>0.792156862745098</a:double><a:double>0.81960784313725488</a:double><a:double>0.93333333333333335</a:double><a:double>1</a:double></Value></Attribute></Attributes><ChildElements/><ElementName>color</ElementName><required>false</required><RGBAAttribute z:Ref="i160"/></URDFElement><URDFElement z:Id="i161" i:type="Texture"><Attributes><Attribute z:Id="i162"><AttributeType>filename</AttributeType><IsRequired>true</IsRequired><Value i:nil="true"/></Attribute></Attributes><ChildElements/><ElementName>texture</ElementName><required>false</required><FilenameAttribute z:Ref="i162"/><wFilename/></URDFElement></ChildElements><ElementName>material</ElementName><required>false</required><Color z:Ref="i159"/><NameAttribute z:Ref="i158"/><Texture z:Ref="i161"/></URDFElement></ChildElements><ElementName>visual</ElementName><required>false</required><Geometry z:Ref="i154"/><Material z:Ref="i157"/><Origin z:Ref="i151"/></URDFElement><URDFElement z:Id="i163" i:type="Collision"><Attributes/><ChildElements><URDFElement z:Id="i164" i:type="Origin"><Attributes><Attribute z:Id="i165"><AttributeType>xyz</AttributeType><IsRequired>true</IsRequired><Value i:type="a:ArrayOfdouble" xmlns:a="http://schemas.microsoft.com/2003/10/Serialization/Arrays"><a:double>0</a:double><a:double>0</a:double><a:double>0</a:double></Value></Attribute><Attribute z:Id="i166"><AttributeType>rpy</AttributeType><IsRequired>true</IsRequired><Value i:type="a:ArrayOfdouble" xmlns:a="http://schemas.microsoft.com/2003/10/Serialization/Arrays"><a:double>0</a:double><a:double>0</a:double><a:double>0</a:double></Value></Attribute></Attributes><ChildElements/><ElementName>origin</ElementName><required>false</required><RPYAttribute z:Ref="i166"/><XYZAttribute z:Ref="i165"/><isCustomized>false</isCustomized></URDFElement><URDFElement z:Id="i167" i:type="Geometry"><Attributes/><ChildElements><URDFElement z:Id="i168" i:type="Mesh"><Attributes><Attribute z:Id="i169"><AttributeType>filename</AttributeType><IsRequired>true</IsRequired><Value i:nil="true"/></Attribute></Attributes><ChildElements/><ElementName>mesh</ElementName><required>false</required><FilenameAttribute z:Ref="i169"/></URDFElement></ChildElements><ElementName>geometry</ElementName><required>true</required><Mesh z:Ref="i168"/></URDFElement></ChildElements><ElementName>collision</ElementName><required>false</required><Geometry z:Ref="i167"/><Origin z:Ref="i164"/></URDFElement><URDFElement z:Id="i170" i:type="Joint"><Attributes><Attribute z:Id="i171"><AttributeType>name</AttributeType><IsRequired>true</IsRequired><Value i:type="a:string" xmlns:a="http://www.w3.org/2001/XMLSchema">imu</Value></Attribute><Attribute z:Id="i172"><AttributeType>type</AttributeType><IsRequired>true</IsRequired><Value i:type="a:string" xmlns:a="http://www.w3.org/2001/XMLSchema">fixed</Value></Attribute></Attributes><ChildElements><URDFElement z:Id="i173" i:type="Origin"><Attributes><Attribute z:Id="i174"><AttributeType>xyz</AttributeType><IsRequired>true</IsRequired><Value i:type="a:ArrayOfdouble" xmlns:a="http://schemas.microsoft.com/2003/10/Serialization/Arrays"><a:double>0.12642893305504876</a:double><a:double>-0.10052307723426915</a:double><a:double>0.0330200000034927</a:double></Value></Attribute><Attribute z:Id="i175"><AttributeType>rpy</AttributeType><IsRequired>true</IsRequired><Value i:type="a:ArrayOfdouble" xmlns:a="http://schemas.microsoft.com/2003/10/Serialization/Arrays"><a:double>0</a:double><a:double>0</a:double><a:double>0</a:double></Value></Attribute></Attributes><ChildElements/><ElementName>origin</ElementName><required>false</required><RPYAttribute z:Ref="i175"/><XYZAttribute z:Ref="i174"/><isCustomized>false</isCustomized></URDFElement><URDFElement z:Id="i176" i:type="ParentLink"><Attributes><Attribute z:Id="i177"><AttributeType>link</AttributeType><IsRequired>true</IsRequired><Value i:type="a:string" xmlns:a="http://www.w3.org/2001/XMLSchema">base_link</Value></Attribute></Attributes><ChildElements/><ElementName>parent</ElementName><required>true</required><NameAttribute z:Ref="i177"/></URDFElement><URDFElement z:Id="i178" i:type="ChildLink"><Attributes><Attribute z:Id="i179"><AttributeType>link</AttributeType><IsRequired>true</IsRequired><Value i:type="a:string" xmlns:a="http://www.w3.org/2001/XMLSchema">imu_link</Value></Attribute></Attributes><ChildElements/><ElementName>child</ElementName><required>true</required><NameAttribute z:Ref="i179"/></URDFElement><URDFElement z:Id="i180" i:type="Axis"><Attributes><Attribute z:Id="i181"><AttributeType>xyz</AttributeType><IsRequired>true</IsRequired><Value i:type="a:ArrayOfdouble" xmlns:a="http://schemas.microsoft.com/2003/10/Serialization/Arrays"><a:double>0</a:double><a:double>0</a:double><a:double>0</a:double></Value></Attribute></Attributes><ChildElements/><ElementName>axis</ElementName><required>false</required><XYZAttribute z:Ref="i181"/></URDFElement><URDFElement z:Id="i182" i:type="Limit"><Attributes><Attribute z:Id="i183"><AttributeType>lower</AttributeType><IsRequired>false</IsRequired><Value i:nil="true"/></Attribute><Attribute z:Id="i184"><AttributeType>upper</AttributeType><IsRequired>false</IsRequired><Value i:nil="true"/></Attribute><Attribute z:Id="i185"><AttributeType>effort</AttributeType><IsRequired>true</IsRequired><Value i:nil="true"/></Attribute><Attribute z:Id="i186"><AttributeType>velocity</AttributeType><IsRequired>true</IsRequired><Value i:nil="true"/></Attribute></Attributes><ChildElements/><ElementName>limit</ElementName><required>false</required><EffortAttribute z:Ref="i185"/><LowerAttribute z:Ref="i183"/><UpperAttribute z:Ref="i184"/><VelocityAttribute z:Ref="i186"/></URDFElement><URDFElement z:Id="i187" i:type="Calibration"><Attributes><Attribute z:Id="i188"><AttributeType>rising</AttributeType><IsRequired>false</IsRequired><Value i:nil="true"/></Attribute><Attribute z:Id="i189"><AttributeType>falling</AttributeType><IsRequired>false</IsRequired><Value i:nil="true"/></Attribute></Attributes><ChildElements/><ElementName>calibration</ElementName><required>false</required><FallingAttribute z:Ref="i189"/><RisingAttribute z:Ref="i188"/></URDFElement><URDFElement z:Id="i190" i:type="Dynamics"><Attributes><Attribute z:Id="i191"><AttributeType>damping</AttributeType><IsRequired>false</IsRequired><Value i:nil="true"/></Attribute><Attribute z:Id="i192"><AttributeType>friction</AttributeType><IsRequired>false</IsRequired><Value i:nil="true"/></Attribute></Attributes><ChildElements/><ElementName>dynamics</ElementName><required>false</required><DampingAttribute z:Ref="i191"/><FrictionAttribute z:Ref="i192"/></URDFElement><URDFElement z:Id="i193" i:type="SafetyController"><Attributes><Attribute z:Id="i194"><AttributeType>soft_upper_limit</AttributeType><IsRequired>false</IsRequired><Value i:nil="true"/></Attribute><Attribute z:Id="i195"><AttributeType>soft_lower_limit</AttributeType><IsRequired>false</IsRequired><Value i:nil="true"/></Attribute><Attribute z:Id="i196"><AttributeType>k_position</AttributeType><IsRequired>false</IsRequired><Value i:nil="true"/></Attribute><Attribute z:Id="i197"><AttributeType>k_velocity</AttributeType><IsRequired>true</IsRequired><Value i:nil="true"/></Attribute></Attributes><ChildElements/><ElementName>safety_controller</ElementName><required>false</required><KPositionAttribute z:Ref="i196"/><KVelocityAttribute z:Ref="i197"/><SoftLowerAttribute z:Ref="i195"/><SoftUpperAttribute z:Ref="i194"/></URDFElement><URDFElement z:Id="i198" i:type="Mimic"><Attributes><Attribute z:Id="i199"><AttributeType>joint</AttributeType><IsRequired>true</IsRequired><Value i:nil="true"/></Attribute><Attribute z:Id="i200"><AttributeType>multiplier</AttributeType><IsRequired>false</IsRequired><Value i:nil="true"/></Attribute><Attribute z:Id="i201"><AttributeType>offset</AttributeType><IsRequired>false</IsRequired><Value i:nil="true"/></Attribute></Attributes><ChildElements/><ElementName>mimic</ElementName><required>false</required><JointNameAttribute z:Ref="i199"/><MultiplierAttribute z:Ref="i200"/><OffsetAttribute z:Ref="i201"/></URDFElement></ChildElements><ElementName>joint</ElementName><required>false</required><Axis z:Ref="i180"/><AxisName>Axis_imu</AxisName><Calibration z:Ref="i187"/><Child z:Ref="i178"/><CoordinateSystemName>Coordinate System3</CoordinateSystemName><Dynamics z:Ref="i190"/><Limit z:Ref="i182"/><Mimic z:Ref="i198"/><NameAttribute z:Ref="i171"/><Origin z:Ref="i173"/><Parent z:Ref="i176"/><Safety z:Ref="i193"/><TypeAttribute z:Ref="i172"/></URDFElement></ChildElements><ElementName>link</ElementName><required>true</required><Children/><Collision z:Ref="i163"/><Inertial z:Ref="i137"/><Joint z:Ref="i170"/><NameAttribute z:Ref="i136"/><Parent z:Ref="i1"/><STLQualityFine>false</STLQualityFine><SWComponentPIDs xmlns:a="http://schemas.microsoft.com/2003/10/Serialization/Arrays"><a:base64Binary>aEIAAAUAAAD//v8eTQBQAFUANgAwADUAMAAtADEAQAByAG8AYgBvAFYAMwAoAHUAcgBkAGYAXwBjAGgAYQBuAGcAZQBkACkABAAAABAAAAABAAAAAQAAAPYEAAA=</a:base64Binary></SWComponentPIDs><SWMainComponentPID i:nil="true"/><Visual z:Ref="i150"/><isFixedFrame>false</isFixedFrame><isIncomplete>false</isIncomplete></Link><Link z:Id="i202"><Attributes><Attribute z:Id="i203"><AttributeType>name</AttributeType><IsRequired>true</IsRequired><Value i:type="a:string" xmlns:a="http://www.w3.org/2001/XMLSchema">right_wheel_link</Value></Attribute></Attributes><ChildElements><URDFElement z:Id="i204" i:type="Inertial"><Attributes/><ChildElements><URDFElement z:Id="i205" i:type="Origin"><Attributes><Attribute z:Id="i206"><AttributeType>xyz</AttributeType><IsRequired>true</IsRequired><Value i:type="a:ArrayOfdouble" xmlns:a="http://schemas.microsoft.com/2003/10/Serialization/Arrays"><a:double>0.00024358782977840221</a:double><a:double>-0.029500099045564304</a:double><a:double>8.011608043645424E-11</a:double></Value></Attribute><Attribute z:Id="i207"><AttributeType>rpy</AttributeType><IsRequired>true</IsRequired><Value i:type="a:ArrayOfdouble" xmlns:a="http://schemas.microsoft.com/2003/10/Serialization/Arrays"><a:double>0</a:double><a:double>0</a:double><a:double>0</a:double></Value></Attribute></Attributes><ChildElements/><ElementName>origin</ElementName><required>false</required><RPYAttribute z:Ref="i207"/><XYZAttribute z:Ref="i206"/><isCustomized>false</isCustomized></URDFElement><URDFElement z:Id="i208" i:type="Mass"><Attributes><Attribute z:Id="i209"><AttributeType>value</AttributeType><IsRequired>true</IsRequired><Value i:type="a:double" xmlns:a="http://www.w3.org/2001/XMLSchema">0.98170665090244014</Value></Attribute></Attributes><ChildElements/><ElementName>mass</ElementName><required>false</required><ValueAttribute z:Ref="i209"/></URDFElement><URDFElement z:Id="i210" i:type="Inertia"><Attributes><Attribute z:Id="i211"><AttributeType>ixx</AttributeType><IsRequired>true</IsRequired><Value i:type="a:double" xmlns:a="http://www.w3.org/2001/XMLSchema">0.0016529885173842311</Value></Attribute><Attribute z:Id="i212"><AttributeType>ixy</AttributeType><IsRequired>true</IsRequired><Value i:type="a:double" xmlns:a="http://www.w3.org/2001/XMLSchema">-1.0124915182156959E-05</Value></Attribute><Attribute z:Id="i213"><AttributeType>ixz</AttributeType><IsRequired>true</IsRequired><Value i:type="a:double" xmlns:a="http://www.w3.org/2001/XMLSchema">1.3027076084653395E-08</Value></Attribute><Attribute z:Id="i214"><AttributeType>iyy</AttributeType><IsRequired>true</IsRequired><Value i:type="a:double" xmlns:a="http://www.w3.org/2001/XMLSchema">0.0028786195096230549</Value></Attribute><Attribute z:Id="i215"><AttributeType>iyz</AttributeType><IsRequired>true</IsRequired><Value i:type="a:double" xmlns:a="http://www.w3.org/2001/XMLSchema">5.3288362587958524E-10</Value></Attribute><Attribute z:Id="i216"><AttributeType>izz</AttributeType><IsRequired>true</IsRequired><Value i:type="a:double" xmlns:a="http://www.w3.org/2001/XMLSchema">0.00165292257365774</Value></Attribute></Attributes><ChildElements/><ElementName>inertia</ElementName><required>false</required><IxxAttribute z:Ref="i211"/><IxyAttribute z:Ref="i212"/><IxzAttribute z:Ref="i213"/><IyyAttribute z:Ref="i214"/><IyzAttribute z:Ref="i215"/><IzzAttribute z:Ref="i216"/></URDFElement></ChildElements><ElementName>inertial</ElementName><required>false</required><Inertia z:Ref="i210"/><Mass z:Ref="i208"/><Origin z:Ref="i205"/></URDFElement><URDFElement z:Id="i217" i:type="Visual"><Attributes/><ChildElements><URDFElement z:Id="i218" i:type="Origin"><Attributes><Attribute z:Id="i219"><AttributeType>xyz</AttributeType><IsRequired>true</IsRequired><Value i:type="a:ArrayOfdouble" xmlns:a="http://schemas.microsoft.com/2003/10/Serialization/Arrays"><a:double>0</a:double><a:double>0</a:double><a:double>0</a:double></Value></Attribute><Attribute z:Id="i220"><AttributeType>rpy</AttributeType><IsRequired>true</IsRequired><Value i:type="a:ArrayOfdouble" xmlns:a="http://schemas.microsoft.com/2003/10/Serialization/Arrays"><a:double>0</a:double><a:double>0</a:double><a:double>0</a:double></Value></Attribute></Attributes><ChildElements/><ElementName>origin</ElementName><required>false</required><RPYAttribute z:Ref="i220"/><XYZAttribute z:Ref="i219"/><isCustomized>false</isCustomized></URDFElement><URDFElement z:Id="i221" i:type="Geometry"><Attributes/><ChildElements><URDFElement z:Id="i222" i:type="Mesh"><Attributes><Attribute z:Id="i223"><AttributeType>filename</AttributeType><IsRequired>true</IsRequired><Value i:nil="true"/></Attribute></Attributes><ChildElements/><ElementName>mesh</ElementName><required>false</required><FilenameAttribute z:Ref="i223"/></URDFElement></ChildElements><ElementName>geometry</ElementName><required>true</required><Mesh z:Ref="i222"/></URDFElement><URDFElement z:Id="i224" i:type="Material"><Attributes><Attribute z:Id="i225"><AttributeType>name</AttributeType><IsRequired>true</IsRequired><Value i:type="a:string" xmlns:a="http://www.w3.org/2001/XMLSchema"/></Attribute></Attributes><ChildElements><URDFElement z:Id="i226" i:type="Color"><Attributes><Attribute z:Id="i227"><AttributeType>rgba</AttributeType><IsRequired>true</IsRequired><Value i:type="a:ArrayOfdouble" xmlns:a="http://schemas.microsoft.com/2003/10/Serialization/Arrays"><a:double>0.2</a:double><a:double>0.2</a:double><a:double>0.2</a:double><a:double>1</a:double></Value></Attribute></Attributes><ChildElements/><ElementName>color</ElementName><required>false</required><RGBAAttribute z:Ref="i227"/></URDFElement><URDFElement z:Id="i228" i:type="Texture"><Attributes><Attribute z:Id="i229"><AttributeType>filename</AttributeType><IsRequired>true</IsRequired><Value i:nil="true"/></Attribute></Attributes><ChildElements/><ElementName>texture</ElementName><required>false</required><FilenameAttribute z:Ref="i229"/><wFilename/></URDFElement></ChildElements><ElementName>material</ElementName><required>false</required><Color z:Ref="i226"/><NameAttribute z:Ref="i225"/><Texture z:Ref="i228"/></URDFElement></ChildElements><ElementName>visual</ElementName><required>false</required><Geometry z:Ref="i221"/><Material z:Ref="i224"/><Origin z:Ref="i218"/></URDFElement><URDFElement z:Id="i230" i:type="Collision"><Attributes/><ChildElements><URDFElement z:Id="i231" i:type="Origin"><Attributes><Attribute z:Id="i232"><AttributeType>xyz</AttributeType><IsRequired>true</IsRequired><Value i:type="a:ArrayOfdouble" xmlns:a="http://schemas.microsoft.com/2003/10/Serialization/Arrays"><a:double>0</a:double><a:double>0</a:double><a:double>0</a:double></Value></Attribute><Attribute z:Id="i233"><AttributeType>rpy</AttributeType><IsRequired>true</IsRequired><Value i:type="a:ArrayOfdouble" xmlns:a="http://schemas.microsoft.com/2003/10/Serialization/Arrays"><a:double>0</a:double><a:double>0</a:double><a:double>0</a:double></Value></Attribute></Attributes><ChildElements/><ElementName>origin</ElementName><required>false</required><RPYAttribute z:Ref="i233"/><XYZAttribute z:Ref="i232"/><isCustomized>false</isCustomized></URDFElement><URDFElement z:Id="i234" i:type="Geometry"><Attributes/><ChildElements><URDFElement z:Id="i235" i:type="Mesh"><Attributes><Attribute z:Id="i236"><AttributeType>filename</AttributeType><IsRequired>true</IsRequired><Value i:nil="true"/></Attribute></Attributes><ChildElements/><ElementName>mesh</ElementName><required>false</required><FilenameAttribute z:Ref="i236"/></URDFElement></ChildElements><ElementName>geometry</ElementName><required>true</required><Mesh z:Ref="i235"/></URDFElement></ChildElements><ElementName>collision</ElementName><required>false</required><Geometry z:Ref="i234"/><Origin z:Ref="i231"/></URDFElement><URDFElement z:Id="i237" i:type="Joint"><Attributes><Attribute z:Id="i238"><AttributeType>name</AttributeType><IsRequired>true</IsRequired><Value i:type="a:string" xmlns:a="http://www.w3.org/2001/XMLSchema">right_wheel</Value></Attribute><Attribute z:Id="i239"><AttributeType>type</AttributeType><IsRequired>true</IsRequired><Value i:type="a:string" xmlns:a="http://www.w3.org/2001/XMLSchema">continuous</Value></Attribute></Attributes><ChildElements><URDFElement z:Id="i240" i:type="Origin"><Attributes><Attribute z:Id="i241"><AttributeType>xyz</AttributeType><IsRequired>true</IsRequired><Value i:type="a:ArrayOfdouble" xmlns:a="http://schemas.microsoft.com/2003/10/Serialization/Arrays"><a:double>0.0015756</a:double><a:double>-0.17502</a:double><a:double>0.015</a:double></Value></Attribute><Attribute z:Id="i242"><AttributeType>rpy</AttributeType><IsRequired>true</IsRequired><Value i:type="a:ArrayOfdouble" xmlns:a="http://schemas.microsoft.com/2003/10/Serialization/Arrays"><a:double>0</a:double><a:double>0</a:double><a:double>0</a:double></Value></Attribute></Attributes><ChildElements/><ElementName>origin</ElementName><required>false</required><RPYAttribute z:Ref="i242"/><XYZAttribute z:Ref="i241"/><isCustomized>false</isCustomized></URDFElement><URDFElement z:Id="i243" i:type="ParentLink"><Attributes><Attribute z:Id="i244"><AttributeType>link</AttributeType><IsRequired>true</IsRequired><Value i:type="a:string" xmlns:a="http://www.w3.org/2001/XMLSchema">base_link</Value></Attribute></Attributes><ChildElements/><ElementName>parent</ElementName><required>true</required><NameAttribute z:Ref="i244"/></URDFElement><URDFElement z:Id="i245" i:type="ChildLink"><Attributes><Attribute z:Id="i246"><AttributeType>link</AttributeType><IsRequired>true</IsRequired><Value i:type="a:string" xmlns:a="http://www.w3.org/2001/XMLSchema">right_wheel_link</Value></Attribute></Attributes><ChildElements/><ElementName>child</ElementName><required>true</required><NameAttribute z:Ref="i246"/></URDFElement><URDFElement z:Id="i247" i:type="Axis"><Attributes><Attribute z:Id="i248"><AttributeType>xyz</AttributeType><IsRequired>true</IsRequired><Value i:type="a:ArrayOfdouble" xmlns:a="http://schemas.microsoft.com/2003/10/Serialization/Arrays"><a:double>0</a:double><a:double>1</a:double><a:double>0</a:double></Value></Attribute></Attributes><ChildElements/><ElementName>axis</ElementName><required>false</required><XYZAttribute z:Ref="i248"/></URDFElement><URDFElement z:Id="i249" i:type="Limit"><Attributes><Attribute z:Id="i250"><AttributeType>lower</AttributeType><IsRequired>false</IsRequired><Value i:nil="true"/></Attribute><Attribute z:Id="i251"><AttributeType>upper</AttributeType><IsRequired>false</IsRequired><Value i:nil="true"/></Attribute><Attribute z:Id="i252"><AttributeType>effort</AttributeType><IsRequired>true</IsRequired><Value i:nil="true"/></Attribute><Attribute z:Id="i253"><AttributeType>velocity</AttributeType><IsRequired>true</IsRequired><Value i:nil="true"/></Attribute></Attributes><ChildElements/><ElementName>limit</ElementName><required>false</required><EffortAttribute z:Ref="i252"/><LowerAttribute z:Ref="i250"/><UpperAttribute z:Ref="i251"/><VelocityAttribute z:Ref="i253"/></URDFElement><URDFElement z:Id="i254" i:type="Calibration"><Attributes><Attribute z:Id="i255"><AttributeType>rising</AttributeType><IsRequired>false</IsRequired><Value i:nil="true"/></Attribute><Attribute z:Id="i256"><AttributeType>falling</AttributeType><IsRequired>false</IsRequired><Value i:nil="true"/></Attribute></Attributes><ChildElements/><ElementName>calibration</ElementName><required>false</required><FallingAttribute z:Ref="i256"/><RisingAttribute z:Ref="i255"/></URDFElement><URDFElement z:Id="i257" i:type="Dynamics"><Attributes><Attribute z:Id="i258"><AttributeType>damping</AttributeType><IsRequired>false</IsRequired><Value i:nil="true"/></Attribute><Attribute z:Id="i259"><AttributeType>friction</AttributeType><IsRequired>false</IsRequired><Value i:nil="true"/></Attribute></Attributes><ChildElements/><ElementName>dynamics</ElementName><required>false</required><DampingAttribute z:Ref="i258"/><FrictionAttribute z:Ref="i259"/></URDFElement><URDFElement z:Id="i260" i:type="SafetyController"><Attributes><Attribute z:Id="i261"><AttributeType>soft_upper_limit</AttributeType><IsRequired>false</IsRequired><Value i:nil="true"/></Attribute><Attribute z:Id="i262"><AttributeType>soft_lower_limit</AttributeType><IsRequired>false</IsRequired><Value i:nil="true"/></Attribute><Attribute z:Id="i263"><AttributeType>k_position</AttributeType><IsRequired>false</IsRequired><Value i:nil="true"/></Attribute><Attribute z:Id="i264"><AttributeType>k_velocity</AttributeType><IsRequired>true</IsRequired><Value i:nil="true"/></Attribute></Attributes><ChildElements/><ElementName>safety_controller</ElementName><required>false</required><KPositionAttribute z:Ref="i263"/><KVelocityAttribute z:Ref="i264"/><SoftLowerAttribute z:Ref="i262"/><SoftUpperAttribute z:Ref="i261"/></URDFElement><URDFElement z:Id="i265" i:type="Mimic"><Attributes><Attribute z:Id="i266"><AttributeType>joint</AttributeType><IsRequired>true</IsRequired><Value i:nil="true"/></Attribute><Attribute z:Id="i267"><AttributeType>multiplier</AttributeType><IsRequired>false</IsRequired><Value i:nil="true"/></Attribute><Attribute z:Id="i268"><AttributeType>offset</AttributeType><IsRequired>false</IsRequired><Value i:nil="true"/></Attribute></Attributes><ChildElements/><ElementName>mimic</ElementName><required>false</required><JointNameAttribute z:Ref="i266"/><MultiplierAttribute z:Ref="i267"/><OffsetAttribute z:Ref="i268"/></URDFElement></ChildElements><ElementName>joint</ElementName><required>false</required><Axis z:Ref="i247"/><AxisName>Axis2</AxisName><Calibration z:Ref="i254"/><Child z:Ref="i245"/><CoordinateSystemName>Coordinate System6</CoordinateSystemName><Dynamics z:Ref="i257"/><Limit z:Ref="i249"/><Mimic z:Ref="i265"/><NameAttribute z:Ref="i238"/><Origin z:Ref="i240"/><Parent z:Ref="i243"/><Safety z:Ref="i260"/><TypeAttribute z:Ref="i239"/></URDFElement></ChildElements><ElementName>link</ElementName><required>true</required><Children/><Collision z:Ref="i230"/><Inertial z:Ref="i204"/><Joint z:Ref="i237"/><NameAttribute z:Ref="i203"/><Parent z:Ref="i1"/><STLQualityFine>false</STLQualityFine><SWComponentPIDs xmlns:a="http://schemas.microsoft.com/2003/10/Serialization/Arrays"><a:base64Binary>aEIAAAUAAAD//v8gbQBvAHQAbwByAGUAZABpAHQALQA0AEAAcgBvAGIAbwBWADMAKAB1AHIAZABmAF8AYwBoAGEAbgBnAGUAZAApAAQAAAAQAAAAAQAAAAEAAADOBQAA</a:base64Binary></SWComponentPIDs><SWMainComponentPID i:nil="true"/><Visual z:Ref="i217"/><isFixedFrame>false</isFixedFrame><isIncomplete>false</isIncomplete></Link><Link z:Id="i269"><Attributes><Attribute z:Id="i270"><AttributeType>name</AttributeType><IsRequired>true</IsRequired><Value i:type="a:string" xmlns:a="http://www.w3.org/2001/XMLSchema">left_wheel_link</Value></Attribute></Attributes><ChildElements><URDFElement z:Id="i271" i:type="Inertial"><Attributes/><ChildElements><URDFElement z:Id="i272" i:type="Origin"><Attributes><Attribute z:Id="i273"><AttributeType>xyz</AttributeType><IsRequired>true</IsRequired><Value i:type="a:ArrayOfdouble" xmlns:a="http://schemas.microsoft.com/2003/10/Serialization/Arrays"><a:double>-0.00024358782977862425</a:double><a:double>0.029500099045563832</a:double><a:double>8.0114970213429615E-11</a:double></Value></Attribute><Attribute z:Id="i274"><AttributeType>rpy</AttributeType><IsRequired>true</IsRequired><Value i:type="a:ArrayOfdouble" xmlns:a="http://schemas.microsoft.com/2003/10/Serialization/Arrays"><a:double>0</a:double><a:double>0</a:double><a:double>0</a:double></Value></Attribute></Attributes><ChildElements/><ElementName>origin</ElementName><required>false</required><RPYAttribute z:Ref="i274"/><XYZAttribute z:Ref="i273"/><isCustomized>false</isCustomized></URDFElement><URDFElement z:Id="i275" i:type="Mass"><Attributes><Attribute z:Id="i276"><AttributeType>value</AttributeType><IsRequired>true</IsRequired><Value i:type="a:double" xmlns:a="http://www.w3.org/2001/XMLSchema">0.98170665090244325</Value></Attribute></Attributes><ChildElements/><ElementName>mass</ElementName><required>false</required><ValueAttribute z:Ref="i276"/></URDFElement><URDFElement z:Id="i277" i:type="Inertia"><Attributes><Attribute z:Id="i278"><AttributeType>ixx</AttributeType><IsRequired>true</IsRequired><Value i:type="a:double" xmlns:a="http://www.w3.org/2001/XMLSchema">0.0016529912083484673</Value></Attribute><Attribute z:Id="i279"><AttributeType>ixy</AttributeType><IsRequired>true</IsRequired><Value i:type="a:double" xmlns:a="http://www.w3.org/2001/XMLSchema">-1.01249109871006E-05</Value></Attribute><Attribute z:Id="i280"><AttributeType>ixz</AttributeType><IsRequired>true</IsRequired><Value i:type="a:double" xmlns:a="http://www.w3.org/2001/XMLSchema">-1.4498411509309047E-08</Value></Attribute><Attribute z:Id="i281"><AttributeType>iyy</AttributeType><IsRequired>true</IsRequired><Value i:type="a:double" xmlns:a="http://www.w3.org/2001/XMLSchema">0.0028786195090139259</Value></Attribute><Attribute z:Id="i282"><AttributeType>iyz</AttributeType><IsRequired>true</IsRequired><Value i:type="a:double" xmlns:a="http://www.w3.org/2001/XMLSchema">7.2500421719434482E-11</Value></Attribute><Attribute z:Id="i283"><AttributeType>izz</AttributeType><IsRequired>true</IsRequired><Value i:type="a:double" xmlns:a="http://www.w3.org/2001/XMLSchema">0.0016529198823447622</Value></Attribute></Attributes><ChildElements/><ElementName>inertia</ElementName><required>false</required><IxxAttribute z:Ref="i278"/><IxyAttribute z:Ref="i279"/><IxzAttribute z:Ref="i280"/><IyyAttribute z:Ref="i281"/><IyzAttribute z:Ref="i282"/><IzzAttribute z:Ref="i283"/></URDFElement></ChildElements><ElementName>inertial</ElementName><required>false</required><Inertia z:Ref="i277"/><Mass z:Ref="i275"/><Origin z:Ref="i272"/></URDFElement><URDFElement z:Id="i284" i:type="Visual"><Attributes/><ChildElements><URDFElement z:Id="i285" i:type="Origin"><Attributes><Attribute z:Id="i286"><AttributeType>xyz</AttributeType><IsRequired>true</IsRequired><Value i:type="a:ArrayOfdouble" xmlns:a="http://schemas.microsoft.com/2003/10/Serialization/Arrays"><a:double>0</a:double><a:double>0</a:double><a:double>0</a:double></Value></Attribute><Attribute z:Id="i287"><AttributeType>rpy</AttributeType><IsRequired>true</IsRequired><Value i:type="a:ArrayOfdouble" xmlns:a="http://schemas.microsoft.com/2003/10/Serialization/Arrays"><a:double>0</a:double><a:double>0</a:double><a:double>0</a:double></Value></Attribute></Attributes><ChildElements/><ElementName>origin</ElementName><required>false</required><RPYAttribute z:Ref="i287"/><XYZAttribute z:Ref="i286"/><isCustomized>false</isCustomized></URDFElement><URDFElement z:Id="i288" i:type="Geometry"><Attributes/><ChildElements><URDFElement z:Id="i289" i:type="Mesh"><Attributes><Attribute z:Id="i290"><AttributeType>filename</AttributeType><IsRequired>true</IsRequired><Value i:nil="true"/></Attribute></Attributes><ChildElements/><ElementName>mesh</ElementName><required>false</required><FilenameAttribute z:Ref="i290"/></URDFElement></ChildElements><ElementName>geometry</ElementName><required>true</required><Mesh z:Ref="i289"/></URDFElement><URDFElement z:Id="i291" i:type="Material"><Attributes><Attribute z:Id="i292"><AttributeType>name</AttributeType><IsRequired>true</IsRequired><Value i:type="a:string" xmlns:a="http://www.w3.org/2001/XMLSchema"/></Attribute></Attributes><ChildElements><URDFElement z:Id="i293" i:type="Color"><Attributes><Attribute z:Id="i294"><AttributeType>rgba</AttributeType><IsRequired>true</IsRequired><Value i:type="a:ArrayOfdouble" xmlns:a="http://schemas.microsoft.com/2003/10/Serialization/Arrays"><a:double>0.2</a:double><a:double>0.2</a:double><a:double>0.2</a:double><a:double>1</a:double></Value></Attribute></Attributes><ChildElements/><ElementName>color</ElementName><required>false</required><RGBAAttribute z:Ref="i294"/></URDFElement><URDFElement z:Id="i295" i:type="Texture"><Attributes><Attribute z:Id="i296"><AttributeType>filename</AttributeType><IsRequired>true</IsRequired><Value i:nil="true"/></Attribute></Attributes><ChildElements/><ElementName>texture</ElementName><required>false</required><FilenameAttribute z:Ref="i296"/><wFilename/></URDFElement></ChildElements><ElementName>material</ElementName><required>false</required><Color z:Ref="i293"/><NameAttribute z:Ref="i292"/><Texture z:Ref="i295"/></URDFElement></ChildElements><ElementName>visual</ElementName><required>false</required><Geometry z:Ref="i288"/><Material z:Ref="i291"/><Origin z:Ref="i285"/></URDFElement><URDFElement z:Id="i297" i:type="Collision"><Attributes/><ChildElements><URDFElement z:Id="i298" i:type="Origin"><Attributes><Attribute z:Id="i299"><AttributeType>xyz</AttributeType><IsRequired>true</IsRequired><Value i:type="a:ArrayOfdouble" xmlns:a="http://schemas.microsoft.com/2003/10/Serialization/Arrays"><a:double>0</a:double><a:double>0</a:double><a:double>0</a:double></Value></Attribute><Attribute z:Id="i300"><AttributeType>rpy</AttributeType><IsRequired>true</IsRequired><Value i:type="a:ArrayOfdouble" xmlns:a="http://schemas.microsoft.com/2003/10/Serialization/Arrays"><a:double>0</a:double><a:double>0</a:double><a:double>0</a:double></Value></Attribute></Attributes><ChildElements/><ElementName>origin</ElementName><required>false</required><RPYAttribute z:Ref="i300"/><XYZAttribute z:Ref="i299"/><isCustomized>false</isCustomized></URDFElement><URDFElement z:Id="i301" i:type="Geometry"><Attributes/><ChildElements><URDFElement z:Id="i302" i:type="Mesh"><Attributes><Attribute z:Id="i303"><AttributeType>filename</AttributeType><IsRequired>true</IsRequired><Value i:nil="true"/></Attribute></Attributes><ChildElements/><ElementName>mesh</ElementName><required>false</required><FilenameAttribute z:Ref="i303"/></URDFElement></ChildElements><ElementName>geometry</ElementName><required>true</required><Mesh z:Ref="i302"/></URDFElement></ChildElements><ElementName>collision</ElementName><required>false</required><Geometry z:Ref="i301"/><Origin z:Ref="i298"/></URDFElement><URDFElement z:Id="i304" i:type="Joint"><Attributes><Attribute z:Id="i305"><AttributeType>name</AttributeType><IsRequired>true</IsRequired><Value i:type="a:string" xmlns:a="http://www.w3.org/2001/XMLSchema">left_wheel</Value></Attribute><Attribute z:Id="i306"><AttributeType>type</AttributeType><IsRequired>true</IsRequired><Value i:type="a:string" xmlns:a="http://www.w3.org/2001/XMLSchema">continuous</Value></Attribute></Attributes><ChildElements><URDFElement z:Id="i307" i:type="Origin"><Attributes><Attribute z:Id="i308"><AttributeType>xyz</AttributeType><IsRequired>true</IsRequired><Value i:type="a:ArrayOfdouble" xmlns:a="http://schemas.microsoft.com/2003/10/Serialization/Arrays"><a:double>-0.0013143</a:double><a:double>0.17497</a:double><a:double>0.015</a:double></Value></Attribute><Attribute z:Id="i309"><AttributeType>rpy</AttributeType><IsRequired>true</IsRequired><Value i:type="a:ArrayOfdouble" xmlns:a="http://schemas.microsoft.com/2003/10/Serialization/Arrays"><a:double>0</a:double><a:double>0</a:double><a:double>0</a:double></Value></Attribute></Attributes><ChildElements/><ElementName>origin</ElementName><required>false</required><RPYAttribute z:Ref="i309"/><XYZAttribute z:Ref="i308"/><isCustomized>false</isCustomized></URDFElement><URDFElement z:Id="i310" i:type="ParentLink"><Attributes><Attribute z:Id="i311"><AttributeType>link</AttributeType><IsRequired>true</IsRequired><Value i:type="a:string" xmlns:a="http://www.w3.org/2001/XMLSchema">base_link</Value></Attribute></Attributes><ChildElements/><ElementName>parent</ElementName><required>true</required><NameAttribute z:Ref="i311"/></URDFElement><URDFElement z:Id="i312" i:type="ChildLink"><Attributes><Attribute z:Id="i313"><AttributeType>link</AttributeType><IsRequired>true</IsRequired><Value i:type="a:string" xmlns:a="http://www.w3.org/2001/XMLSchema">left_wheel_link</Value></Attribute></Attributes><ChildElements/><ElementName>child</ElementName><required>true</required><NameAttribute z:Ref="i313"/></URDFElement><URDFElement z:Id="i314" i:type="Axis"><Attributes><Attribute z:Id="i315"><AttributeType>xyz</AttributeType><IsRequired>true</IsRequired><Value i:type="a:ArrayOfdouble" xmlns:a="http://schemas.microsoft.com/2003/10/Serialization/Arrays"><a:double>0</a:double><a:double>1</a:double><a:double>0</a:double></Value></Attribute></Attributes><ChildElements/><ElementName>axis</ElementName><required>false</required><XYZAttribute z:Ref="i315"/></URDFElement><URDFElement z:Id="i316" i:type="Limit"><Attributes><Attribute z:Id="i317"><AttributeType>lower</AttributeType><IsRequired>false</IsRequired><Value i:nil="true"/></Attribute><Attribute z:Id="i318"><AttributeType>upper</AttributeType><IsRequired>false</IsRequired><Value i:nil="true"/></Attribute><Attribute z:Id="i319"><AttributeType>effort</AttributeType><IsRequired>true</IsRequired><Value i:nil="true"/></Attribute><Attribute z:Id="i320"><AttributeType>velocity</AttributeType><IsRequired>true</IsRequired><Value i:nil="true"/></Attribute></Attributes><ChildElements/><ElementName>limit</ElementName><required>false</required><EffortAttribute z:Ref="i319"/><LowerAttribute z:Ref="i317"/><UpperAttribute z:Ref="i318"/><VelocityAttribute z:Ref="i320"/></URDFElement><URDFElement z:Id="i321" i:type="Calibration"><Attributes><Attribute z:Id="i322"><AttributeType>rising</AttributeType><IsRequired>false</IsRequired><Value i:nil="true"/></Attribute><Attribute z:Id="i323"><AttributeType>falling</AttributeType><IsRequired>false</IsRequired><Value i:nil="true"/></Attribute></Attributes><ChildElements/><ElementName>calibration</ElementName><required>false</required><FallingAttribute z:Ref="i323"/><RisingAttribute z:Ref="i322"/></URDFElement><URDFElement z:Id="i324" i:type="Dynamics"><Attributes><Attribute z:Id="i325"><AttributeType>damping</AttributeType><IsRequired>false</IsRequired><Value i:nil="true"/></Attribute><Attribute z:Id="i326"><AttributeType>friction</AttributeType><IsRequired>false</IsRequired><Value i:nil="true"/></Attribute></Attributes><ChildElements/><ElementName>dynamics</ElementName><required>false</required><DampingAttribute z:Ref="i325"/><FrictionAttribute z:Ref="i326"/></URDFElement><URDFElement z:Id="i327" i:type="SafetyController"><Attributes><Attribute z:Id="i328"><AttributeType>soft_upper_limit</AttributeType><IsRequired>false</IsRequired><Value i:nil="true"/></Attribute><Attribute z:Id="i329"><AttributeType>soft_lower_limit</AttributeType><IsRequired>false</IsRequired><Value i:nil="true"/></Attribute><Attribute z:Id="i330"><AttributeType>k_position</AttributeType><IsRequired>false</IsRequired><Value i:nil="true"/></Attribute><Attribute z:Id="i331"><AttributeType>k_velocity</AttributeType><IsRequired>true</IsRequired><Value i:nil="true"/></Attribute></Attributes><ChildElements/><ElementName>safety_controller</ElementName><required>false</required><KPositionAttribute z:Ref="i330"/><KVelocityAttribute z:Ref="i331"/><SoftLowerAttribute z:Ref="i329"/><SoftUpperAttribute z:Ref="i328"/></URDFElement><URDFElement z:Id="i332" i:type="Mimic"><Attributes><Attribute z:Id="i333"><AttributeType>joint</AttributeType><IsRequired>true</IsRequired><Value i:nil="true"/></Attribute><Attribute z:Id="i334"><AttributeType>multiplier</AttributeType><IsRequired>false</IsRequired><Value i:nil="true"/></Attribute><Attribute z:Id="i335"><AttributeType>offset</AttributeType><IsRequired>false</IsRequired><Value i:nil="true"/></Attribute></Attributes><ChildElements/><ElementName>mimic</ElementName><required>false</required><JointNameAttribute z:Ref="i333"/><MultiplierAttribute z:Ref="i334"/><OffsetAttribute z:Ref="i335"/></URDFElement></ChildElements><ElementName>joint</ElementName><required>false</required><Axis z:Ref="i314"/><AxisName>Axis3</AxisName><Calibration z:Ref="i321"/><Child z:Ref="i312"/><CoordinateSystemName>Coordinate System7</CoordinateSystemName><Dynamics z:Ref="i324"/><Limit z:Ref="i316"/><Mimic z:Ref="i332"/><NameAttribute z:Ref="i305"/><Origin z:Ref="i307"/><Parent z:Ref="i310"/><Safety z:Ref="i327"/><TypeAttribute z:Ref="i306"/></URDFElement></ChildElements><ElementName>link</ElementName><required>true</required><Children/><Collision z:Ref="i297"/><Inertial z:Ref="i271"/><Joint z:Ref="i304"/><NameAttribute z:Ref="i270"/><Parent z:Ref="i1"/><STLQualityFine>false</STLQualityFine><SWComponentPIDs xmlns:a="http://schemas.microsoft.com/2003/10/Serialization/Arrays"><a:base64Binary>aEIAAAUAAAD//v8gbQBvAHQAbwByAGUAZABpAHQALQAzAEAAcgBvAGIAbwBWADMAKAB1AHIAZABmAF8AYwBoAGEAbgBnAGUAZAApAAQAAAAQAAAAAQAAAAEAAADKAgAA</a:base64Binary></SWComponentPIDs><SWMainComponentPID i:nil="true"/><Visual z:Ref="i284"/><isFixedFrame>false</isFixedFrame><isIncomplete>false</isIncomplete></Link><Link z:Id="i336"><Attributes><Attribute z:Id="i337"><AttributeType>name</AttributeType><IsRequired>true</IsRequired><Value i:type="a:string" xmlns:a="http://www.w3.org/2001/XMLSchema">camera_link</Value></Attribute></Attributes><ChildElements><URDFElement z:Id="i338" i:type="Inertial"><Attributes/><ChildElements><URDFElement z:Id="i339" i:type="Origin"><Attributes><Attribute z:Id="i340"><AttributeType>xyz</AttributeType><IsRequired>true</IsRequired><Value i:type="a:ArrayOfdouble" xmlns:a="http://schemas.microsoft.com/2003/10/Serialization/Arrays"><a:double>-0.028697404385694125</a:double><a:double>-0.0031532314154305019</a:double><a:double>-0.0069642717036182411</a:double></Value></Attribute><Attribute z:Id="i341"><AttributeType>rpy</AttributeType><IsRequired>true</IsRequired><Value i:type="a:ArrayOfdouble" xmlns:a="http://schemas.microsoft.com/2003/10/Serialization/Arrays"><a:double>0</a:double><a:double>0</a:double><a:double>0</a:double></Value></Attribute></Attributes><ChildElements/><ElementName>origin</ElementName><required>false</required><RPYAttribute z:Ref="i341"/><XYZAttribute z:Ref="i340"/><isCustomized>false</isCustomized></URDFElement><URDFElement z:Id="i342" i:type="Mass"><Attributes><Attribute z:Id="i343"><AttributeType>value</AttributeType><IsRequired>true</IsRequired><Value i:type="a:double" xmlns:a="http://www.w3.org/2001/XMLSchema">0.64645488472217061</Value></Attribute></Attributes><ChildElements/><ElementName>mass</ElementName><required>false</required><ValueAttribute z:Ref="i343"/></URDFElement><URDFElement z:Id="i344" i:type="Inertia"><Attributes><Attribute z:Id="i345"><AttributeType>ixx</AttributeType><IsRequired>true</IsRequired><Value i:type="a:double" xmlns:a="http://www.w3.org/2001/XMLSchema">0.0028423827313704009</Value></Attribute><Attribute z:Id="i346"><AttributeType>ixy</AttributeType><IsRequired>true</IsRequired><Value i:type="a:double" xmlns:a="http://www.w3.org/2001/XMLSchema">1.8727304572263638E-05</Value></Attribute><Attribute z:Id="i347"><AttributeType>ixz</AttributeType><IsRequired>true</IsRequired><Value i:type="a:double" xmlns:a="http://www.w3.org/2001/XMLSchema">1.4807509093609173E-07</Value></Attribute><Attribute z:Id="i348"><AttributeType>iyy</AttributeType><IsRequired>true</IsRequired><Value i:type="a:double" xmlns:a="http://www.w3.org/2001/XMLSchema">0.00026375863424418571</Value></Attribute><Attribute z:Id="i349"><AttributeType>iyz</AttributeType><IsRequired>true</IsRequired><Value i:type="a:double" xmlns:a="http://www.w3.org/2001/XMLSchema">-3.33736128214421E-08</Value></Attribute><Attribute z:Id="i350"><AttributeType>izz</AttributeType><IsRequired>true</IsRequired><Value i:type="a:double" xmlns:a="http://www.w3.org/2001/XMLSchema">0.0029627405896730757</Value></Attribute></Attributes><ChildElements/><ElementName>inertia</ElementName><required>false</required><IxxAttribute z:Ref="i345"/><IxyAttribute z:Ref="i346"/><IxzAttribute z:Ref="i347"/><IyyAttribute z:Ref="i348"/><IyzAttribute z:Ref="i349"/><IzzAttribute z:Ref="i350"/></URDFElement></ChildElements><ElementName>inertial</ElementName><required>false</required><Inertia z:Ref="i344"/><Mass z:Ref="i342"/><Origin z:Ref="i339"/></URDFElement><URDFElement z:Id="i351" i:type="Visual"><Attributes/><ChildElements><URDFElement z:Id="i352" i:type="Origin"><Attributes><Attribute z:Id="i353"><AttributeType>xyz</AttributeType><IsRequired>true</IsRequired><Value i:type="a:ArrayOfdouble" xmlns:a="http://schemas.microsoft.com/2003/10/Serialization/Arrays"><a:double>0</a:double><a:double>0</a:double><a:double>0</a:double></Value></Attribute><Attribute z:Id="i354"><AttributeType>rpy</AttributeType><IsRequired>true</IsRequired><Value i:type="a:ArrayOfdouble" xmlns:a="http://schemas.microsoft.com/2003/10/Serialization/Arrays"><a:double>0</a:double><a:double>0</a:double><a:double>0</a:double></Value></Attribute></Attributes><ChildElements/><ElementName>origin</ElementName><required>false</required><RPYAttribute z:Ref="i354"/><XYZAttribute z:Ref="i353"/><isCustomized>false</isCustomized></URDFElement><URDFElement z:Id="i355" i:type="Geometry"><Attributes/><ChildElements><URDFElement z:Id="i356" i:type="Mesh"><Attributes><Attribute z:Id="i357"><AttributeType>filename</AttributeType><IsRequired>true</IsRequired><Value i:nil="true"/></Attribute></Attributes><ChildElements/><ElementName>mesh</ElementName><required>false</required><FilenameAttribute z:Ref="i357"/></URDFElement></ChildElements><ElementName>geometry</ElementName><required>true</required><Mesh z:Ref="i356"/></URDFElement><URDFElement z:Id="i358" i:type="Material"><Attributes><Attribute z:Id="i359"><AttributeType>name</AttributeType><IsRequired>true</IsRequired><Value i:type="a:string" xmlns:a="http://www.w3.org/2001/XMLSchema"/></Attribute></Attributes><ChildElements><URDFElement z:Id="i360" i:type="Color"><Attributes><Attribute z:Id="i361"><AttributeType>rgba</AttributeType><IsRequired>true</IsRequired><Value i:type="a:ArrayOfdouble" xmlns:a="http://schemas.microsoft.com/2003/10/Serialization/Arrays"><a:double>0.75294117647058822</a:double><a:double>0.75294117647058822</a:double><a:double>0.75294117647058822</a:double><a:double>1</a:double></Value></Attribute></Attributes><ChildElements/><ElementName>color</ElementName><required>false</required><RGBAAttribute z:Ref="i361"/></URDFElement><URDFElement z:Id="i362" i:type="Texture"><Attributes><Attribute z:Id="i363"><AttributeType>filename</AttributeType><IsRequired>true</IsRequired><Value i:nil="true"/></Attribute></Attributes><ChildElements/><ElementName>texture</ElementName><required>false</required><FilenameAttribute z:Ref="i363"/><wFilename/></URDFElement></ChildElements><ElementName>material</ElementName><required>false</required><Color z:Ref="i360"/><NameAttribute z:Ref="i359"/><Texture z:Ref="i362"/></URDFElement></ChildElements><ElementName>visual</ElementName><required>false</required><Geometry z:Ref="i355"/><Material z:Ref="i358"/><Origin z:Ref="i352"/></URDFElement><URDFElement z:Id="i364" i:type="Collision"><Attributes/><ChildElements><URDFElement z:Id="i365" i:type="Origin"><Attributes><Attribute z:Id="i366"><AttributeType>xyz</AttributeType><IsRequired>true</IsRequired><Value i:type="a:ArrayOfdouble" xmlns:a="http://schemas.microsoft.com/2003/10/Serialization/Arrays"><a:double>0</a:double><a:double>0</a:double><a:double>0</a:double></Value></Attribute><Attribute z:Id="i367"><AttributeType>rpy</AttributeType><IsRequired>true</IsRequired><Value i:type="a:ArrayOfdouble" xmlns:a="http://schemas.microsoft.com/2003/10/Serialization/Arrays"><a:double>0</a:double><a:double>0</a:double><a:double>0</a:double></Value></Attribute></Attributes><ChildElements/><ElementName>origin</ElementName><required>false</required><RPYAttribute z:Ref="i367"/><XYZAttribute z:Ref="i366"/><isCustomized>false</isCustomized></URDFElement><URDFElement z:Id="i368" i:type="Geometry"><Attributes/><ChildElements><URDFElement z:Id="i369" i:type="Mesh"><Attributes><Attribute z:Id="i370"><AttributeType>filename</AttributeType><IsRequired>true</IsRequired><Value i:nil="true"/></Attribute></Attributes><ChildElements/><ElementName>mesh</ElementName><required>false</required><FilenameAttribute z:Ref="i370"/></URDFElement></ChildElements><ElementName>geometry</ElementName><required>true</required><Mesh z:Ref="i369"/></URDFElement></ChildElements><ElementName>collision</ElementName><required>false</required><Geometry z:Ref="i368"/><Origin z:Ref="i365"/></URDFElement><URDFElement z:Id="i371" i:type="Joint"><Attributes><Attribute z:Id="i372"><AttributeType>name</AttributeType><IsRequired>true</IsRequired><Value i:type="a:string" xmlns:a="http://www.w3.org/2001/XMLSchema">cam</Value></Attribute><Attribute z:Id="i373"><AttributeType>type</AttributeType><IsRequired>true</IsRequired><Value i:type="a:string" xmlns:a="http://www.w3.org/2001/XMLSchema">fixed</Value></Attribute></Attributes><ChildElements><URDFElement z:Id="i374" i:type="Origin"><Attributes><Attribute z:Id="i375"><AttributeType>xyz</AttributeType><IsRequired>true</IsRequired><Value i:type="a:ArrayOfdouble" xmlns:a="http://schemas.microsoft.com/2003/10/Serialization/Arrays"><a:double>0.26495227055491077</a:double><a:double>0.0053582123173611662</a:double><a:double>0.28442516461510226</a:double></Value></Attribute><Attribute z:Id="i376"><AttributeType>rpy</AttributeType><IsRequired>true</IsRequired><Value i:type="a:ArrayOfdouble" xmlns:a="http://schemas.microsoft.com/2003/10/Serialization/Arrays"><a:double>0</a:double><a:double>0</a:double><a:double>0</a:double></Value></Attribute></Attributes><ChildElements/><ElementName>origin</ElementName><required>false</required><RPYAttribute z:Ref="i376"/><XYZAttribute z:Ref="i375"/><isCustomized>false</isCustomized></URDFElement><URDFElement z:Id="i377" i:type="ParentLink"><Attributes><Attribute z:Id="i378"><AttributeType>link</AttributeType><IsRequired>true</IsRequired><Value i:type="a:string" xmlns:a="http://www.w3.org/2001/XMLSchema">base_link</Value></Attribute></Attributes><ChildElements/><ElementName>parent</ElementName><required>true</required><NameAttribute z:Ref="i378"/></URDFElement><URDFElement z:Id="i379" i:type="ChildLink"><Attributes><Attribute z:Id="i380"><AttributeType>link</AttributeType><IsRequired>true</IsRequired><Value i:type="a:string" xmlns:a="http://www.w3.org/2001/XMLSchema">camera_link</Value></Attribute></Attributes><ChildElements/><ElementName>child</ElementName><required>true</required><NameAttribute z:Ref="i380"/></URDFElement><URDFElement z:Id="i381" i:type="Axis"><Attributes><Attribute z:Id="i382"><AttributeType>xyz</AttributeType><IsRequired>true</IsRequired><Value i:type="a:ArrayOfdouble" xmlns:a="http://schemas.microsoft.com/2003/10/Serialization/Arrays"><a:double>0</a:double><a:double>0</a:double><a:double>0</a:double></Value></Attribute></Attributes><ChildElements/><ElementName>axis</ElementName><required>false</required><XYZAttribute z:Ref="i382"/></URDFElement><URDFElement z:Id="i383" i:type="Limit"><Attributes><Attribute z:Id="i384"><AttributeType>lower</AttributeType><IsRequired>false</IsRequired><Value i:nil="true"/></Attribute><Attribute z:Id="i385"><AttributeType>upper</AttributeType><IsRequired>false</IsRequired><Value i:nil="true"/></Attribute><Attribute z:Id="i386"><AttributeType>effort</AttributeType><IsRequired>true</IsRequired><Value i:nil="true"/></Attribute><Attribute z:Id="i387"><AttributeType>velocity</AttributeType><IsRequired>true</IsRequired><Value i:nil="true"/></Attribute></Attributes><ChildElements/><ElementName>limit</ElementName><required>false</required><EffortAttribute z:Ref="i386"/><LowerAttribute z:Ref="i384"/><UpperAttribute z:Ref="i385"/><VelocityAttribute z:Ref="i387"/></URDFElement><URDFElement z:Id="i388" i:type="Calibration"><Attributes><Attribute z:Id="i389"><AttributeType>rising</AttributeType><IsRequired>false</IsRequired><Value i:nil="true"/></Attribute><Attribute z:Id="i390"><AttributeType>falling</AttributeType><IsRequired>false</IsRequired><Value i:nil="true"/></Attribute></Attributes><ChildElements/><ElementName>calibration</ElementName><required>false</required><FallingAttribute z:Ref="i390"/><RisingAttribute z:Ref="i389"/></URDFElement><URDFElement z:Id="i391" i:type="Dynamics"><Attributes><Attribute z:Id="i392"><AttributeType>damping</AttributeType><IsRequired>false</IsRequired><Value i:nil="true"/></Attribute><Attribute z:Id="i393"><AttributeType>friction</AttributeType><IsRequired>false</IsRequired><Value i:nil="true"/></Attribute></Attributes><ChildElements/><ElementName>dynamics</ElementName><required>false</required><DampingAttribute z:Ref="i392"/><FrictionAttribute z:Ref="i393"/></URDFElement><URDFElement z:Id="i394" i:type="SafetyController"><Attributes><Attribute z:Id="i395"><AttributeType>soft_upper_limit</AttributeType><IsRequired>false</IsRequired><Value i:nil="true"/></Attribute><Attribute z:Id="i396"><AttributeType>soft_lower_limit</AttributeType><IsRequired>false</IsRequired><Value i:nil="true"/></Attribute><Attribute z:Id="i397"><AttributeType>k_position</AttributeType><IsRequired>false</IsRequired><Value i:nil="true"/></Attribute><Attribute z:Id="i398"><AttributeType>k_velocity</AttributeType><IsRequired>true</IsRequired><Value i:nil="true"/></Attribute></Attributes><ChildElements/><ElementName>safety_controller</ElementName><required>false</required><KPositionAttribute z:Ref="i397"/><KVelocityAttribute z:Ref="i398"/><SoftLowerAttribute z:Ref="i396"/><SoftUpperAttribute z:Ref="i395"/></URDFElement><URDFElement z:Id="i399" i:type="Mimic"><Attributes><Attribute z:Id="i400"><AttributeType>joint</AttributeType><IsRequired>true</IsRequired><Value i:nil="true"/></Attribute><Attribute z:Id="i401"><AttributeType>multiplier</AttributeType><IsRequired>false</IsRequired><Value i:nil="true"/></Attribute><Attribute z:Id="i402"><AttributeType>offset</AttributeType><IsRequired>false</IsRequired><Value i:nil="true"/></Attribute></Attributes><ChildElements/><ElementName>mimic</ElementName><required>false</required><JointNameAttribute z:Ref="i400"/><MultiplierAttribute z:Ref="i401"/><OffsetAttribute z:Ref="i402"/></URDFElement></ChildElements><ElementName>joint</ElementName><required>false</required><Axis z:Ref="i381"/><AxisName>Axis_cam</AxisName><Calibration z:Ref="i388"/><Child z:Ref="i379"/><CoordinateSystemName>Coordinate System8</CoordinateSystemName><Dynamics z:Ref="i391"/><Limit z:Ref="i383"/><Mimic z:Ref="i399"/><NameAttribute z:Ref="i372"/><Origin z:Ref="i374"/><Parent z:Ref="i377"/><Safety z:Ref="i394"/><TypeAttribute z:Ref="i373"/></URDFElement></ChildElements><ElementName>link</ElementName><required>true</required><Children/><Collision z:Ref="i364"/><Inertial z:Ref="i338"/><Joint z:Ref="i371"/><NameAttribute z:Ref="i337"/><Parent z:Ref="i1"/><STLQualityFine>false</STLQualityFine><SWComponentPIDs xmlns:a="http://schemas.microsoft.com/2003/10/Serialization/Arrays"><a:base64Binary>aEIAAAUAAAD//v8jZgBpAG4AYQBsACAAawBpAG4AZQBjAHQALQAxAEAAcgBvAGIAbwBWADMAKAB1AHIAZABmAF8AYwBoAGEAbgBnAGUAZAApAAQAAAAQAAAAAQAAAAEAAADeBwAA</a:base64Binary></SWComponentPIDs><SWMainComponentPID i:nil="true"/><Visual z:Ref="i351"/><isFixedFrame>false</isFixedFrame><isIncomplete>false</isIncomplete></Link><Link z:Id="i403"><Attributes><Attribute z:Id="i404"><AttributeType>name</AttributeType><IsRequired>true</IsRequired><Value i:type="a:string" xmlns:a="http://www.w3.org/2001/XMLSchema">caster1_link</Value></Attribute></Attributes><ChildElements><URDFElement z:Id="i405" i:type="Inertial"><Attributes/><ChildElements><URDFElement z:Id="i406" i:type="Origin"><Attributes><Attribute z:Id="i407"><AttributeType>xyz</AttributeType><IsRequired>true</IsRequired><Value i:type="a:ArrayOfdouble" xmlns:a="http://schemas.microsoft.com/2003/10/Serialization/Arrays"><a:double>0.00015055187281476368</a:double><a:double>-0.0069989954944306709</a:double><a:double>0.018499767463471872</a:double></Value></Attribute><Attribute z:Id="i408"><AttributeType>rpy</AttributeType><IsRequired>true</IsRequired><Value i:type="a:ArrayOfdouble" xmlns:a="http://schemas.microsoft.com/2003/10/Serialization/Arrays"><a:double>0</a:double><a:double>0</a:double><a:double>0</a:double></Value></Attribute></Attributes><ChildElements/><ElementName>origin</ElementName><required>false</required><RPYAttribute z:Ref="i408"/><XYZAttribute z:Ref="i407"/><isCustomized>false</isCustomized></URDFElement><URDFElement z:Id="i409" i:type="Mass"><Attributes><Attribute z:Id="i410"><AttributeType>value</AttributeType><IsRequired>true</IsRequired><Value i:type="a:double" xmlns:a="http://www.w3.org/2001/XMLSchema">0.014877012011074475</Value></Attribute></Attributes><ChildElements/><ElementName>mass</ElementName><required>false</required><ValueAttribute z:Ref="i410"/></URDFElement><URDFElement z:Id="i411" i:type="Inertia"><Attributes><Attribute z:Id="i412"><AttributeType>ixx</AttributeType><IsRequired>true</IsRequired><Value i:type="a:double" xmlns:a="http://www.w3.org/2001/XMLSchema">1.5308537792914318E-06</Value></Attribute><Attribute z:Id="i413"><AttributeType>ixy</AttributeType><IsRequired>true</IsRequired><Value i:type="a:double" xmlns:a="http://www.w3.org/2001/XMLSchema">-8.6265278990257E-09</Value></Attribute><Attribute z:Id="i414"><AttributeType>ixz</AttributeType><IsRequired>true</IsRequired><Value i:type="a:double" xmlns:a="http://www.w3.org/2001/XMLSchema">4.0141615024824793E-22</Value></Attribute><Attribute z:Id="i415"><AttributeType>iyy</AttributeType><IsRequired>true</IsRequired><Value i:type="a:double" xmlns:a="http://www.w3.org/2001/XMLSchema">2.5755114735153528E-06</Value></Attribute><Attribute z:Id="i416"><AttributeType>iyz</AttributeType><IsRequired>true</IsRequired><Value i:type="a:double" xmlns:a="http://www.w3.org/2001/XMLSchema">-3.0087009999890176E-21</Value></Attribute><Attribute z:Id="i417"><AttributeType>izz</AttributeType><IsRequired>true</IsRequired><Value i:type="a:double" xmlns:a="http://www.w3.org/2001/XMLSchema">1.5307825483895168E-06</Value></Attribute></Attributes><ChildElements/><ElementName>inertia</ElementName><required>false</required><IxxAttribute z:Ref="i412"/><IxyAttribute z:Ref="i413"/><IxzAttribute z:Ref="i414"/><IyyAttribute z:Ref="i415"/><IyzAttribute z:Ref="i416"/><IzzAttribute z:Ref="i417"/></URDFElement></ChildElements><ElementName>inertial</ElementName><required>false</required><Inertia z:Ref="i411"/><Mass z:Ref="i409"/><Origin z:Ref="i406"/></URDFElement><URDFElement z:Id="i418" i:type="Visual"><Attributes/><ChildElements><URDFElement z:Id="i419" i:type="Origin"><Attributes><Attribute z:Id="i420"><AttributeType>xyz</AttributeType><IsRequired>true</IsRequired><Value i:type="a:ArrayOfdouble" xmlns:a="http://schemas.microsoft.com/2003/10/Serialization/Arrays"><a:double>0</a:double><a:double>0</a:double><a:double>0</a:double></Value></Attribute><Attribute z:Id="i421"><AttributeType>rpy</AttributeType><IsRequired>true</IsRequired><Value i:type="a:ArrayOfdouble" xmlns:a="http://schemas.microsoft.com/2003/10/Serialization/Arrays"><a:double>0</a:double><a:double>0</a:double><a:double>0</a:double></Value></Attribute></Attributes><ChildElements/><ElementName>origin</ElementName><required>false</required><RPYAttribute z:Ref="i421"/><XYZAttribute z:Ref="i420"/><isCustomized>false</isCustomized></URDFElement><URDFElement z:Id="i422" i:type="Geometry"><Attributes/><ChildElements><URDFElement z:Id="i423" i:type="Mesh"><Attributes><Attribute z:Id="i424"><AttributeType>filename</AttributeType><IsRequired>true</IsRequired><Value i:nil="true"/></Attribute></Attributes><ChildElements/><ElementName>mesh</ElementName><required>false</required><FilenameAttribute z:Ref="i424"/></URDFElement></ChildElements><ElementName>geometry</ElementName><required>true</required><Mesh z:Ref="i423"/></URDFElement><URDFElement z:Id="i425" i:type="Material"><Attributes><Attribute z:Id="i426"><AttributeType>name</AttributeType><IsRequired>true</IsRequired><Value i:type="a:string" xmlns:a="http://www.w3.org/2001/XMLSchema"/></Attribute></Attributes><ChildElements><URDFElement z:Id="i427" i:type="Color"><Attributes><Attribute z:Id="i428"><AttributeType>rgba</AttributeType><IsRequired>true</IsRequired><Value i:type="a:ArrayOfdouble" xmlns:a="http://schemas.microsoft.com/2003/10/Serialization/Arrays"><a:double>0.792156862745098</a:double><a:double>0.81960784313725488</a:double><a:double>0.93333333333333335</a:double><a:double>1</a:double></Value></Attribute></Attributes><ChildElements/><ElementName>color</ElementName><required>false</required><RGBAAttribute z:Ref="i428"/></URDFElement><URDFElement z:Id="i429" i:type="Texture"><Attributes><Attribute z:Id="i430"><AttributeType>filename</AttributeType><IsRequired>true</IsRequired><Value i:nil="true"/></Attribute></Attributes><ChildElements/><ElementName>texture</ElementName><required>false</required><FilenameAttribute z:Ref="i430"/><wFilename/></URDFElement></ChildElements><ElementName>material</ElementName><required>false</required><Color z:Ref="i427"/><NameAttribute z:Ref="i426"/><Texture z:Ref="i429"/></URDFElement></ChildElements><ElementName>visual</ElementName><required>false</required><Geometry z:Ref="i422"/><Material z:Ref="i425"/><Origin z:Ref="i419"/></URDFElement><URDFElement z:Id="i431" i:type="Collision"><Attributes/><ChildElements><URDFElement z:Id="i432" i:type="Origin"><Attributes><Attribute z:Id="i433"><AttributeType>xyz</AttributeType><IsRequired>true</IsRequired><Value i:type="a:ArrayOfdouble" xmlns:a="http://schemas.microsoft.com/2003/10/Serialization/Arrays"><a:double>0</a:double><a:double>0</a:double><a:double>0</a:double></Value></Attribute><Attribute z:Id="i434"><AttributeType>rpy</AttributeType><IsRequired>true</IsRequired><Value i:type="a:ArrayOfdouble" xmlns:a="http://schemas.microsoft.com/2003/10/Serialization/Arrays"><a:double>0</a:double><a:double>0</a:double><a:double>0</a:double></Value></Attribute></Attributes><ChildElements/><ElementName>origin</ElementName><required>false</required><RPYAttribute z:Ref="i434"/><XYZAttribute z:Ref="i433"/><isCustomized>false</isCustomized></URDFElement><URDFElement z:Id="i435" i:type="Geometry"><Attributes/><ChildElements><URDFElement z:Id="i436" i:type="Mesh"><Attributes><Attribute z:Id="i437"><AttributeType>filename</AttributeType><IsRequired>true</IsRequired><Value i:nil="true"/></Attribute></Attributes><ChildElements/><ElementName>mesh</ElementName><required>false</required><FilenameAttribute z:Ref="i437"/></URDFElement></ChildElements><ElementName>geometry</ElementName><required>true</required><Mesh z:Ref="i436"/></URDFElement></ChildElements><ElementName>collision</ElementName><required>false</required><Geometry z:Ref="i435"/><Origin z:Ref="i432"/></URDFElement><URDFElement z:Id="i438" i:type="Joint"><Attributes><Attribute z:Id="i439"><AttributeType>name</AttributeType><IsRequired>true</IsRequired><Value i:type="a:string" xmlns:a="http://www.w3.org/2001/XMLSchema">caster1</Value></Attribute><Attribute z:Id="i440"><AttributeType>type</AttributeType><IsRequired>true</IsRequired><Value i:type="a:string" xmlns:a="http://www.w3.org/2001/XMLSchema">fixed</Value></Attribute></Attributes><ChildElements><URDFElement z:Id="i441" i:type="Origin"><Attributes><Attribute z:Id="i442"><AttributeType>xyz</AttributeType><IsRequired>true</IsRequired><Value i:type="a:ArrayOfdouble" xmlns:a="http://schemas.microsoft.com/2003/10/Serialization/Arrays"><a:double>0.23025</a:double><a:double>-0.08</a:double><a:double>-0.06645</a:double></Value></Attribute><Attribute z:Id="i443"><AttributeType>rpy</AttributeType><IsRequired>true</IsRequired><Value i:type="a:ArrayOfdouble" xmlns:a="http://schemas.microsoft.com/2003/10/Serialization/Arrays"><a:double>0</a:double><a:double>0</a:double><a:double>0</a:double></Value></Attribute></Attributes><ChildElements/><ElementName>origin</ElementName><required>false</required><RPYAttribute z:Ref="i443"/><XYZAttribute z:Ref="i442"/><isCustomized>false</isCustomized></URDFElement><URDFElement z:Id="i444" i:type="ParentLink"><Attributes><Attribute z:Id="i445"><AttributeType>link</AttributeType><IsRequired>true</IsRequired><Value i:type="a:string" xmlns:a="http://www.w3.org/2001/XMLSchema">base_link</Value></Attribute></Attributes><ChildElements/><ElementName>parent</ElementName><required>true</required><NameAttribute z:Ref="i445"/></URDFElement><URDFElement z:Id="i446" i:type="ChildLink"><Attributes><Attribute z:Id="i447"><AttributeType>link</AttributeType><IsRequired>true</IsRequired><Value i:type="a:string" xmlns:a="http://www.w3.org/2001/XMLSchema">caster1_link</Value></Attribute></Attributes><ChildElements/><ElementName>child</ElementName><required>true</required><NameAttribute z:Ref="i447"/></URDFElement><URDFElement z:Id="i448" i:type="Axis"><Attributes><Attribute z:Id="i449"><AttributeType>xyz</AttributeType><IsRequired>true</IsRequired><Value i:type="a:ArrayOfdouble" xmlns:a="http://schemas.microsoft.com/2003/10/Serialization/Arrays"><a:double>0</a:double><a:double>0</a:double><a:double>0</a:double></Value></Attribute></Attributes><ChildElements/><ElementName>axis</ElementName><required>false</required><XYZAttribute z:Ref="i449"/></URDFElement><URDFElement z:Id="i450" i:type="Limit"><Attributes><Attribute z:Id="i451"><AttributeType>lower</AttributeType><IsRequired>false</IsRequired><Value i:nil="true"/></Attribute><Attribute z:Id="i452"><AttributeType>upper</AttributeType><IsRequired>false</IsRequired><Value i:nil="true"/></Attribute><Attribute z:Id="i453"><AttributeType>effort</AttributeType><IsRequired>true</IsRequired><Value i:nil="true"/></Attribute><Attribute z:Id="i454"><AttributeType>velocity</AttributeType><IsRequired>true</IsRequired><Value i:nil="true"/></Attribute></Attributes><ChildElements/><ElementName>limit</ElementName><required>false</required><EffortAttribute z:Ref="i453"/><LowerAttribute z:Ref="i451"/><UpperAttribute z:Ref="i452"/><VelocityAttribute z:Ref="i454"/></URDFElement><URDFElement z:Id="i455" i:type="Calibration"><Attributes><Attribute z:Id="i456"><AttributeType>rising</AttributeType><IsRequired>false</IsRequired><Value i:nil="true"/></Attribute><Attribute z:Id="i457"><AttributeType>falling</AttributeType><IsRequired>false</IsRequired><Value i:nil="true"/></Attribute></Attributes><ChildElements/><ElementName>calibration</ElementName><required>false</required><FallingAttribute z:Ref="i457"/><RisingAttribute z:Ref="i456"/></URDFElement><URDFElement z:Id="i458" i:type="Dynamics"><Attributes><Attribute z:Id="i459"><AttributeType>damping</AttributeType><IsRequired>false</IsRequired><Value i:nil="true"/></Attribute><Attribute z:Id="i460"><AttributeType>friction</AttributeType><IsRequired>false</IsRequired><Value i:nil="true"/></Attribute></Attributes><ChildElements/><ElementName>dynamics</ElementName><required>false</required><DampingAttribute z:Ref="i459"/><FrictionAttribute z:Ref="i460"/></URDFElement><URDFElement z:Id="i461" i:type="SafetyController"><Attributes><Attribute z:Id="i462"><AttributeType>soft_upper_limit</AttributeType><IsRequired>false</IsRequired><Value i:nil="true"/></Attribute><Attribute z:Id="i463"><AttributeType>soft_lower_limit</AttributeType><IsRequired>false</IsRequired><Value i:nil="true"/></Attribute><Attribute z:Id="i464"><AttributeType>k_position</AttributeType><IsRequired>false</IsRequired><Value i:nil="true"/></Attribute><Attribute z:Id="i465"><AttributeType>k_velocity</AttributeType><IsRequired>true</IsRequired><Value i:nil="true"/></Attribute></Attributes><ChildElements/><ElementName>safety_controller</ElementName><required>false</required><KPositionAttribute z:Ref="i464"/><KVelocityAttribute z:Ref="i465"/><SoftLowerAttribute z:Ref="i463"/><SoftUpperAttribute z:Ref="i462"/></URDFElement><URDFElement z:Id="i466" i:type="Mimic"><Attributes><Attribute z:Id="i467"><AttributeType>joint</AttributeType><IsRequired>true</IsRequired><Value i:nil="true"/></Attribute><Attribute z:Id="i468"><AttributeType>multiplier</AttributeType><IsRequired>false</IsRequired><Value i:nil="true"/></Attribute><Attribute z:Id="i469"><AttributeType>offset</AttributeType><IsRequired>false</IsRequired><Value i:nil="true"/></Attribute></Attributes><ChildElements/><ElementName>mimic</ElementName><required>false</required><JointNameAttribute z:Ref="i467"/><MultiplierAttribute z:Ref="i468"/><OffsetAttribute z:Ref="i469"/></URDFElement></ChildElements><ElementName>joint</ElementName><required>false</required><Axis z:Ref="i448"/><AxisName/><Calibration z:Ref="i455"/><Child z:Ref="i446"/><CoordinateSystemName>Coordinate System25</CoordinateSystemName><Dynamics z:Ref="i458"/><Limit z:Ref="i450"/><Mimic z:Ref="i466"/><NameAttribute z:Ref="i439"/><Origin z:Ref="i441"/><Parent z:Ref="i444"/><Safety z:Ref="i461"/><TypeAttribute z:Ref="i440"/></URDFElement></ChildElements><ElementName>link</ElementName><required>true</required><Children/><Collision z:Ref="i431"/><Inertial z:Ref="i405"/><Joint z:Ref="i438"/><NameAttribute z:Ref="i404"/><Parent z:Ref="i1"/><STLQualityFine>false</STLQualityFine><SWComponentPIDs xmlns:a="http://schemas.microsoft.com/2003/10/Serialization/Arrays"><a:base64Binary>aEIAAAUAAAD//v+GYwB1AG0AXwBkAGEAaAB1AG8AbgBnAF8AdAByAHUAbwBjAF8AcwBhAHUALQA1AEAAcgBvAGIAbwBWADMAKAB1AHIAZABmAF8AYwBoAGEAbgBnAGUAZAApAC8AcwB1AHMAcABlAG4AcwBpAG8AbgBfAHYAMgAtADEAQABjAHUAbQBfAGQAYQBoAHUAbwBuAGcAXwB0AHIAdQBvAGMAXwBzAGEAdQAvAGIAYQBuAGgAZABhAGgAdQBvAG4AZwAtADEAQABzAHUAcwBwAGUAbgBzAGkAbwBuAF8AdgAyAC8AYgBhAG4AaABfAGUAYQBzAHkALQAxAEAAYgBhAG4AaABkAGEAaAB1AG8AbgBnAAQAAAAQAAAAAQAAAAQAAAAZBgAAKwAAAHQAAABBAAAA</a:base64Binary></SWComponentPIDs><SWMainComponentPID i:nil="true"/><Visual z:Ref="i418"/><isFixedFrame>false</isFixedFrame><isIncomplete>false</isIncomplete></Link><Link z:Id="i470"><Attributes><Attribute z:Id="i471"><AttributeType>name</AttributeType><IsRequired>true</IsRequired><Value i:type="a:string" xmlns:a="http://www.w3.org/2001/XMLSchema">caster2_link</Value></Attribute></Attributes><ChildElements><URDFElement z:Id="i472" i:type="Inertial"><Attributes/><ChildElements><URDFElement z:Id="i473" i:type="Origin"><Attributes><Attribute z:Id="i474"><AttributeType>xyz</AttributeType><IsRequired>true</IsRequired><Value i:type="a:ArrayOfdouble" xmlns:a="http://schemas.microsoft.com/2003/10/Serialization/Arrays"><a:double>0.00015055187281465265</a:double><a:double>-0.0069989954944306709</a:double><a:double>0.018499767463471928</a:double></Value></Attribute><Attribute z:Id="i475"><AttributeType>rpy</AttributeType><IsRequired>true</IsRequired><Value i:type="a:ArrayOfdouble" xmlns:a="http://schemas.microsoft.com/2003/10/Serialization/Arrays"><a:double>0</a:double><a:double>0</a:double><a:double>0</a:double></Value></Attribute></Attributes><ChildElements/><ElementName>origin</ElementName><required>false</required><RPYAttribute z:Ref="i475"/><XYZAttribute z:Ref="i474"/><isCustomized>false</isCustomized></URDFElement><URDFElement z:Id="i476" i:type="Mass"><Attributes><Attribute z:Id="i477"><AttributeType>value</AttributeType><IsRequired>true</IsRequired><Value i:type="a:double" xmlns:a="http://www.w3.org/2001/XMLSchema">0.014877012011074477</Value></Attribute></Attributes><ChildElements/><ElementName>mass</ElementName><required>false</required><ValueAttribute z:Ref="i477"/></URDFElement><URDFElement z:Id="i478" i:type="Inertia"><Attributes><Attribute z:Id="i479"><AttributeType>ixx</AttributeType><IsRequired>true</IsRequired><Value i:type="a:double" xmlns:a="http://www.w3.org/2001/XMLSchema">1.5308537792914316E-06</Value></Attribute><Attribute z:Id="i480"><AttributeType>ixy</AttributeType><IsRequired>true</IsRequired><Value i:type="a:double" xmlns:a="http://www.w3.org/2001/XMLSchema">-8.6265278990256476E-09</Value></Attribute><Attribute z:Id="i481"><AttributeType>ixz</AttributeType><IsRequired>true</IsRequired><Value i:type="a:double" xmlns:a="http://www.w3.org/2001/XMLSchema">4.0141615024824797E-22</Value></Attribute><Attribute z:Id="i482"><AttributeType>iyy</AttributeType><IsRequired>true</IsRequired><Value i:type="a:double" xmlns:a="http://www.w3.org/2001/XMLSchema">2.5755114735153528E-06</Value></Attribute><Attribute z:Id="i483"><AttributeType>iyz</AttributeType><IsRequired>true</IsRequired><Value i:type="a:double" xmlns:a="http://www.w3.org/2001/XMLSchema">-3.0280357598949315E-21</Value></Attribute><Attribute z:Id="i484"><AttributeType>izz</AttributeType><IsRequired>true</IsRequired><Value i:type="a:double" xmlns:a="http://www.w3.org/2001/XMLSchema">1.530782548389517E-06</Value></Attribute></Attributes><ChildElements/><ElementName>inertia</ElementName><required>false</required><IxxAttribute z:Ref="i479"/><IxyAttribute z:Ref="i480"/><IxzAttribute z:Ref="i481"/><IyyAttribute z:Ref="i482"/><IyzAttribute z:Ref="i483"/><IzzAttribute z:Ref="i484"/></URDFElement></ChildElements><ElementName>inertial</ElementName><required>false</required><Inertia z:Ref="i478"/><Mass z:Ref="i476"/><Origin z:Ref="i473"/></URDFElement><URDFElement z:Id="i485" i:type="Visual"><Attributes/><ChildElements><URDFElement z:Id="i486" i:type="Origin"><Attributes><Attribute z:Id="i487"><AttributeType>xyz</AttributeType><IsRequired>true</IsRequired><Value i:type="a:ArrayOfdouble" xmlns:a="http://schemas.microsoft.com/2003/10/Serialization/Arrays"><a:double>0</a:double><a:double>0</a:double><a:double>0</a:double></Value></Attribute><Attribute z:Id="i488"><AttributeType>rpy</AttributeType><IsRequired>true</IsRequired><Value i:type="a:ArrayOfdouble" xmlns:a="http://schemas.microsoft.com/2003/10/Serialization/Arrays"><a:double>0</a:double><a:double>0</a:double><a:double>0</a:double></Value></Attribute></Attributes><ChildElements/><ElementName>origin</ElementName><required>false</required><RPYAttribute z:Ref="i488"/><XYZAttribute z:Ref="i487"/><isCustomized>false</isCustomized></URDFElement><URDFElement z:Id="i489" i:type="Geometry"><Attributes/><ChildElements><URDFElement z:Id="i490" i:type="Mesh"><Attributes><Attribute z:Id="i491"><AttributeType>filename</AttributeType><IsRequired>true</IsRequired><Value i:nil="true"/></Attribute></Attributes><ChildElements/><ElementName>mesh</ElementName><required>false</required><FilenameAttribute z:Ref="i491"/></URDFElement></ChildElements><ElementName>geometry</ElementName><required>true</required><Mesh z:Ref="i490"/></URDFElement><URDFElement z:Id="i492" i:type="Material"><Attributes><Attribute z:Id="i493"><AttributeType>name</AttributeType><IsRequired>true</IsRequired><Value i:type="a:string" xmlns:a="http://www.w3.org/2001/XMLSchema"/></Attribute></Attributes><ChildElements><URDFElement z:Id="i494" i:type="Color"><Attributes><Attribute z:Id="i495"><AttributeType>rgba</AttributeType><IsRequired>true</IsRequired><Value i:type="a:ArrayOfdouble" xmlns:a="http://schemas.microsoft.com/2003/10/Serialization/Arrays"><a:double>0.792156862745098</a:double><a:double>0.81960784313725488</a:double><a:double>0.93333333333333335</a:double><a:double>1</a:double></Value></Attribute></Attributes><ChildElements/><ElementName>color</ElementName><required>false</required><RGBAAttribute z:Ref="i495"/></URDFElement><URDFElement z:Id="i496" i:type="Texture"><Attributes><Attribute z:Id="i497"><AttributeType>filename</AttributeType><IsRequired>true</IsRequired><Value i:nil="true"/></Attribute></Attributes><ChildElements/><ElementName>texture</ElementName><required>false</required><FilenameAttribute z:Ref="i497"/><wFilename/></URDFElement></ChildElements><ElementName>material</ElementName><required>false</required><Color z:Ref="i494"/><NameAttribute z:Ref="i493"/><Texture z:Ref="i496"/></URDFElement></ChildElements><ElementName>visual</ElementName><required>false</required><Geometry z:Ref="i489"/><Material z:Ref="i492"/><Origin z:Ref="i486"/></URDFElement><URDFElement z:Id="i498" i:type="Collision"><Attributes/><ChildElements><URDFElement z:Id="i499" i:type="Origin"><Attributes><Attribute z:Id="i500"><AttributeType>xyz</AttributeType><IsRequired>true</IsRequired><Value i:type="a:ArrayOfdouble" xmlns:a="http://schemas.microsoft.com/2003/10/Serialization/Arrays"><a:double>0</a:double><a:double>0</a:double><a:double>0</a:double></Value></Attribute><Attribute z:Id="i501"><AttributeType>rpy</AttributeType><IsRequired>true</IsRequired><Value i:type="a:ArrayOfdouble" xmlns:a="http://schemas.microsoft.com/2003/10/Serialization/Arrays"><a:double>0</a:double><a:double>0</a:double><a:double>0</a:double></Value></Attribute></Attributes><ChildElements/><ElementName>origin</ElementName><required>false</required><RPYAttribute z:Ref="i501"/><XYZAttribute z:Ref="i500"/><isCustomized>false</isCustomized></URDFElement><URDFElement z:Id="i502" i:type="Geometry"><Attributes/><ChildElements><URDFElement z:Id="i503" i:type="Mesh"><Attributes><Attribute z:Id="i504"><AttributeType>filename</AttributeType><IsRequired>true</IsRequired><Value i:nil="true"/></Attribute></Attributes><ChildElements/><ElementName>mesh</ElementName><required>false</required><FilenameAttribute z:Ref="i504"/></URDFElement></ChildElements><ElementName>geometry</ElementName><required>true</required><Mesh z:Ref="i503"/></URDFElement></ChildElements><ElementName>collision</ElementName><required>false</required><Geometry z:Ref="i502"/><Origin z:Ref="i499"/></URDFElement><URDFElement z:Id="i505" i:type="Joint"><Attributes><Attribute z:Id="i506"><AttributeType>name</AttributeType><IsRequired>true</IsRequired><Value i:type="a:string" xmlns:a="http://www.w3.org/2001/XMLSchema">caster2</Value></Attribute><Attribute z:Id="i507"><AttributeType>type</AttributeType><IsRequired>true</IsRequired><Value i:type="a:string" xmlns:a="http://www.w3.org/2001/XMLSchema">fixed</Value></Attribute></Attributes><ChildElements><URDFElement z:Id="i508" i:type="Origin"><Attributes><Attribute z:Id="i509"><AttributeType>xyz</AttributeType><IsRequired>true</IsRequired><Value i:type="a:ArrayOfdouble" xmlns:a="http://schemas.microsoft.com/2003/10/Serialization/Arrays"><a:double>0.22881</a:double><a:double>0.093995</a:double><a:double>-0.06645</a:double></Value></Attribute><Attribute z:Id="i510"><AttributeType>rpy</AttributeType><IsRequired>true</IsRequired><Value i:type="a:ArrayOfdouble" xmlns:a="http://schemas.microsoft.com/2003/10/Serialization/Arrays"><a:double>0</a:double><a:double>0</a:double><a:double>0</a:double></Value></Attribute></Attributes><ChildElements/><ElementName>origin</ElementName><required>false</required><RPYAttribute z:Ref="i510"/><XYZAttribute z:Ref="i509"/><isCustomized>false</isCustomized></URDFElement><URDFElement z:Id="i511" i:type="ParentLink"><Attributes><Attribute z:Id="i512"><AttributeType>link</AttributeType><IsRequired>true</IsRequired><Value i:type="a:string" xmlns:a="http://www.w3.org/2001/XMLSchema">base_link</Value></Attribute></Attributes><ChildElements/><ElementName>parent</ElementName><required>true</required><NameAttribute z:Ref="i512"/></URDFElement><URDFElement z:Id="i513" i:type="ChildLink"><Attributes><Attribute z:Id="i514"><AttributeType>link</AttributeType><IsRequired>true</IsRequired><Value i:type="a:string" xmlns:a="http://www.w3.org/2001/XMLSchema">caster2_link</Value></Attribute></Attributes><ChildElements/><ElementName>child</ElementName><required>true</required><NameAttribute z:Ref="i514"/></URDFElement><URDFElement z:Id="i515" i:type="Axis"><Attributes><Attribute z:Id="i516"><AttributeType>xyz</AttributeType><IsRequired>true</IsRequired><Value i:type="a:ArrayOfdouble" xmlns:a="http://schemas.microsoft.com/2003/10/Serialization/Arrays"><a:double>0</a:double><a:double>0</a:double><a:double>0</a:double></Value></Attribute></Attributes><ChildElements/><ElementName>axis</ElementName><required>false</required><XYZAttribute z:Ref="i516"/></URDFElement><URDFElement z:Id="i517" i:type="Limit"><Attributes><Attribute z:Id="i518"><AttributeType>lower</AttributeType><IsRequired>false</IsRequired><Value i:nil="true"/></Attribute><Attribute z:Id="i519"><AttributeType>upper</AttributeType><IsRequired>false</IsRequired><Value i:nil="true"/></Attribute><Attribute z:Id="i520"><AttributeType>effort</AttributeType><IsRequired>true</IsRequired><Value i:nil="true"/></Attribute><Attribute z:Id="i521"><AttributeType>velocity</AttributeType><IsRequired>true</IsRequired><Value i:nil="true"/></Attribute></Attributes><ChildElements/><ElementName>limit</ElementName><required>false</required><EffortAttribute z:Ref="i520"/><LowerAttribute z:Ref="i518"/><UpperAttribute z:Ref="i519"/><VelocityAttribute z:Ref="i521"/></URDFElement><URDFElement z:Id="i522" i:type="Calibration"><Attributes><Attribute z:Id="i523"><AttributeType>rising</AttributeType><IsRequired>false</IsRequired><Value i:nil="true"/></Attribute><Attribute z:Id="i524"><AttributeType>falling</AttributeType><IsRequired>false</IsRequired><Value i:nil="true"/></Attribute></Attributes><ChildElements/><ElementName>calibration</ElementName><required>false</required><FallingAttribute z:Ref="i524"/><RisingAttribute z:Ref="i523"/></URDFElement><URDFElement z:Id="i525" i:type="Dynamics"><Attributes><Attribute z:Id="i526"><AttributeType>damping</AttributeType><IsRequired>false</IsRequired><Value i:nil="true"/></Attribute><Attribute z:Id="i527"><AttributeType>friction</AttributeType><IsRequired>false</IsRequired><Value i:nil="true"/></Attribute></Attributes><ChildElements/><ElementName>dynamics</ElementName><required>false</required><DampingAttribute z:Ref="i526"/><FrictionAttribute z:Ref="i527"/></URDFElement><URDFElement z:Id="i528" i:type="SafetyController"><Attributes><Attribute z:Id="i529"><AttributeType>soft_upper_limit</AttributeType><IsRequired>false</IsRequired><Value i:nil="true"/></Attribute><Attribute z:Id="i530"><AttributeType>soft_lower_limit</AttributeType><IsRequired>false</IsRequired><Value i:nil="true"/></Attribute><Attribute z:Id="i531"><AttributeType>k_position</AttributeType><IsRequired>false</IsRequired><Value i:nil="true"/></Attribute><Attribute z:Id="i532"><AttributeType>k_velocity</AttributeType><IsRequired>true</IsRequired><Value i:nil="true"/></Attribute></Attributes><ChildElements/><ElementName>safety_controller</ElementName><required>false</required><KPositionAttribute z:Ref="i531"/><KVelocityAttribute z:Ref="i532"/><SoftLowerAttribute z:Ref="i530"/><SoftUpperAttribute z:Ref="i529"/></URDFElement><URDFElement z:Id="i533" i:type="Mimic"><Attributes><Attribute z:Id="i534"><AttributeType>joint</AttributeType><IsRequired>true</IsRequired><Value i:nil="true"/></Attribute><Attribute z:Id="i535"><AttributeType>multiplier</AttributeType><IsRequired>false</IsRequired><Value i:nil="true"/></Attribute><Attribute z:Id="i536"><AttributeType>offset</AttributeType><IsRequired>false</IsRequired><Value i:nil="true"/></Attribute></Attributes><ChildElements/><ElementName>mimic</ElementName><required>false</required><JointNameAttribute z:Ref="i534"/><MultiplierAttribute z:Ref="i535"/><OffsetAttribute z:Ref="i536"/></URDFElement></ChildElements><ElementName>joint</ElementName><required>false</required><Axis z:Ref="i515"/><AxisName/><Calibration z:Ref="i522"/><Child z:Ref="i513"/><CoordinateSystemName>Coordinate System26</CoordinateSystemName><Dynamics z:Ref="i525"/><Limit z:Ref="i517"/><Mimic z:Ref="i533"/><NameAttribute z:Ref="i506"/><Origin z:Ref="i508"/><Parent z:Ref="i511"/><Safety z:Ref="i528"/><TypeAttribute z:Ref="i507"/></URDFElement></ChildElements><ElementName>link</ElementName><required>true</required><Children/><Collision z:Ref="i498"/><Inertial z:Ref="i472"/><Joint z:Ref="i505"/><NameAttribute z:Ref="i471"/><Parent z:Ref="i1"/><STLQualityFine>false</STLQualityFine><SWComponentPIDs xmlns:a="http://schemas.microsoft.com/2003/10/Serialization/Arrays"><a:base64Binary>aEIAAAUAAAD//v+GYwB1AG0AXwBkAGEAaAB1AG8AbgBnAF8AdAByAHUAbwBjAF8AcwBhAHUALQA1AEAAcgBvAGIAbwBWADMAKAB1AHIAZABmAF8AYwBoAGEAbgBnAGUAZAApAC8AcwB1AHMAcABlAG4AcwBpAG8AbgBfAHYAMgAtADIAQABjAHUAbQBfAGQAYQBoAHUAbwBuAGcAXwB0AHIAdQBvAGMAXwBzAGEAdQAvAGIAYQBuAGgAZABhAGgAdQBvAG4AZwAtADEAQABzAHUAcwBwAGUAbgBzAGkAbwBuAF8AdgAyAC8AYgBhAG4AaABfAGUAYQBzAHkALQAxAEAAYgBhAG4AaABkAGEAaAB1AG8AbgBnAAQAAAAQAAAAAQAAAAQAAAAZBgAAMAAAAHQAAABBAAAA</a:base64Binary></SWComponentPIDs><SWMainComponentPID i:nil="true"/><Visual z:Ref="i485"/><isFixedFrame>false</isFixedFrame><isIncomplete>false</isIncomplete></Link><Link z:Id="i537"><Attributes><Attribute z:Id="i538"><AttributeType>name</AttributeType><IsRequired>true</IsRequired><Value i:type="a:string" xmlns:a="http://www.w3.org/2001/XMLSchema">caster3_link</Value></Attribute></Attributes><ChildElements><URDFElement z:Id="i539" i:type="Inertial"><Attributes/><ChildElements><URDFElement z:Id="i540" i:type="Origin"><Attributes><Attribute z:Id="i541"><AttributeType>xyz</AttributeType><IsRequired>true</IsRequired><Value i:type="a:ArrayOfdouble" xmlns:a="http://schemas.microsoft.com/2003/10/Serialization/Arrays"><a:double>-3.4955117789170487E-05</a:double><a:double>-0.0070005272613718472</a:double><a:double>0.018499767463471872</a:double></Value></Attribute><Attribute z:Id="i542"><AttributeType>rpy</AttributeType><IsRequired>true</IsRequired><Value i:type="a:ArrayOfdouble" xmlns:a="http://schemas.microsoft.com/2003/10/Serialization/Arrays"><a:double>0</a:double><a:double>0</a:double><a:double>0</a:double></Value></Attribute></Attributes><ChildElements/><ElementName>origin</ElementName><required>false</required><RPYAttribute z:Ref="i542"/><XYZAttribute z:Ref="i541"/><isCustomized>false</isCustomized></URDFElement><URDFElement z:Id="i543" i:type="Mass"><Attributes><Attribute z:Id="i544"><AttributeType>value</AttributeType><IsRequired>true</IsRequired><Value i:type="a:double" xmlns:a="http://www.w3.org/2001/XMLSchema">0.014877012011074478</Value></Attribute></Attributes><ChildElements/><ElementName>mass</ElementName><required>false</required><ValueAttribute z:Ref="i544"/></URDFElement><URDFElement z:Id="i545" i:type="Inertia"><Attributes><Attribute z:Id="i546"><AttributeType>ixx</AttributeType><IsRequired>true</IsRequired><Value i:type="a:double" xmlns:a="http://www.w3.org/2001/XMLSchema">1.5308537792914316E-06</Value></Attribute><Attribute z:Id="i547"><AttributeType>ixy</AttributeType><IsRequired>true</IsRequired><Value i:type="a:double" xmlns:a="http://www.w3.org/2001/XMLSchema">-8.6265278990238774E-09</Value></Attribute><Attribute z:Id="i548"><AttributeType>ixz</AttributeType><IsRequired>true</IsRequired><Value i:type="a:double" xmlns:a="http://www.w3.org/2001/XMLSchema">-3.8155540134068825E-22</Value></Attribute><Attribute z:Id="i549"><AttributeType>iyy</AttributeType><IsRequired>true</IsRequired><Value i:type="a:double" xmlns:a="http://www.w3.org/2001/XMLSchema">2.5755114735153528E-06</Value></Attribute><Attribute z:Id="i550"><AttributeType>iyz</AttributeType><IsRequired>true</IsRequired><Value i:type="a:double" xmlns:a="http://www.w3.org/2001/XMLSchema">2.9751380963421496E-21</Value></Attribute><Attribute z:Id="i551"><AttributeType>izz</AttributeType><IsRequired>true</IsRequired><Value i:type="a:double" xmlns:a="http://www.w3.org/2001/XMLSchema">1.5307825483895166E-06</Value></Attribute></Attributes><ChildElements/><ElementName>inertia</ElementName><required>false</required><IxxAttribute z:Ref="i546"/><IxyAttribute z:Ref="i547"/><IxzAttribute z:Ref="i548"/><IyyAttribute z:Ref="i549"/><IyzAttribute z:Ref="i550"/><IzzAttribute z:Ref="i551"/></URDFElement></ChildElements><ElementName>inertial</ElementName><required>false</required><Inertia z:Ref="i545"/><Mass z:Ref="i543"/><Origin z:Ref="i540"/></URDFElement><URDFElement z:Id="i552" i:type="Visual"><Attributes/><ChildElements><URDFElement z:Id="i553" i:type="Origin"><Attributes><Attribute z:Id="i554"><AttributeType>xyz</AttributeType><IsRequired>true</IsRequired><Value i:type="a:ArrayOfdouble" xmlns:a="http://schemas.microsoft.com/2003/10/Serialization/Arrays"><a:double>0</a:double><a:double>0</a:double><a:double>0</a:double></Value></Attribute><Attribute z:Id="i555"><AttributeType>rpy</AttributeType><IsRequired>true</IsRequired><Value i:type="a:ArrayOfdouble" xmlns:a="http://schemas.microsoft.com/2003/10/Serialization/Arrays"><a:double>0</a:double><a:double>0</a:double><a:double>0</a:double></Value></Attribute></Attributes><ChildElements/><ElementName>origin</ElementName><required>false</required><RPYAttribute z:Ref="i555"/><XYZAttribute z:Ref="i554"/><isCustomized>false</isCustomized></URDFElement><URDFElement z:Id="i556" i:type="Geometry"><Attributes/><ChildElements><URDFElement z:Id="i557" i:type="Mesh"><Attributes><Attribute z:Id="i558"><AttributeType>filename</AttributeType><IsRequired>true</IsRequired><Value i:nil="true"/></Attribute></Attributes><ChildElements/><ElementName>mesh</ElementName><required>false</required><FilenameAttribute z:Ref="i558"/></URDFElement></ChildElements><ElementName>geometry</ElementName><required>true</required><Mesh z:Ref="i557"/></URDFElement><URDFElement z:Id="i559" i:type="Material"><Attributes><Attribute z:Id="i560"><AttributeType>name</AttributeType><IsRequired>true</IsRequired><Value i:type="a:string" xmlns:a="http://www.w3.org/2001/XMLSchema"/></Attribute></Attributes><ChildElements><URDFElement z:Id="i561" i:type="Color"><Attributes><Attribute z:Id="i562"><AttributeType>rgba</AttributeType><IsRequired>true</IsRequired><Value i:type="a:ArrayOfdouble" xmlns:a="http://schemas.microsoft.com/2003/10/Serialization/Arrays"><a:double>0.792156862745098</a:double><a:double>0.81960784313725488</a:double><a:double>0.93333333333333335</a:double><a:double>1</a:double></Value></Attribute></Attributes><ChildElements/><ElementName>color</ElementName><required>false</required><RGBAAttribute z:Ref="i562"/></URDFElement><URDFElement z:Id="i563" i:type="Texture"><Attributes><Attribute z:Id="i564"><AttributeType>filename</AttributeType><IsRequired>true</IsRequired><Value i:nil="true"/></Attribute></Attributes><ChildElements/><ElementName>texture</ElementName><required>false</required><FilenameAttribute z:Ref="i564"/><wFilename/></URDFElement></ChildElements><ElementName>material</ElementName><required>false</required><Color z:Ref="i561"/><NameAttribute z:Ref="i560"/><Texture z:Ref="i563"/></URDFElement></ChildElements><ElementName>visual</ElementName><required>false</required><Geometry z:Ref="i556"/><Material z:Ref="i559"/><Origin z:Ref="i553"/></URDFElement><URDFElement z:Id="i565" i:type="Collision"><Attributes/><ChildElements><URDFElement z:Id="i566" i:type="Origin"><Attributes><Attribute z:Id="i567"><AttributeType>xyz</AttributeType><IsRequired>true</IsRequired><Value i:type="a:ArrayOfdouble" xmlns:a="http://schemas.microsoft.com/2003/10/Serialization/Arrays"><a:double>0</a:double><a:double>0</a:double><a:double>0</a:double></Value></Attribute><Attribute z:Id="i568"><AttributeType>rpy</AttributeType><IsRequired>true</IsRequired><Value i:type="a:ArrayOfdouble" xmlns:a="http://schemas.microsoft.com/2003/10/Serialization/Arrays"><a:double>0</a:double><a:double>0</a:double><a:double>0</a:double></Value></Attribute></Attributes><ChildElements/><ElementName>origin</ElementName><required>false</required><RPYAttribute z:Ref="i568"/><XYZAttribute z:Ref="i567"/><isCustomized>false</isCustomized></URDFElement><URDFElement z:Id="i569" i:type="Geometry"><Attributes/><ChildElements><URDFElement z:Id="i570" i:type="Mesh"><Attributes><Attribute z:Id="i571"><AttributeType>filename</AttributeType><IsRequired>true</IsRequired><Value i:nil="true"/></Attribute></Attributes><ChildElements/><ElementName>mesh</ElementName><required>false</required><FilenameAttribute z:Ref="i571"/></URDFElement></ChildElements><ElementName>geometry</ElementName><required>true</required><Mesh z:Ref="i570"/></URDFElement></ChildElements><ElementName>collision</ElementName><required>false</required><Geometry z:Ref="i569"/><Origin z:Ref="i566"/></URDFElement><URDFElement z:Id="i572" i:type="Joint"><Attributes><Attribute z:Id="i573"><AttributeType>name</AttributeType><IsRequired>true</IsRequired><Value i:type="a:string" xmlns:a="http://www.w3.org/2001/XMLSchema">caster</Value></Attribute><Attribute z:Id="i574"><AttributeType>type</AttributeType><IsRequired>true</IsRequired><Value i:type="a:string" xmlns:a="http://www.w3.org/2001/XMLSchema">fixed</Value></Attribute></Attributes><ChildElements><URDFElement z:Id="i575" i:type="Origin"><Attributes><Attribute z:Id="i576"><AttributeType>xyz</AttributeType><IsRequired>true</IsRequired><Value i:type="a:ArrayOfdouble" xmlns:a="http://schemas.microsoft.com/2003/10/Serialization/Arrays"><a:double>-0.22867</a:double><a:double>-0.080047</a:double><a:double>-0.06645</a:double></Value></Attribute><Attribute z:Id="i577"><AttributeType>rpy</AttributeType><IsRequired>true</IsRequired><Value i:type="a:ArrayOfdouble" xmlns:a="http://schemas.microsoft.com/2003/10/Serialization/Arrays"><a:double>0</a:double><a:double>0</a:double><a:double>0</a:double></Value></Attribute></Attributes><ChildElements/><ElementName>origin</ElementName><required>false</required><RPYAttribute z:Ref="i577"/><XYZAttribute z:Ref="i576"/><isCustomized>false</isCustomized></URDFElement><URDFElement z:Id="i578" i:type="ParentLink"><Attributes><Attribute z:Id="i579"><AttributeType>link</AttributeType><IsRequired>true</IsRequired><Value i:type="a:string" xmlns:a="http://www.w3.org/2001/XMLSchema">base_link</Value></Attribute></Attributes><ChildElements/><ElementName>parent</ElementName><required>true</required><NameAttribute z:Ref="i579"/></URDFElement><URDFElement z:Id="i580" i:type="ChildLink"><Attributes><Attribute z:Id="i581"><AttributeType>link</AttributeType><IsRequired>true</IsRequired><Value i:type="a:string" xmlns:a="http://www.w3.org/2001/XMLSchema">caster3_link</Value></Attribute></Attributes><ChildElements/><ElementName>child</ElementName><required>true</required><NameAttribute z:Ref="i581"/></URDFElement><URDFElement z:Id="i582" i:type="Axis"><Attributes><Attribute z:Id="i583"><AttributeType>xyz</AttributeType><IsRequired>true</IsRequired><Value i:type="a:ArrayOfdouble" xmlns:a="http://schemas.microsoft.com/2003/10/Serialization/Arrays"><a:double>0</a:double><a:double>0</a:double><a:double>0</a:double></Value></Attribute></Attributes><ChildElements/><ElementName>axis</ElementName><required>false</required><XYZAttribute z:Ref="i583"/></URDFElement><URDFElement z:Id="i584" i:type="Limit"><Attributes><Attribute z:Id="i585"><AttributeType>lower</AttributeType><IsRequired>false</IsRequired><Value i:nil="true"/></Attribute><Attribute z:Id="i586"><AttributeType>upper</AttributeType><IsRequired>false</IsRequired><Value i:nil="true"/></Attribute><Attribute z:Id="i587"><AttributeType>effort</AttributeType><IsRequired>true</IsRequired><Value i:nil="true"/></Attribute><Attribute z:Id="i588"><AttributeType>velocity</AttributeType><IsRequired>true</IsRequired><Value i:nil="true"/></Attribute></Attributes><ChildElements/><ElementName>limit</ElementName><required>false</required><EffortAttribute z:Ref="i587"/><LowerAttribute z:Ref="i585"/><UpperAttribute z:Ref="i586"/><VelocityAttribute z:Ref="i588"/></URDFElement><URDFElement z:Id="i589" i:type="Calibration"><Attributes><Attribute z:Id="i590"><AttributeType>rising</AttributeType><IsRequired>false</IsRequired><Value i:nil="true"/></Attribute><Attribute z:Id="i591"><AttributeType>falling</AttributeType><IsRequired>false</IsRequired><Value i:nil="true"/></Attribute></Attributes><ChildElements/><ElementName>calibration</ElementName><required>false</required><FallingAttribute z:Ref="i591"/><RisingAttribute z:Ref="i590"/></URDFElement><URDFElement z:Id="i592" i:type="Dynamics"><Attributes><Attribute z:Id="i593"><AttributeType>damping</AttributeType><IsRequired>false</IsRequired><Value i:nil="true"/></Attribute><Attribute z:Id="i594"><AttributeType>friction</AttributeType><IsRequired>false</IsRequired><Value i:nil="true"/></Attribute></Attributes><ChildElements/><ElementName>dynamics</ElementName><required>false</required><DampingAttribute z:Ref="i593"/><FrictionAttribute z:Ref="i594"/></URDFElement><URDFElement z:Id="i595" i:type="SafetyController"><Attributes><Attribute z:Id="i596"><AttributeType>soft_upper_limit</AttributeType><IsRequired>false</IsRequired><Value i:nil="true"/></Attribute><Attribute z:Id="i597"><AttributeType>soft_lower_limit</AttributeType><IsRequired>false</IsRequired><Value i:nil="true"/></Attribute><Attribute z:Id="i598"><AttributeType>k_position</AttributeType><IsRequired>false</IsRequired><Value i:nil="true"/></Attribute><Attribute z:Id="i599"><AttributeType>k_velocity</AttributeType><IsRequired>true</IsRequired><Value i:nil="true"/></Attribute></Attributes><ChildElements/><ElementName>safety_controller</ElementName><required>false</required><KPositionAttribute z:Ref="i598"/><KVelocityAttribute z:Ref="i599"/><SoftLowerAttribute z:Ref="i597"/><SoftUpperAttribute z:Ref="i596"/></URDFElement><URDFElement z:Id="i600" i:type="Mimic"><Attributes><Attribute z:Id="i601"><AttributeType>joint</AttributeType><IsRequired>true</IsRequired><Value i:nil="true"/></Attribute><Attribute z:Id="i602"><AttributeType>multiplier</AttributeType><IsRequired>false</IsRequired><Value i:nil="true"/></Attribute><Attribute z:Id="i603"><AttributeType>offset</AttributeType><IsRequired>false</IsRequired><Value i:nil="true"/></Attribute></Attributes><ChildElements/><ElementName>mimic</ElementName><required>false</required><JointNameAttribute z:Ref="i601"/><MultiplierAttribute z:Ref="i602"/><OffsetAttribute z:Ref="i603"/></URDFElement></ChildElements><ElementName>joint</ElementName><required>false</required><Axis z:Ref="i582"/><AxisName/><Calibration z:Ref="i589"/><Child z:Ref="i580"/><CoordinateSystemName>Coordinate System27</CoordinateSystemName><Dynamics z:Ref="i592"/><Limit z:Ref="i584"/><Mimic z:Ref="i600"/><NameAttribute z:Ref="i573"/><Origin z:Ref="i575"/><Parent z:Ref="i578"/><Safety z:Ref="i595"/><TypeAttribute z:Ref="i574"/></URDFElement></ChildElements><ElementName>link</ElementName><required>true</required><Children/><Collision z:Ref="i565"/><Inertial z:Ref="i539"/><Joint z:Ref="i572"/><NameAttribute z:Ref="i538"/><Parent z:Ref="i1"/><STLQualityFine>false</STLQualityFine><SWComponentPIDs xmlns:a="http://schemas.microsoft.com/2003/10/Serialization/Arrays"><a:base64Binary>aEIAAAUAAAD//v+GYwB1AG0AXwBkAGEAaAB1AG8AbgBnAF8AdAByAHUAbwBjAF8AcwBhAHUALQA2AEAAcgBvAGIAbwBWADMAKAB1AHIAZABmAF8AYwBoAGEAbgBnAGUAZAApAC8AcwB1AHMAcABlAG4AcwBpAG8AbgBfAHYAMgAtADIAQABjAHUAbQBfAGQAYQBoAHUAbwBuAGcAXwB0AHIAdQBvAGMAXwBzAGEAdQAvAGIAYQBuAGgAZABhAGgAdQBvAG4AZwAtADEAQABzAHUAcwBwAGUAbgBzAGkAbwBuAF8AdgAyAC8AYgBhAG4AaABfAGUAYQBzAHkALQAxAEAAYgBhAG4AaABkAGEAaAB1AG8AbgBnAAQAAAAQAAAAAQAAAAQAAAAgBgAAMAAAAHQAAABBAAAA</a:base64Binary></SWComponentPIDs><SWMainComponentPID i:nil="true"/><Visual z:Ref="i552"/><isFixedFrame>false</isFixedFrame><isIncomplete>false</isIncomplete></Link><Link z:Id="i604"><Attributes><Attribute z:Id="i605"><AttributeType>name</AttributeType><IsRequired>true</IsRequired><Value i:type="a:string" xmlns:a="http://www.w3.org/2001/XMLSchema">caster4_link</Value></Attribute></Attributes><ChildElements><URDFElement z:Id="i606" i:type="Inertial"><Attributes/><ChildElements><URDFElement z:Id="i607" i:type="Origin"><Attributes><Attribute z:Id="i608"><AttributeType>xyz</AttributeType><IsRequired>true</IsRequired><Value i:type="a:ArrayOfdouble" xmlns:a="http://schemas.microsoft.com/2003/10/Serialization/Arrays"><a:double>-3.4955117788948442E-05</a:double><a:double>-0.0070005272613719027</a:double><a:double>0.018499767463471817</a:double></Value></Attribute><Attribute z:Id="i609"><AttributeType>rpy</AttributeType><IsRequired>true</IsRequired><Value i:type="a:ArrayOfdouble" xmlns:a="http://schemas.microsoft.com/2003/10/Serialization/Arrays"><a:double>0</a:double><a:double>0</a:double><a:double>0</a:double></Value></Attribute></Attributes><ChildElements/><ElementName>origin</ElementName><required>false</required><RPYAttribute z:Ref="i609"/><XYZAttribute z:Ref="i608"/><isCustomized>false</isCustomized></URDFElement><URDFElement z:Id="i610" i:type="Mass"><Attributes><Attribute z:Id="i611"><AttributeType>value</AttributeType><IsRequired>true</IsRequired><Value i:type="a:double" xmlns:a="http://www.w3.org/2001/XMLSchema">0.014877012011074478</Value></Attribute></Attributes><ChildElements/><ElementName>mass</ElementName><required>false</required><ValueAttribute z:Ref="i611"/></URDFElement><URDFElement z:Id="i612" i:type="Inertia"><Attributes><Attribute z:Id="i613"><AttributeType>ixx</AttributeType><IsRequired>true</IsRequired><Value i:type="a:double" xmlns:a="http://www.w3.org/2001/XMLSchema">1.5308537792914316E-06</Value></Attribute><Attribute z:Id="i614"><AttributeType>ixy</AttributeType><IsRequired>true</IsRequired><Value i:type="a:double" xmlns:a="http://www.w3.org/2001/XMLSchema">-8.6265278990240147E-09</Value></Attribute><Attribute z:Id="i615"><AttributeType>ixz</AttributeType><IsRequired>true</IsRequired><Value i:type="a:double" xmlns:a="http://www.w3.org/2001/XMLSchema">-2.9884743750497326E-22</Value></Attribute><Attribute z:Id="i616"><AttributeType>iyy</AttributeType><IsRequired>true</IsRequired><Value i:type="a:double" xmlns:a="http://www.w3.org/2001/XMLSchema">2.5755114735153528E-06</Value></Attribute><Attribute z:Id="i617"><AttributeType>iyz</AttributeType><IsRequired>true</IsRequired><Value i:type="a:double" xmlns:a="http://www.w3.org/2001/XMLSchema">2.9678183146938534E-21</Value></Attribute><Attribute z:Id="i618"><AttributeType>izz</AttributeType><IsRequired>true</IsRequired><Value i:type="a:double" xmlns:a="http://www.w3.org/2001/XMLSchema">1.530782548389517E-06</Value></Attribute></Attributes><ChildElements/><ElementName>inertia</ElementName><required>false</required><IxxAttribute z:Ref="i613"/><IxyAttribute z:Ref="i614"/><IxzAttribute z:Ref="i615"/><IyyAttribute z:Ref="i616"/><IyzAttribute z:Ref="i617"/><IzzAttribute z:Ref="i618"/></URDFElement></ChildElements><ElementName>inertial</ElementName><required>false</required><Inertia z:Ref="i612"/><Mass z:Ref="i610"/><Origin z:Ref="i607"/></URDFElement><URDFElement z:Id="i619" i:type="Visual"><Attributes/><ChildElements><URDFElement z:Id="i620" i:type="Origin"><Attributes><Attribute z:Id="i621"><AttributeType>xyz</AttributeType><IsRequired>true</IsRequired><Value i:type="a:ArrayOfdouble" xmlns:a="http://schemas.microsoft.com/2003/10/Serialization/Arrays"><a:double>0</a:double><a:double>0</a:double><a:double>0</a:double></Value></Attribute><Attribute z:Id="i622"><AttributeType>rpy</AttributeType><IsRequired>true</IsRequired><Value i:type="a:ArrayOfdouble" xmlns:a="http://schemas.microsoft.com/2003/10/Serialization/Arrays"><a:double>0</a:double><a:double>0</a:double><a:double>0</a:double></Value></Attribute></Attributes><ChildElements/><ElementName>origin</ElementName><required>false</required><RPYAttribute z:Ref="i622"/><XYZAttribute z:Ref="i621"/><isCustomized>false</isCustomized></URDFElement><URDFElement z:Id="i623" i:type="Geometry"><Attributes/><ChildElements><URDFElement z:Id="i624" i:type="Mesh"><Attributes><Attribute z:Id="i625"><AttributeType>filename</AttributeType><IsRequired>true</IsRequired><Value i:nil="true"/></Attribute></Attributes><ChildElements/><ElementName>mesh</ElementName><required>false</required><FilenameAttribute z:Ref="i625"/></URDFElement></ChildElements><ElementName>geometry</ElementName><required>true</required><Mesh z:Ref="i624"/></URDFElement><URDFElement z:Id="i626" i:type="Material"><Attributes><Attribute z:Id="i627"><AttributeType>name</AttributeType><IsRequired>true</IsRequired><Value i:type="a:string" xmlns:a="http://www.w3.org/2001/XMLSchema"/></Attribute></Attributes><ChildElements><URDFElement z:Id="i628" i:type="Color"><Attributes><Attribute z:Id="i629"><AttributeType>rgba</AttributeType><IsRequired>true</IsRequired><Value i:type="a:ArrayOfdouble" xmlns:a="http://schemas.microsoft.com/2003/10/Serialization/Arrays"><a:double>0.792156862745098</a:double><a:double>0.81960784313725488</a:double><a:double>0.93333333333333335</a:double><a:double>1</a:double></Value></Attribute></Attributes><ChildElements/><ElementName>color</ElementName><required>false</required><RGBAAttribute z:Ref="i629"/></URDFElement><URDFElement z:Id="i630" i:type="Texture"><Attributes><Attribute z:Id="i631"><AttributeType>filename</AttributeType><IsRequired>true</IsRequired><Value i:nil="true"/></Attribute></Attributes><ChildElements/><ElementName>texture</ElementName><required>false</required><FilenameAttribute z:Ref="i631"/><wFilename/></URDFElement></ChildElements><ElementName>material</ElementName><required>false</required><Color z:Ref="i628"/><NameAttribute z:Ref="i627"/><Texture z:Ref="i630"/></URDFElement></ChildElements><ElementName>visual</ElementName><required>false</required><Geometry z:Ref="i623"/><Material z:Ref="i626"/><Origin z:Ref="i620"/></URDFElement><URDFElement z:Id="i632" i:type="Collision"><Attributes/><ChildElements><URDFElement z:Id="i633" i:type="Origin"><Attributes><Attribute z:Id="i634"><AttributeType>xyz</AttributeType><IsRequired>true</IsRequired><Value i:type="a:ArrayOfdouble" xmlns:a="http://schemas.microsoft.com/2003/10/Serialization/Arrays"><a:double>0</a:double><a:double>0</a:double><a:double>0</a:double></Value></Attribute><Attribute z:Id="i635"><AttributeType>rpy</AttributeType><IsRequired>true</IsRequired><Value i:type="a:ArrayOfdouble" xmlns:a="http://schemas.microsoft.com/2003/10/Serialization/Arrays"><a:double>0</a:double><a:double>0</a:double><a:double>0</a:double></Value></Attribute></Attributes><ChildElements/><ElementName>origin</ElementName><required>false</required><RPYAttribute z:Ref="i635"/><XYZAttribute z:Ref="i634"/><isCustomized>false</isCustomized></URDFElement><URDFElement z:Id="i636" i:type="Geometry"><Attributes/><ChildElements><URDFElement z:Id="i637" i:type="Mesh"><Attributes><Attribute z:Id="i638"><AttributeType>filename</AttributeType><IsRequired>true</IsRequired><Value i:nil="true"/></Attribute></Attributes><ChildElements/><ElementName>mesh</ElementName><required>false</required><FilenameAttribute z:Ref="i638"/></URDFElement></ChildElements><ElementName>geometry</ElementName><required>true</required><Mesh z:Ref="i637"/></URDFElement></ChildElements><ElementName>collision</ElementName><required>false</required><Geometry z:Ref="i636"/><Origin z:Ref="i633"/></URDFElement><URDFElement z:Id="i639" i:type="Joint"><Attributes><Attribute z:Id="i640"><AttributeType>name</AttributeType><IsRequired>true</IsRequired><Value i:type="a:string" xmlns:a="http://www.w3.org/2001/XMLSchema">caster4</Value></Attribute><Attribute z:Id="i641"><AttributeType>type</AttributeType><IsRequired>true</IsRequired><Value i:type="a:string" xmlns:a="http://www.w3.org/2001/XMLSchema">fixed</Value></Attribute></Attributes><ChildElements><URDFElement z:Id="i642" i:type="Origin"><Attributes><Attribute z:Id="i643"><AttributeType>xyz</AttributeType><IsRequired>true</IsRequired><Value i:type="a:ArrayOfdouble" xmlns:a="http://schemas.microsoft.com/2003/10/Serialization/Arrays"><a:double>-0.2301</a:double><a:double>0.093947</a:double><a:double>-0.06645</a:double></Value></Attribute><Attribute z:Id="i644"><AttributeType>rpy</AttributeType><IsRequired>true</IsRequired><Value i:type="a:ArrayOfdouble" xmlns:a="http://schemas.microsoft.com/2003/10/Serialization/Arrays"><a:double>0</a:double><a:double>0</a:double><a:double>0</a:double></Value></Attribute></Attributes><ChildElements/><ElementName>origin</ElementName><required>false</required><RPYAttribute z:Ref="i644"/><XYZAttribute z:Ref="i643"/><isCustomized>false</isCustomized></URDFElement><URDFElement z:Id="i645" i:type="ParentLink"><Attributes><Attribute z:Id="i646"><AttributeType>link</AttributeType><IsRequired>true</IsRequired><Value i:type="a:string" xmlns:a="http://www.w3.org/2001/XMLSchema">base_link</Value></Attribute></Attributes><ChildElements/><ElementName>parent</ElementName><required>true</required><NameAttribute z:Ref="i646"/></URDFElement><URDFElement z:Id="i647" i:type="ChildLink"><Attributes><Attribute z:Id="i648"><AttributeType>link</AttributeType><IsRequired>true</IsRequired><Value i:type="a:string" xmlns:a="http://www.w3.org/2001/XMLSchema">caster4_link</Value></Attribute></Attributes><ChildElements/><ElementName>child</ElementName><required>true</required><NameAttribute z:Ref="i648"/></URDFElement><URDFElement z:Id="i649" i:type="Axis"><Attributes><Attribute z:Id="i650"><AttributeType>xyz</AttributeType><IsRequired>true</IsRequired><Value i:type="a:ArrayOfdouble" xmlns:a="http://schemas.microsoft.com/2003/10/Serialization/Arrays"><a:double>0</a:double><a:double>0</a:double><a:double>0</a:double></Value></Attribute></Attributes><ChildElements/><ElementName>axis</ElementName><required>false</required><XYZAttribute z:Ref="i650"/></URDFElement><URDFElement z:Id="i651" i:type="Limit"><Attributes><Attribute z:Id="i652"><AttributeType>lower</AttributeType><IsRequired>false</IsRequired><Value i:nil="true"/></Attribute><Attribute z:Id="i653"><AttributeType>upper</AttributeType><IsRequired>false</IsRequired><Value i:nil="true"/></Attribute><Attribute z:Id="i654"><AttributeType>effort</AttributeType><IsRequired>true</IsRequired><Value i:nil="true"/></Attribute><Attribute z:Id="i655"><AttributeType>velocity</AttributeType><IsRequired>true</IsRequired><Value i:nil="true"/></Attribute></Attributes><ChildElements/><ElementName>limit</ElementName><required>false</required><EffortAttribute z:Ref="i654"/><LowerAttribute z:Ref="i652"/><UpperAttribute z:Ref="i653"/><VelocityAttribute z:Ref="i655"/></URDFElement><URDFElement z:Id="i656" i:type="Calibration"><Attributes><Attribute z:Id="i657"><AttributeType>rising</AttributeType><IsRequired>false</IsRequired><Value i:nil="true"/></Attribute><Attribute z:Id="i658"><AttributeType>falling</AttributeType><IsRequired>false</IsRequired><Value i:nil="true"/></Attribute></Attributes><ChildElements/><ElementName>calibration</ElementName><required>false</required><FallingAttribute z:Ref="i658"/><RisingAttribute z:Ref="i657"/></URDFElement><URDFElement z:Id="i659" i:type="Dynamics"><Attributes><Attribute z:Id="i660"><AttributeType>damping</AttributeType><IsRequired>false</IsRequired><Value i:nil="true"/></Attribute><Attribute z:Id="i661"><AttributeType>friction</AttributeType><IsRequired>false</IsRequired><Value i:nil="true"/></Attribute></Attributes><ChildElements/><ElementName>dynamics</ElementName><required>false</required><DampingAttribute z:Ref="i660"/><FrictionAttribute z:Ref="i661"/></URDFElement><URDFElement z:Id="i662" i:type="SafetyController"><Attributes><Attribute z:Id="i663"><AttributeType>soft_upper_limit</AttributeType><IsRequired>false</IsRequired><Value i:nil="true"/></Attribute><Attribute z:Id="i664"><AttributeType>soft_lower_limit</AttributeType><IsRequired>false</IsRequired><Value i:nil="true"/></Attribute><Attribute z:Id="i665"><AttributeType>k_position</AttributeType><IsRequired>false</IsRequired><Value i:nil="true"/></Attribute><Attribute z:Id="i666"><AttributeType>k_velocity</AttributeType><IsRequired>true</IsRequired><Value i:nil="true"/></Attribute></Attributes><ChildElements/><ElementName>safety_controller</ElementName><required>false</required><KPositionAttribute z:Ref="i665"/><KVelocityAttribute z:Ref="i666"/><SoftLowerAttribute z:Ref="i664"/><SoftUpperAttribute z:Ref="i663"/></URDFElement><URDFElement z:Id="i667" i:type="Mimic"><Attributes><Attribute z:Id="i668"><AttributeType>joint</AttributeType><IsRequired>true</IsRequired><Value i:nil="true"/></Attribute><Attribute z:Id="i669"><AttributeType>multiplier</AttributeType><IsRequired>false</IsRequired><Value i:nil="true"/></Attribute><Attribute z:Id="i670"><AttributeType>offset</AttributeType><IsRequired>false</IsRequired><Value i:nil="true"/></Attribute></Attributes><ChildElements/><ElementName>mimic</ElementName><required>false</required><JointNameAttribute z:Ref="i668"/><MultiplierAttribute z:Ref="i669"/><OffsetAttribute z:Ref="i670"/></URDFElement></ChildElements><ElementName>joint</ElementName><required>false</required><Axis z:Ref="i649"/><AxisName/><Calibration z:Ref="i656"/><Child z:Ref="i647"/><CoordinateSystemName>Coordinate System28</CoordinateSystemName><Dynamics z:Ref="i659"/><Limit z:Ref="i651"/><Mimic z:Ref="i667"/><NameAttribute z:Ref="i640"/><Origin z:Ref="i642"/><Parent z:Ref="i645"/><Safety z:Ref="i662"/><TypeAttribute z:Ref="i641"/></URDFElement></ChildElements><ElementName>link</ElementName><required>true</required><Children/><Collision z:Ref="i632"/><Inertial z:Ref="i606"/><Joint z:Ref="i639"/><NameAttribute z:Ref="i605"/><Parent z:Ref="i1"/><STLQualityFine>false</STLQualityFine><SWComponentPIDs xmlns:a="http://schemas.microsoft.com/2003/10/Serialization/Arrays"><a:base64Binary>aEIAAAUAAAD//v+GYwB1AG0AXwBkAGEAaAB1AG8AbgBnAF8AdAByAHUAbwBjAF8AcwBhAHUALQA2AEAAcgBvAGIAbwBWADMAKAB1AHIAZABmAF8AYwBoAGEAbgBnAGUAZAApAC8AcwB1AHMAcABlAG4AcwBpAG8AbgBfAHYAMgAtADEAQABjAHUAbQBfAGQAYQBoAHUAbwBuAGcAXwB0AHIAdQBvAGMAXwBzAGEAdQAvAGIAYQBuAGgAZABhAGgAdQBvAG4AZwAtADEAQABzAHUAcwBwAGUAbgBzAGkAbwBuAF8AdgAyAC8AYgBhAG4AaABfAGUAYQBzAHkALQAxAEAAYgBhAG4AaABkAGEAaAB1AG8AbgBnAAQAAAAQAAAAAQAAAAQAAAAgBgAAKwAAAHQAAABBAAAA</a:base64Binary></SWComponentPIDs><SWMainComponentPID i:nil="true"/><Visual z:Ref="i619"/><isFixedFrame>false</isFixedFrame><isIncomplete>false</isIncomplete></Link></Children><Collision z:Ref="i29"/><Inertial z:Ref="i3"/><Joint z:Ref="i36"/><NameAttribute z:Ref="i2"/><Parent i:nil="true"/><STLQualityFine>false</STLQualityFine><SWComponentPIDs xmlns:a="http://schemas.microsoft.com/2003/10/Serialization/Arrays"><a:base64Binary>aEIAAAUAAAD//v8mYwB1AG0AXwBiAGEAbgBoAF8AeABlAF8AbABvAG4ALQAzAEAAcgBvAGIAbwBWADMAKAB1AHIAZABmAF8AYwBoAGEAbgBnAGUAZAApAAQAAAAQAAAAAQAAAAEAAACMAQAA</a:base64Binary><a:base64Binary>aEIAAAUAAAD//v8bMgAwAG0AbQAtADIAQAByAG8AYgBvAFYAMwAoAHUAcgBkAGYAXwBjAGgAYQBuAGcAZQBkACkABAAAABAAAAABAAAAAQAAACkCAAA=</a:base64Binary><a:base64Binary>aEIAAAUAAAD//v8bMgAwAG0AbQAtADgAQAByAG8AYgBvAFYAMwAoAHUAcgBkAGYAXwBjAGgAYQBuAGcAZQBkACkABAAAABAAAAABAAAAAQAAAC8CAAA=</a:base64Binary><a:base64Binary>aEIAAAUAAAD//v8gbQBvAHQAbwByAEEAeABpAHMALQAxAEAAcgBvAGIAbwBWADMAKAB1AHIAZABmAF8AYwBoAGEAbgBnAGUAZAApAAQAAAAQAAAAAQAAAAEAAACrAgAA</a:base64Binary><a:base64Binary>aEIAAAUAAAD//v8jbABpAGQAYQByAF8AcAB1AHMAaAB1AHAALQAxAEAAcgBvAGIAbwBWADMAKAB1AHIAZABmAF8AYwBoAGEAbgBnAGUAZAApAAQAAAAQAAAAAQAAAAEAAACHBAAA</a:base64Binary><a:base64Binary>aEIAAAUAAAD//v8ncwB0AGEAbgBkAG8AZgBmAF8ATQAyAF8AMgAwAG0AbQAtADEAQAByAG8AYgBvAFYAMwAoAHUAcgBkAGYAXwBjAGgAYQBuAGcAZQBkACkABAAAABAAAAABAAAAAQAAAMkEAAA=</a:base64Binary><a:base64Binary>aEIAAAUAAAD//v8ncwB0AGEAbgBkAG8AZgBmAF8ATQAyAF8AMgAwAG0AbQAtADMAQAByAG8AYgBvAFYAMwAoAHUAcgBkAGYAXwBjAGgAYQBuAGcAZQBkACkABAAAABAAAAABAAAAAQAAANAEAAA=</a:base64Binary><a:base64Binary>aEIAAAUAAAD//v8ncwB0AGEAbgBkAG8AZgBmAF8ATQAyAF8AMgAwAG0AbQAtADQAQAByAG8AYgBvAFYAMwAoAHUAcgBkAGYAXwBjAGgAYQBuAGcAZQBkACkABAAAABAAAAABAAAAAQAAANYEAAA=</a:base64Binary><a:base64Binary>aEIAAAUAAAD//v8ncwB0AGEAbgBkAG8AZgBmAF8ATQAyAF8AMgAwAG0AbQAtADUAQAByAG8AYgBvAFYAMwAoAHUAcgBkAGYAXwBjAGgAYQBuAGcAZQBkACkABAAAABAAAAABAAAAAQAAANkEAAA=</a:base64Binary><a:base64Binary>aEIAAAUAAAD//v8eYgBhAHQAdABlAHIAeQAtADEAQAByAG8AYgBvAFYAMwAoAHUAcgBkAGYAXwBjAGgAYQBuAGcAZQBkACkABAAAABAAAAABAAAAAQAAANwEAAA=</a:base64Binary><a:base64Binary>aEIAAAUAAAD//v8oaABvAHYAZQByAGIAbwBhAHIAZABfAGQAcgBpAHYAZQByAC0AMQBAAHIAbwBiAG8AVgAzACgAdQByAGQAZgBfAGMAaABhAG4AZwBlAGQAKQAEAAAAEAAAAAEAAAABAAAA3QQAAA==</a:base64Binary><a:base64Binary>aEIAAAUAAAD//v8oYwB1AG0AXwByAGUAbABhAHkAXwBtAHkANABuAF8ANABwAC0AMQBAAHIAbwBiAG8AVgAzACgAdQByAGQAZgBfAGMAaABhAG4AZwBlAGQAKQAEAAAAEAAAAAEAAAABAAAA4QQAAA==</a:base64Binary><a:base64Binary>aEIAAAUAAAD//v8jbABpAGQAYQByAF8AcAB1AHMAaAB1AHAALQAzAEAAcgBvAGIAbwBWADMAKAB1AHIAZABmAF8AYwBoAGEAbgBnAGUAZAApAAQAAAAQAAAAAQAAAAEAAAATBQAA</a:base64Binary><a:base64Binary>aEIAAAUAAAD//v8oMwA2AHYAXwAxADIAdgBfAGMAbwBuAHYAZQByAHQAZQByAC0AMQBAAHIAbwBiAG8AVgAzACgAdQByAGQAZgBfAGMAaABhAG4AZwBlAGQAKQAEAAAAEAAAAAEAAAABAAAAIAUAAA==</a:base64Binary><a:base64Binary>aEIAAAUAAAD//v8jcgBlAG0AbwB0AGUAXwByAGUAbABhAHkALQAxAEAAcgBvAGIAbwBWADMAKAB1AHIAZABmAF8AYwBoAGEAbgBnAGUAZAApAAQAAAAQAAAAAQAAAAEAAAAxBQAA</a:base64Binary><a:base64Binary>aEIAAAUAAAD//v8lYQBsAHUAbQBpAG4AaQB1AG0AXwBiAGEAcwBlAC0AMQBAAHIAbwBiAG8AVgAzACgAdQByAGQAZgBfAGMAaABhAG4AZwBlAGQAKQAEAAAAEAAAAAEAAAABAAAANQUAAA==</a:base64Binary><a:base64Binary>aEIAAAUAAAD//v8icABpAF8AaABhAG4AZwBfAGkAbQB1AC0AMQBAAHIAbwBiAG8AVgAzACgAdQByAGQAZgBfAGMAaABhAG4AZwBlAGQAKQAEAAAAEAAAAAEAAAABAAAAWwUAAA==</a:base64Binary><a:base64Binary>aEIAAAUAAAD//v8jVwBFAEkARABVACAAVABCADIANQBYAFgALQAxAEAAcgBvAGIAbwBWADMAKAB1AHIAZABmAF8AYwBoAGEAbgBnAGUAZAApAAQAAAAQAAAAAQAAAAEAAAB4BQAA</a:base64Binary><a:base64Binary>aEIAAAUAAAD//v8rHwRABD4ERAQ4BDsETAQgAFYALQBzAGwAbwB0ACAAMgAwAHgANAAwAC0AMQBAAHIAbwBiAG8AVgAzACgAdQByAGQAZgBfAGMAaABhAG4AZwBlAGQAKQAEAAAAEAAAAAEAAAABAAAAfgUAAA==</a:base64Binary><a:base64Binary>aEIAAAUAAAD//v8rHwRABD4ERAQ4BDsETAQgAFYALQBzAGwAbwB0ACAAMgAwAHgANAAwAC0AMwBAAHIAbwBiAG8AVgAzACgAdQByAGQAZgBfAGMAaABhAG4AZwBlAGQAKQAEAAAAEAAAAAEAAAABAAAAgAUAAA==</a:base64Binary><a:base64Binary>aEIAAAUAAAD//v88MgAwAHgAMgAwAF8AYQBsAHUAbQBpAG4AdQBtAF8AZQB4AHQAcgB1AHMAaQBvAG4AXwBwAHIAbwBmAGkAbABlACAAMgA2AGMAbQAtADEAQAByAG8AYgBvAFYAMwAoAHUAcgBkAGYAXwBjAGgAYQBuAGcAZQBkACkABAAAABAAAAABAAAAAQAAAJkFAAA=</a:base64Binary><a:base64Binary>aEIAAAUAAAD//v8cMgAwAG0AbQAtADEAMABAAHIAbwBiAG8AVgAzACgAdQByAGQAZgBfAGMAaABhAG4AZwBlAGQAKQAEAAAAEAAAAAEAAAABAAAAygUAAA==</a:base64Binary><a:base64Binary>aEIAAAUAAAD//v8mYwB1AG0AXwBiAGEAbgBoAF8AeABlAF8AbABvAG4ALQA1AEAAcgBvAGIAbwBWADMAKAB1AHIAZABmAF8AYwBoAGEAbgBnAGUAZAApAAQAAAAQAAAAAQAAAAEAAADLBQAA</a:base64Binary><a:base64Binary>aEIAAAUAAAD//v8gbQBvAHQAbwByAEEAeABpAHMALQA0AEAAcgBvAGIAbwBWADMAKAB1AHIAZABmAF8AYwBoAGEAbgBnAGUAZAApAAQAAAAQAAAAAQAAAAEAAADMBQAA</a:base64Binary><a:base64Binary>aEIAAAUAAAD//v8cMgAwAG0AbQAtADEAMQBAAHIAbwBiAG8AVgAzACgAdQByAGQAZgBfAGMAaABhAG4AZwBlAGQAKQAEAAAAEAAAAAEAAAABAAAAzQUAAA==</a:base64Binary><a:base64Binary>aEIAAAUAAAD//v8sYwB1AG0AXwBkAGEAaAB1AG8AbgBnAF8AdAByAHUAbwBjAF8AcwBhAHUALQA1AEAAcgBvAGIAbwBWADMAKAB1AHIAZABmAF8AYwBoAGEAbgBnAGUAZAApAAQAAAAQAAAAAQAAAAEAAAAZBgAA</a:base64Binary><a:base64Binary>aEIAAAUAAAD//v8sYwB1AG0AXwBkAGEAaAB1AG8AbgBnAF8AdAByAHUAbwBjAF8AcwBhAHUALQA2AEAAcgBvAGIAbwBWADMAKAB1AHIAZABmAF8AYwBoAGEAbgBnAGUAZAApAAQAAAAQAAAAAQAAAAEAAAAgBgAA</a:base64Binary><a:base64Binary>aEIAAAUAAAD//v8kZgB1AGwAbABfAGMAbwB2AGUAcgBfAHYAMgAtADEAQAByAG8AYgBvAFYAMwAoAHUAcgBkAGYAXwBjAGgAYQBuAGcAZQBkACkABAAAABAAAAABAAAAAQAAAFwGAAA=</a:base64Binary><a:base64Binary>aEIAAAUAAAD//v8pYwBvAHYAZQByAF8AagBvAGkAbgB0AF8AdgAzAC4AMQAuADIALQAxAEAAcgBvAGIAbwBWADMAKAB1AHIAZABmAF8AYwBoAGEAbgBnAGUAZAApAAQAAAAQAAAAAQAAAAEAAACjBgAA</a:base64Binary><a:base64Binary>aEIAAAUAAAD//v8ZagAxAC0AMQBAAHIAbwBiAG8AVgAzACgAdQByAGQAZgBfAGMAaABhAG4AZwBlAGQAKQAEAAAAEAAAAAEAAAABAAAArAYAAA==</a:base64Binary><a:base64Binary>aEIAAAUAAAD//v8ZagAxAC0AMgBAAHIAbwBiAG8AVgAzACgAdQByAGQAZgBfAGMAaABhAG4AZwBlAGQAKQAEAAAAEAAAAAEAAAABAAAArQYAAA==</a:base64Binary><a:base64Binary>aEIAAAUAAAD//v8ebQBhAHQAeABlAG8AMQAtADEAQAByAG8AYgBvAFYAMwAoAHUAcgBkAGYAXwBjAGgAYQBuAGcAZQBkACkABAAAABAAAAABAAAAAQAAAL0GAAA=</a:base64Binary><a:base64Binary>aEIAAAUAAAD//v8tQQByAGMAYQBkAGUAIABQAHUAcwBoACAAYgB1AHQAdABvAG4AIABhAHMAbQAtADIAQAByAG8AYgBvAFYAMwAoAHUAcgBkAGYAXwBjAGgAYQBuAGcAZQBkACkABAAAABAAAAABAAAAAQAAAM8GAAA=</a:base64Binary><a:base64Binary>aEIAAAUAAAD//v86UwB0AG8AcAAgAFMAdwBpAHQAYwBoACAAUAB1AHMAaAAgAEIAdQB0AHQAbwBuACAATABBAFkAMwA3ACAAKABQAEIAQwApAC0AMwBAAHIAbwBiAG8AVgAzACgAdQByAGQAZgBfAGMAaABhAG4AZwBlAGQAKQAEAAAAEAAAAAEAAAABAAAA9wYAAA==</a:base64Binary><a:base64Binary>aEIAAAUAAAD//v8sYwBvAHYAZQByAF8AdQBwAF8AdgAyAF8AbABpAG4AaABfAG0AaQBjAGEALQAxAEAAcgBvAGIAbwBWADMAKAB1AHIAZABmAF8AYwBoAGEAbgBnAGUAZAApAAQAAAAQAAAAAQAAAAEAAADZBwAA</a:base64Binary><a:base64Binary>aEIAAAUAAAD//v8eYQBsAGkAYgBhAGIAYQAtADEAQAByAG8AYgBvAFYAMwAoAHUAcgBkAGYAXwBjAGgAYQBuAGcAZQBkACkABAAAABAAAAABAAAAAQAAADYIAAA=</a:base64Binary><a:base64Binary>aEIAAAUAAAD//v8aYwBoAGUALQAxAEAAcgBvAGIAbwBWADMAKAB1AHIAZABmAF8AYwBoAGEAbgBnAGUAZAApAAQAAAAQAAAAAQAAAAEAAAA8CAAA</a:base64Binary><a:base64Binary>aEIAAAUAAAD//v8aYwBoAGUALQAyAEAAcgBvAGIAbwBWADMAKAB1AHIAZABmAF8AYwBoAGEAbgBnAGUAZAApAAQAAAAQAAAAAQAAAAEAAABQCAAA</a:base64Binary><a:base64Binary>aEIAAAUAAAD//v8aYwBoAGUALQAzAEAAcgBvAGIAbwBWADMAKAB1AHIAZABmAF8AYwBoAGEAbgBnAGUAZAApAAQAAAAQAAAAAQAAAAEAAABZCAAA</a:base64Binary><a:base64Binary>aEIAAAUAAAD//v8aYwBoAGUALQA0AEAAcgBvAGIAbwBWADMAKAB1AHIAZABmAF8AYwBoAGEAbgBnAGUAZAApAAQAAAAQAAAAAQAAAAEAAABhCAAA</a:base64Binary><a:base64Binary>aEIAAAUAAAD//v8aYwBoAGUALQA1AEAAcgBvAGIAbwBWADMAKAB1AHIAZABmAF8AYwBoAGEAbgBnAGUAZAApAAQAAAAQAAAAAQAAAAEAAABpCAAA</a:base64Binary><a:base64Binary>aEIAAAUAAAD//v8aYwBoAGUALQA2AEAAcgBvAGIAbwBWADMAKAB1AHIAZABmAF8AYwBoAGEAbgBnAGUAZAApAAQAAAAQAAAAAQAAAAEAAABxCAAA</a:base64Binary><a:base64Binary>aEIAAAUAAAD//v8lZwBhAF8AbQBpAG4AaQBwAGMAXwBjAG8AbQBwAC0AMQBAAHIAbwBiAG8AVgAzACgAdQByAGQAZgBfAGMAaABhAG4AZwBlAGQAKQAEAAAAEAAAAAEAAAABAAAAxggAAA==</a:base64Binary><a:base64Binary>aEIAAAUAAAD//v8jZwBhAF8AbQBpAG4AaQBwAGMAXwB2ADIALQAyAEAAcgBvAGIAbwBWADMAKAB1AHIAZABmAF8AYwBoAGEAbgBnAGUAZAApAAQAAAAQAAAAAQAAAAEAAACxCAAA</a:base64Binary><a:base64Binary>aEIAAAUAAAD//v8jZwBhAF8AbQBpAG4AaQBwAGMAXwB2ADIALQAxAEAAcgBvAGIAbwBWADMAKAB1AHIAZABmAF8AYwBoAGEAbgBnAGUAZAApAAQAAAAQAAAAAQAAAAEAAACwCAAA</a:base64Binary><a:base64Binary>aEIAAAUAAAD//v8eaABvAHAAXwBwAGkAbgAtADEAQAByAG8AYgBvAFYAMwAoAHUAcgBkAGYAXwBjAGgAYQBuAGcAZQBkACkABAAAABAAAAABAAAAAQAAAN8IAAA=</a:base64Binary><a:base64Binary>aEIAAAUAAAD//v8fbgBhAG4AZwBfAGMAYQBtAC0AMQBAAHIAbwBiAG8AVgAzACgAdQByAGQAZgBfAGMAaABhAG4AZwBlAGQAKQAEAAAAEAAAAAEAAAABAAAA6ggAAA==</a:base64Binary><a:base64Binary>aEIAAAUAAAD//v81ZwBhAF8AYwBvAG0ALQAxAEAAcgBvAGIAbwBWADMAKAB1AHIAZABmAF8AYwBoAGEAbgBnAGUAZAApAC8AMgAwAHgAMgAwAF8AYQBsAHUAXwBkAG8AYwAxAC0AMgBAAGcAYQBfAGMAbwBtAAQAAAAQAAAAAQAAAAIAAAANCQAAGwAAAA==</a:base64Binary><a:base64Binary>aEIAAAUAAAD//v81ZwBhAF8AYwBvAG0ALQAxAEAAcgBvAGIAbwBWADMAKAB1AHIAZABmAF8AYwBoAGEAbgBnAGUAZAApAC8AMgAwAHgAMgAwAF8AYQBsAHUAXwBkAG8AYwAxAC0AMQBAAGcAYQBfAGMAbwBtAAQAAAAQAAAAAQAAAAIAAAANCQAAGgAAAA==</a:base64Binary><a:base64Binary>aEIAAAUAAAD//v8uZwBhAF8AYwBvAG0ALQAxAEAAcgBvAGIAbwBWADMAKAB1AHIAZABmAF8AYwBoAGEAbgBnAGUAZAApAC8AdABhAGIAbABlAHQAMgAtADEAQABnAGEAXwBjAG8AbQAEAAAAEAAAAAEAAAACAAAADQkAACcAAAA=</a:base64Binary><a:base64Binary>aEIAAAUAAAD//v8uZwBhAF8AYwBvAG0ALQAxAEAAcgBvAGIAbwBWADMAKAB1AHIAZABmAF8AYwBoAGEAbgBnAGUAZAApAC8AdABhAGIAbABlAHQAMQAtADEAQABnAGEAXwBjAG8AbQAEAAAAEAAAAAEAAAACAAAADQkAABwAAAA=</a:base64Binary><a:base64Binary>aEIAAAUAAAD//v8yZwBhAF8AYwBvAG0ALQAxAEAAcgBvAGIAbwBWADMAKAB1AHIAZABmAF8AYwBoAGEAbgBnAGUAZAApAC8AbQBpAGMAYQBfAHQAYQBiAGwAZQB0AC0AMQBAAGcAYQBfAGMAbwBtAAQAAAAQAAAAAQAAAAIAAAANCQAALAAAAA==</a:base64Binary><a:base64Binary>aEIAAAUAAAD//v9HZwBhAF8AYwBvAG0ALQAxAEAAcgBvAGIAbwBWADMAKAB1AHIAZABmAF8AYwBoAGEAbgBnAGUAZAApAC8AbwBwAF8AdABhAGIALQAxAEAAZwBhAF8AYwBvAG0ALwBmAHIAbwBuAHQAXwBvAHAAXwB0AGEAYgBsAGUAdAAzAC0AMgBAAG8AcABfAHQAYQBiAAQAAAAQAAAAAQAAAAMAAAANCQAAMAAAABoAAAA=</a:base64Binary><a:base64Binary>aEIAAAUAAAD//v9GZwBhAF8AYwBvAG0ALQAxAEAAcgBvAGIAbwBWADMAKAB1AHIAZABmAF8AYwBoAGEAbgBnAGUAZAApAC8AbwBwAF8AdABhAGIALQAxAEAAZwBhAF8AYwBvAG0ALwBiAGEAYwBrAF8AbwBwAF8AdABhAGIAbABlAHQAMwAtADIAQABvAHAAXwB0AGEAYgAEAAAAEAAAAAEAAAADAAAADQkAADAAAAAbAAAA</a:base64Binary><a:base64Binary>aEIAAAUAAAD//v83ZwBhAF8AYwBvAG0ALQAxAEAAcgBvAGIAbwBWADMAKAB1AHIAZABmAF8AYwBoAGEAbgBnAGUAZAApAC8AMgAwAHgAMgAwAF8AYQBsAHUAXwBuAGcAYQBuAGcAMQAtADEAQABnAGEAXwBjAG8AbQAEAAAAEAAAAAEAAAACAAAADQkAABkAAAA=</a:base64Binary><a:base64Binary>aEIAAAUAAAD//v8faABvAHAAXwBuAGEAbgBvAC0AMQBAAHIAbwBiAG8AVgAzACgAdQByAGQAZgBfAGMAaABhAG4AZwBlAGQAKQAEAAAAEAAAAAEAAAABAAAANAkAAA==</a:base64Binary></SWComponentPIDs><SWMainComponentPID i:nil="true"/><Visual z:Ref="i16"/><isFixedFrame>false</isFixedFrame><isIncomplete>false</isIncomplete></Link>
2025-06-26 14:56:30,221 INFO  LinkNode.cs: 35 - Building node base_link
2025-06-26 14:56:30,221 INFO  LinkNode.cs: 35 - Building node lidar_link
2025-06-26 14:56:30,222 INFO  LinkNode.cs: 35 - Building node imu_link
2025-06-26 14:56:30,222 INFO  LinkNode.cs: 35 - Building node right_wheel_link
2025-06-26 14:56:30,222 INFO  LinkNode.cs: 35 - Building node left_wheel_link
2025-06-26 14:56:30,222 INFO  LinkNode.cs: 35 - Building node camera_link
2025-06-26 14:56:30,223 INFO  LinkNode.cs: 35 - Building node caster1_link
2025-06-26 14:56:30,223 INFO  LinkNode.cs: 35 - Building node caster2_link
2025-06-26 14:56:30,223 INFO  LinkNode.cs: 35 - Building node caster3_link
2025-06-26 14:56:30,223 INFO  LinkNode.cs: 35 - Building node caster4_link
2025-06-26 14:56:30,223 INFO  CommonSwOperations.cs: 221 - Loading SolidWorks components for base_link from D:\DA_Robot\hoc_solid\model_v5_packgo1\robotv2\roboV3(urdf_changed).SLDASM
2025-06-26 14:56:30,223 INFO  CommonSwOperations.cs: 245 - Loading component with PID hB     ???&c u m _ b a n h _ x e _ l o n - 3 @ r o b o V 3 ( u r d f _ c h a n g e d )             ?  
2025-06-26 14:56:30,225 INFO  CommonSwOperations.cs: 254 - Successfully loaded component D:\DA_Robot\hoc_solid\model_v5_packgo1\cum_banh_xe_lon.SLDASM
2025-06-26 14:56:30,225 INFO  CommonSwOperations.cs: 245 - Loading component with PID hB     ???2 0 m m - 2 @ r o b o V 3 ( u r d f _ c h a n g e d )             )  
2025-06-26 14:56:30,226 INFO  CommonSwOperations.cs: 254 - Successfully loaded component D:\DA_Robot\hoc_solid\model_v5_packgo1\20mm.SLDPRT
2025-06-26 14:56:30,226 INFO  CommonSwOperations.cs: 245 - Loading component with PID hB     ???2 0 m m - 8 @ r o b o V 3 ( u r d f _ c h a n g e d )             /  
2025-06-26 14:56:30,226 INFO  CommonSwOperations.cs: 254 - Successfully loaded component D:\DA_Robot\hoc_solid\model_v5_packgo1\20mm.SLDPRT
2025-06-26 14:56:30,226 INFO  CommonSwOperations.cs: 245 - Loading component with PID hB     ??? m o t o r A x i s - 1 @ r o b o V 3 ( u r d f _ c h a n g e d )             ?  
2025-06-26 14:56:30,226 INFO  CommonSwOperations.cs: 254 - Successfully loaded component D:\DA_Robot\hoc_solid\model_v5_packgo1\motorAxis.SLDPRT
2025-06-26 14:56:30,227 INFO  CommonSwOperations.cs: 245 - Loading component with PID hB     ???#l i d a r _ p u s h u p - 1 @ r o b o V 3 ( u r d f _ c h a n g e d )             ?  
2025-06-26 14:56:30,227 INFO  CommonSwOperations.cs: 254 - Successfully loaded component D:\DA_Robot\hoc_solid\model_v5_packgo1\lidar_pushup.SLDPRT
2025-06-26 14:56:30,228 INFO  CommonSwOperations.cs: 245 - Loading component with PID hB     ???'s t a n d o f f _ M 2 _ 2 0 m m - 1 @ r o b o V 3 ( u r d f _ c h a n g e d )             ?  
2025-06-26 14:56:30,228 INFO  CommonSwOperations.cs: 254 - Successfully loaded component D:\DA_Robot\hoc_solid\model_v5_packgo1\standoff_M2_20mm.SLDPRT
2025-06-26 14:56:30,228 INFO  CommonSwOperations.cs: 245 - Loading component with PID hB     ???'s t a n d o f f _ M 2 _ 2 0 m m - 3 @ r o b o V 3 ( u r d f _ c h a n g e d )             ?  
2025-06-26 14:56:30,228 INFO  CommonSwOperations.cs: 254 - Successfully loaded component D:\DA_Robot\hoc_solid\model_v5_packgo1\standoff_M2_20mm.SLDPRT
2025-06-26 14:56:30,228 INFO  CommonSwOperations.cs: 245 - Loading component with PID hB     ???'s t a n d o f f _ M 2 _ 2 0 m m - 4 @ r o b o V 3 ( u r d f _ c h a n g e d )             ?  
2025-06-26 14:56:30,229 INFO  CommonSwOperations.cs: 254 - Successfully loaded component D:\DA_Robot\hoc_solid\model_v5_packgo1\standoff_M2_20mm.SLDPRT
2025-06-26 14:56:30,229 INFO  CommonSwOperations.cs: 245 - Loading component with PID hB     ???'s t a n d o f f _ M 2 _ 2 0 m m - 5 @ r o b o V 3 ( u r d f _ c h a n g e d )             ?  
2025-06-26 14:56:30,229 INFO  CommonSwOperations.cs: 254 - Successfully loaded component D:\DA_Robot\hoc_solid\model_v5_packgo1\standoff_M2_20mm.SLDPRT
2025-06-26 14:56:30,229 INFO  CommonSwOperations.cs: 245 - Loading component with PID hB     ???b a t t e r y - 1 @ r o b o V 3 ( u r d f _ c h a n g e d )             ?  
2025-06-26 14:56:30,230 INFO  CommonSwOperations.cs: 254 - Successfully loaded component D:\DA_Robot\hoc_solid\model_v5_packgo1\battery.SLDPRT
2025-06-26 14:56:30,230 INFO  CommonSwOperations.cs: 245 - Loading component with PID hB     ???(h o v e r b o a r d _ d r i v e r - 1 @ r o b o V 3 ( u r d f _ c h a n g e d )             ?  
2025-06-26 14:56:30,230 INFO  CommonSwOperations.cs: 254 - Successfully loaded component D:\DA_Robot\hoc_solid\model_v5_packgo1\hoverboard_driver.SLDPRT
2025-06-26 14:56:30,230 INFO  CommonSwOperations.cs: 245 - Loading component with PID hB     ???(c u m _ r e l a y _ m y 4 n _ 4 p - 1 @ r o b o V 3 ( u r d f _ c h a n g e d )             ?  
2025-06-26 14:56:30,231 INFO  CommonSwOperations.cs: 254 - Successfully loaded component D:\DA_Robot\hoc_solid\model_v5_packgo1\cum_relay_my4n_4p.SLDASM
2025-06-26 14:56:30,231 INFO  CommonSwOperations.cs: 245 - Loading component with PID hB     ???#l i d a r _ p u s h u p - 3 @ r o b o V 3 ( u r d f _ c h a n g e d )               
2025-06-26 14:56:30,231 INFO  CommonSwOperations.cs: 254 - Successfully loaded component D:\DA_Robot\hoc_solid\model_v5_packgo1\lidar_pushup.SLDPRT
2025-06-26 14:56:30,231 INFO  CommonSwOperations.cs: 245 - Loading component with PID hB     ???(3 6 v _ 1 2 v _ c o n v e r t e r - 1 @ r o b o V 3 ( u r d f _ c h a n g e d )                
2025-06-26 14:56:30,232 INFO  CommonSwOperations.cs: 254 - Successfully loaded component D:\DA_Robot\hoc_solid\model_v5_packgo1\36v_12v_converter.SLDPRT
2025-06-26 14:56:30,232 INFO  CommonSwOperations.cs: 245 - Loading component with PID hB     ???#r e m o t e _ r e l a y - 1 @ r o b o V 3 ( u r d f _ c h a n g e d )             1  
2025-06-26 14:56:30,232 INFO  CommonSwOperations.cs: 254 - Successfully loaded component D:\DA_Robot\hoc_solid\model_v5_packgo1\remote_relay.SLDPRT
2025-06-26 14:56:30,232 INFO  CommonSwOperations.cs: 245 - Loading component with PID hB     ???%a l u m i n i u m _ b a s e - 1 @ r o b o V 3 ( u r d f _ c h a n g e d )             5  
2025-06-26 14:56:30,233 INFO  CommonSwOperations.cs: 254 - Successfully loaded component D:\DA_Robot\hoc_solid\model_v5_packgo1\aluminium_base.SLDPRT
2025-06-26 14:56:30,233 INFO  CommonSwOperations.cs: 245 - Loading component with PID hB     ???"p i _ h a n g _ i m u - 1 @ r o b o V 3 ( u r d f _ c h a n g e d )             [  
2025-06-26 14:56:30,233 INFO  CommonSwOperations.cs: 254 - Successfully loaded component D:\DA_Robot\hoc_solid\model_v5_packgo1\pi_hang_imu.SLDPRT
2025-06-26 14:56:30,233 INFO  CommonSwOperations.cs: 245 - Loading component with PID hB     ???#W E I D U   T B 2 5 X X - 1 @ r o b o V 3 ( u r d f _ c h a n g e d )             x  
2025-06-26 14:56:30,234 INFO  CommonSwOperations.cs: 254 - Successfully loaded component D:\DA_Robot\hoc_solid\model_v5_packgo1\WEIDU TB25XX.SLDASM
2025-06-26 14:56:30,234 INFO  CommonSwOperations.cs: 245 - Loading component with PID hB     ???+@>D8;L  V - s l o t   2 0 x 4 0 - 1 @ r o b o V 3 ( u r d f _ c h a n g e d )             ~  
2025-06-26 14:56:30,234 INFO  CommonSwOperations.cs: 254 - Successfully loaded component D:\DA_Robot\hoc_solid\model_v5_packgo1\??????? V-slot 20x40.SLDPRT
2025-06-26 14:56:30,234 INFO  CommonSwOperations.cs: 245 - Loading component with PID hB     ???+@>D8;L  V - s l o t   2 0 x 4 0 - 3 @ r o b o V 3 ( u r d f _ c h a n g e d )             ?  
2025-06-26 14:56:30,234 INFO  CommonSwOperations.cs: 254 - Successfully loaded component D:\DA_Robot\hoc_solid\model_v5_packgo1\??????? V-slot 20x40.SLDPRT
2025-06-26 14:56:30,235 INFO  CommonSwOperations.cs: 245 - Loading component with PID hB     ???<2 0 x 2 0 _ a l u m i n u m _ e x t r u s i o n _ p r o f i l e   2 6 c m - 1 @ r o b o V 3 ( u r d f _ c h a n g e d )             ?  
2025-06-26 14:56:30,235 INFO  CommonSwOperations.cs: 254 - Successfully loaded component D:\DA_Robot\hoc_solid\model_v5_packgo1\20x20_aluminum_extrusion_profile 26cm.SLDPRT
2025-06-26 14:56:30,235 INFO  CommonSwOperations.cs: 245 - Loading component with PID hB     ???2 0 m m - 1 0 @ r o b o V 3 ( u r d f _ c h a n g e d )             ?  
2025-06-26 14:56:30,235 INFO  CommonSwOperations.cs: 254 - Successfully loaded component D:\DA_Robot\hoc_solid\model_v5_packgo1\20mm.SLDPRT
2025-06-26 14:56:30,236 INFO  CommonSwOperations.cs: 245 - Loading component with PID hB     ???&c u m _ b a n h _ x e _ l o n - 5 @ r o b o V 3 ( u r d f _ c h a n g e d )             ?  
2025-06-26 14:56:30,236 INFO  CommonSwOperations.cs: 254 - Successfully loaded component D:\DA_Robot\hoc_solid\model_v5_packgo1\cum_banh_xe_lon.SLDASM
2025-06-26 14:56:30,236 INFO  CommonSwOperations.cs: 245 - Loading component with PID hB     ??? m o t o r A x i s - 4 @ r o b o V 3 ( u r d f _ c h a n g e d )             ?  
2025-06-26 14:56:30,236 INFO  CommonSwOperations.cs: 254 - Successfully loaded component D:\DA_Robot\hoc_solid\model_v5_packgo1\motorAxis.SLDPRT
2025-06-26 14:56:30,237 INFO  CommonSwOperations.cs: 245 - Loading component with PID hB     ???2 0 m m - 1 1 @ r o b o V 3 ( u r d f _ c h a n g e d )             ?  
2025-06-26 14:56:30,237 INFO  CommonSwOperations.cs: 254 - Successfully loaded component D:\DA_Robot\hoc_solid\model_v5_packgo1\20mm.SLDPRT
2025-06-26 14:56:30,237 INFO  CommonSwOperations.cs: 245 - Loading component with PID hB     ???,c u m _ d a h u o n g _ t r u o c _ s a u - 5 @ r o b o V 3 ( u r d f _ c h a n g e d )               
2025-06-26 14:56:30,237 INFO  CommonSwOperations.cs: 254 - Successfully loaded component D:\DA_Robot\hoc_solid\model_v5_packgo1\cum_dahuong_truoc_sau.SLDASM
2025-06-26 14:56:30,238 INFO  CommonSwOperations.cs: 245 - Loading component with PID hB     ???,c u m _ d a h u o n g _ t r u o c _ s a u - 6 @ r o b o V 3 ( u r d f _ c h a n g e d )                
2025-06-26 14:56:30,238 INFO  CommonSwOperations.cs: 254 - Successfully loaded component D:\DA_Robot\hoc_solid\model_v5_packgo1\cum_dahuong_truoc_sau.SLDASM
2025-06-26 14:56:30,238 INFO  CommonSwOperations.cs: 245 - Loading component with PID hB     ???$f u l l _ c o v e r _ v 2 - 1 @ r o b o V 3 ( u r d f _ c h a n g e d )             \  
2025-06-26 14:56:30,238 INFO  CommonSwOperations.cs: 254 - Successfully loaded component D:\DA_Robot\hoc_solid\model_v5_packgo1\full_cover_v2.SLDASM
2025-06-26 14:56:30,238 INFO  CommonSwOperations.cs: 245 - Loading component with PID hB     ???)c o v e r _ j o i n t _ v 3 . 1 . 2 - 1 @ r o b o V 3 ( u r d f _ c h a n g e d )             ?  
2025-06-26 14:56:30,239 INFO  CommonSwOperations.cs: 254 - Successfully loaded component D:\DA_Robot\hoc_solid\model_v5_packgo1\cover_joint_v3.1.2.SLDPRT
2025-06-26 14:56:30,239 INFO  CommonSwOperations.cs: 245 - Loading component with PID hB     ???j 1 - 1 @ r o b o V 3 ( u r d f _ c h a n g e d )             ?  
2025-06-26 14:56:30,239 INFO  CommonSwOperations.cs: 254 - Successfully loaded component D:\DA_Robot\hoc_solid\model_v5_packgo1\j1.SLDPRT
2025-06-26 14:56:30,239 INFO  CommonSwOperations.cs: 245 - Loading component with PID hB     ???j 1 - 2 @ r o b o V 3 ( u r d f _ c h a n g e d )             ?  
2025-06-26 14:56:30,240 INFO  CommonSwOperations.cs: 254 - Successfully loaded component D:\DA_Robot\hoc_solid\model_v5_packgo1\j1.SLDPRT
2025-06-26 14:56:30,240 INFO  CommonSwOperations.cs: 245 - Loading component with PID hB     ???m a t x e o 1 - 1 @ r o b o V 3 ( u r d f _ c h a n g e d )             ?  
2025-06-26 14:56:30,240 INFO  CommonSwOperations.cs: 254 - Successfully loaded component D:\DA_Robot\hoc_solid\model_v5_packgo1\matxeo1.SLDPRT
2025-06-26 14:56:30,240 INFO  CommonSwOperations.cs: 245 - Loading component with PID hB     ???-A r c a d e   P u s h   b u t t o n   a s m - 2 @ r o b o V 3 ( u r d f _ c h a n g e d )             ?  
2025-06-26 14:56:30,241 INFO  CommonSwOperations.cs: 254 - Successfully loaded component D:\DA_Robot\hoc_solid\model_v5_packgo1\Arcade Push button asm.SLDASM
2025-06-26 14:56:30,241 INFO  CommonSwOperations.cs: 245 - Loading component with PID hB     ???:S t o p   S w i t c h   P u s h   B u t t o n   L A Y 3 7   ( P B C ) - 3 @ r o b o V 3 ( u r d f _ c h a n g e d )             ?  
2025-06-26 14:56:30,241 INFO  CommonSwOperations.cs: 254 - Successfully loaded component D:\DA_Robot\hoc_solid\model_v5_packgo1\Stop Switch Push Button LAY37 (PBC).SLDPRT
2025-06-26 14:56:30,241 INFO  CommonSwOperations.cs: 245 - Loading component with PID hB     ???,c o v e r _ u p _ v 2 _ l i n h _ m i c a - 1 @ r o b o V 3 ( u r d f _ c h a n g e d )             ?  
2025-06-26 14:56:30,242 INFO  CommonSwOperations.cs: 254 - Successfully loaded component D:\DA_Robot\hoc_solid\model_v5_packgo1\cover_up_v2_linh_mica.SLDPRT
2025-06-26 14:56:30,242 INFO  CommonSwOperations.cs: 245 - Loading component with PID hB     ???a l i b a b a - 1 @ r o b o V 3 ( u r d f _ c h a n g e d )             6  
2025-06-26 14:56:30,242 INFO  CommonSwOperations.cs: 254 - Successfully loaded component D:\DA_Robot\hoc_solid\model_v5_packgo1\cam\alibaba.SLDASM
2025-06-26 14:56:30,242 INFO  CommonSwOperations.cs: 245 - Loading component with PID hB     ???c h e - 1 @ r o b o V 3 ( u r d f _ c h a n g e d )             <  
2025-06-26 14:56:30,243 INFO  CommonSwOperations.cs: 254 - Successfully loaded component D:\DA_Robot\hoc_solid\model_v5_packgo1\che\che.SLDPRT
2025-06-26 14:56:30,243 INFO  CommonSwOperations.cs: 245 - Loading component with PID hB     ???c h e - 2 @ r o b o V 3 ( u r d f _ c h a n g e d )             P  
2025-06-26 14:56:30,243 INFO  CommonSwOperations.cs: 254 - Successfully loaded component D:\DA_Robot\hoc_solid\model_v5_packgo1\che\che.SLDPRT
2025-06-26 14:56:30,244 INFO  CommonSwOperations.cs: 245 - Loading component with PID hB     ???c h e - 3 @ r o b o V 3 ( u r d f _ c h a n g e d )             Y  
2025-06-26 14:56:30,244 INFO  CommonSwOperations.cs: 254 - Successfully loaded component D:\DA_Robot\hoc_solid\model_v5_packgo1\che\che.SLDPRT
2025-06-26 14:56:30,244 INFO  CommonSwOperations.cs: 245 - Loading component with PID hB     ???c h e - 4 @ r o b o V 3 ( u r d f _ c h a n g e d )             a  
2025-06-26 14:56:30,244 INFO  CommonSwOperations.cs: 254 - Successfully loaded component D:\DA_Robot\hoc_solid\model_v5_packgo1\che\che.SLDPRT
2025-06-26 14:56:30,245 INFO  CommonSwOperations.cs: 245 - Loading component with PID hB     ???c h e - 5 @ r o b o V 3 ( u r d f _ c h a n g e d )             i  
2025-06-26 14:56:30,245 INFO  CommonSwOperations.cs: 254 - Successfully loaded component D:\DA_Robot\hoc_solid\model_v5_packgo1\che\che.SLDPRT
2025-06-26 14:56:30,245 INFO  CommonSwOperations.cs: 245 - Loading component with PID hB     ???c h e - 6 @ r o b o V 3 ( u r d f _ c h a n g e d )             q  
2025-06-26 14:56:30,245 INFO  CommonSwOperations.cs: 254 - Successfully loaded component D:\DA_Robot\hoc_solid\model_v5_packgo1\che\che.SLDPRT
2025-06-26 14:56:30,246 INFO  CommonSwOperations.cs: 245 - Loading component with PID hB     ???%g a _ m i n i p c _ c o m p - 1 @ r o b o V 3 ( u r d f _ c h a n g e d )             ?  
2025-06-26 14:56:30,246 INFO  CommonSwOperations.cs: 254 - Successfully loaded component D:\DA_Robot\hoc_solid\model_v5_packgo1\robotv2\2nd_floor_v2\ga_minipc_comp.SLDASM
2025-06-26 14:56:30,246 INFO  CommonSwOperations.cs: 245 - Loading component with PID hB     ???#g a _ m i n i p c _ v 2 - 2 @ r o b o V 3 ( u r d f _ c h a n g e d )             ?  
2025-06-26 14:56:30,246 INFO  CommonSwOperations.cs: 254 - Successfully loaded component D:\DA_Robot\hoc_solid\model_v5_packgo1\robotv2\2nd_floor_v2\ga_minipc_v2.SLDASM
2025-06-26 14:56:30,246 INFO  CommonSwOperations.cs: 245 - Loading component with PID hB     ???#g a _ m i n i p c _ v 2 - 1 @ r o b o V 3 ( u r d f _ c h a n g e d )             ?  
2025-06-26 14:56:30,247 INFO  CommonSwOperations.cs: 254 - Successfully loaded component D:\DA_Robot\hoc_solid\model_v5_packgo1\robotv2\2nd_floor_v2\ga_minipc_v2.SLDASM
2025-06-26 14:56:30,250 INFO  CommonSwOperations.cs: 245 - Loading component with PID hB     ???h o p _ p i n - 1 @ r o b o V 3 ( u r d f _ c h a n g e d )             ?  
2025-06-26 14:56:30,315 INFO  CommonSwOperations.cs: 254 - Successfully loaded component D:\DA_Robot\hoc_solid\model_v5_packgo1\robotv2\hop_pin\hop_pin.SLDPRT
2025-06-26 14:56:30,315 INFO  CommonSwOperations.cs: 245 - Loading component with PID hB     ???n a n g _ c a m - 1 @ r o b o V 3 ( u r d f _ c h a n g e d )             ?  
2025-06-26 14:56:30,316 INFO  CommonSwOperations.cs: 254 - Successfully loaded component D:\DA_Robot\hoc_solid\model_v5_packgo1\robotv2\nang_cam.SLDPRT
2025-06-26 14:56:30,316 INFO  CommonSwOperations.cs: 245 - Loading component with PID hB     ???5g a _ c o m - 1 @ r o b o V 3 ( u r d f _ c h a n g e d ) / 2 0 x 2 0 _ a l u _ d o c 1 - 2 @ g a _ c o m             	     
2025-06-26 14:56:30,316 INFO  CommonSwOperations.cs: 254 - Successfully loaded component D:\DA_Robot\hoc_solid\model_v5_packgo1\robotv2\ga_tablet\20x20_alu_doc1.SLDPRT
2025-06-26 14:56:30,317 INFO  CommonSwOperations.cs: 245 - Loading component with PID hB     ???5g a _ c o m - 1 @ r o b o V 3 ( u r d f _ c h a n g e d ) / 2 0 x 2 0 _ a l u _ d o c 1 - 1 @ g a _ c o m             	     
2025-06-26 14:56:30,317 INFO  CommonSwOperations.cs: 254 - Successfully loaded component D:\DA_Robot\hoc_solid\model_v5_packgo1\robotv2\ga_tablet\20x20_alu_doc1.SLDPRT
2025-06-26 14:56:30,317 INFO  CommonSwOperations.cs: 245 - Loading component with PID hB     ???.g a _ c o m - 1 @ r o b o V 3 ( u r d f _ c h a n g e d ) / t a b l e t 2 - 1 @ g a _ c o m             	  '   
2025-06-26 14:56:30,317 ERROR CommonSwOperations.cs: 281 - The component associated with PID hB     ???.g a _ c o m - 1 @ r o b o V 3 ( u r d f _ c h a n g e d ) / t a b l e t 2 - 1 @ g a _ c o m             	  '    was found to be invalid
2025-06-26 14:56:30,318 WARN  CommonSwOperations.cs: 249 - Component with PID hB     ???.g a _ c o m - 1 @ r o b o V 3 ( u r d f _ c h a n g e d ) / t a b l e t 2 - 1 @ g a _ c o m             	  '    failed to load
2025-06-26 14:56:30,318 INFO  CommonSwOperations.cs: 245 - Loading component with PID hB     ???.g a _ c o m - 1 @ r o b o V 3 ( u r d f _ c h a n g e d ) / t a b l e t 1 - 1 @ g a _ c o m             	     
2025-06-26 14:56:30,318 ERROR CommonSwOperations.cs: 281 - The component associated with PID hB     ???.g a _ c o m - 1 @ r o b o V 3 ( u r d f _ c h a n g e d ) / t a b l e t 1 - 1 @ g a _ c o m             	      was found to be invalid
2025-06-26 14:56:30,318 WARN  CommonSwOperations.cs: 249 - Component with PID hB     ???.g a _ c o m - 1 @ r o b o V 3 ( u r d f _ c h a n g e d ) / t a b l e t 1 - 1 @ g a _ c o m             	      failed to load
2025-06-26 14:56:30,319 INFO  CommonSwOperations.cs: 245 - Loading component with PID hB     ???2g a _ c o m - 1 @ r o b o V 3 ( u r d f _ c h a n g e d ) / m i c a _ t a b l e t - 1 @ g a _ c o m             	  ,   
2025-06-26 14:56:30,319 ERROR CommonSwOperations.cs: 281 - The component associated with PID hB     ???2g a _ c o m - 1 @ r o b o V 3 ( u r d f _ c h a n g e d ) / m i c a _ t a b l e t - 1 @ g a _ c o m             	  ,    was found to be invalid
2025-06-26 14:56:30,319 WARN  CommonSwOperations.cs: 249 - Component with PID hB     ???2g a _ c o m - 1 @ r o b o V 3 ( u r d f _ c h a n g e d ) / m i c a _ t a b l e t - 1 @ g a _ c o m             	  ,    failed to load
2025-06-26 14:56:30,319 INFO  CommonSwOperations.cs: 245 - Loading component with PID hB     ???Gg a _ c o m - 1 @ r o b o V 3 ( u r d f _ c h a n g e d ) / o p _ t a b - 1 @ g a _ c o m / f r o n t _ o p _ t a b l e t 3 - 2 @ o p _ t a b             	  0      
2025-06-26 14:56:30,320 ERROR CommonSwOperations.cs: 281 - The component associated with PID hB     ???Gg a _ c o m - 1 @ r o b o V 3 ( u r d f _ c h a n g e d ) / o p _ t a b - 1 @ g a _ c o m / f r o n t _ o p _ t a b l e t 3 - 2 @ o p _ t a b             	  0       was found to be invalid
2025-06-26 14:56:30,320 WARN  CommonSwOperations.cs: 249 - Component with PID hB     ???Gg a _ c o m - 1 @ r o b o V 3 ( u r d f _ c h a n g e d ) / o p _ t a b - 1 @ g a _ c o m / f r o n t _ o p _ t a b l e t 3 - 2 @ o p _ t a b             	  0       failed to load
2025-06-26 14:56:30,320 INFO  CommonSwOperations.cs: 245 - Loading component with PID hB     ???Fg a _ c o m - 1 @ r o b o V 3 ( u r d f _ c h a n g e d ) / o p _ t a b - 1 @ g a _ c o m / b a c k _ o p _ t a b l e t 3 - 2 @ o p _ t a b             	  0      
2025-06-26 14:56:30,320 ERROR CommonSwOperations.cs: 281 - The component associated with PID hB     ???Fg a _ c o m - 1 @ r o b o V 3 ( u r d f _ c h a n g e d ) / o p _ t a b - 1 @ g a _ c o m / b a c k _ o p _ t a b l e t 3 - 2 @ o p _ t a b             	  0       was found to be invalid
2025-06-26 14:56:30,321 WARN  CommonSwOperations.cs: 249 - Component with PID hB     ???Fg a _ c o m - 1 @ r o b o V 3 ( u r d f _ c h a n g e d ) / o p _ t a b - 1 @ g a _ c o m / b a c k _ o p _ t a b l e t 3 - 2 @ o p _ t a b             	  0       failed to load
2025-06-26 14:56:30,321 INFO  CommonSwOperations.cs: 245 - Loading component with PID hB     ???7g a _ c o m - 1 @ r o b o V 3 ( u r d f _ c h a n g e d ) / 2 0 x 2 0 _ a l u _ n g a n g 1 - 1 @ g a _ c o m             	     
2025-06-26 14:56:30,321 INFO  CommonSwOperations.cs: 254 - Successfully loaded component D:\DA_Robot\hoc_solid\model_v5_packgo1\robotv2\ga_tablet\20x20_alu_ngang1.SLDPRT
2025-06-26 14:56:30,321 INFO  CommonSwOperations.cs: 245 - Loading component with PID hB     ???h o p _ n a n o - 1 @ r o b o V 3 ( u r d f _ c h a n g e d )             4	  
2025-06-26 14:56:30,322 INFO  CommonSwOperations.cs: 254 - Successfully loaded component D:\DA_Robot\hoc_solid\model_v5_packgo1\robotv2\hop_nano.SLDPRT
2025-06-26 14:56:30,322 ERROR CommonSwOperations.cs: 228 - Link base_link did not fully load all components
2025-06-26 14:56:30,323 INFO  CommonSwOperations.cs: 230 - Loaded 51 components for link base_link
2025-06-26 14:56:30,323 INFO  CommonSwOperations.cs: 221 - Loading SolidWorks components for lidar_link from D:\DA_Robot\hoc_solid\model_v5_packgo1\robotv2\roboV3(urdf_changed).SLDASM
2025-06-26 14:56:30,323 INFO  CommonSwOperations.cs: 245 - Loading component with PID hB     ???X 3 _ L i d a r - 1 @ r o b o V 3 ( u r d f _ c h a n g e d )             ?  
2025-06-26 14:56:30,324 INFO  CommonSwOperations.cs: 254 - Successfully loaded component D:\DA_Robot\hoc_solid\model_v5_packgo1\X3_Lidar.SLDPRT
2025-06-26 14:56:30,324 INFO  CommonSwOperations.cs: 230 - Loaded 1 components for link lidar_link
2025-06-26 14:56:30,325 INFO  CommonSwOperations.cs: 221 - Loading SolidWorks components for imu_link from D:\DA_Robot\hoc_solid\model_v5_packgo1\robotv2\roboV3(urdf_changed).SLDASM
2025-06-26 14:56:30,325 INFO  CommonSwOperations.cs: 245 - Loading component with PID hB     ???M P U 6 0 5 0 - 1 @ r o b o V 3 ( u r d f _ c h a n g e d )             ?  
2025-06-26 14:56:30,325 ERROR CommonSwOperations.cs: 281 - The component associated with PID hB     ???M P U 6 0 5 0 - 1 @ r o b o V 3 ( u r d f _ c h a n g e d )             ?   was found to be invalid
2025-06-26 14:56:30,326 WARN  CommonSwOperations.cs: 249 - Component with PID hB     ???M P U 6 0 5 0 - 1 @ r o b o V 3 ( u r d f _ c h a n g e d )             ?   failed to load
2025-06-26 14:56:30,326 ERROR CommonSwOperations.cs: 228 - Link imu_link did not fully load all components
2025-06-26 14:56:30,326 INFO  CommonSwOperations.cs: 230 - Loaded 0 components for link imu_link
2025-06-26 14:56:30,326 INFO  CommonSwOperations.cs: 221 - Loading SolidWorks components for right_wheel_link from D:\DA_Robot\hoc_solid\model_v5_packgo1\robotv2\roboV3(urdf_changed).SLDASM
2025-06-26 14:56:30,326 INFO  CommonSwOperations.cs: 245 - Loading component with PID hB     ??? m o t o r e d i t - 4 @ r o b o V 3 ( u r d f _ c h a n g e d )             ?  
2025-06-26 14:56:30,327 INFO  CommonSwOperations.cs: 254 - Successfully loaded component D:\DA_Robot\hoc_solid\model_v5_packgo1\motoredit.SLDPRT
2025-06-26 14:56:30,327 INFO  CommonSwOperations.cs: 230 - Loaded 1 components for link right_wheel_link
2025-06-26 14:56:30,327 INFO  CommonSwOperations.cs: 221 - Loading SolidWorks components for left_wheel_link from D:\DA_Robot\hoc_solid\model_v5_packgo1\robotv2\roboV3(urdf_changed).SLDASM
2025-06-26 14:56:30,327 INFO  CommonSwOperations.cs: 245 - Loading component with PID hB     ??? m o t o r e d i t - 3 @ r o b o V 3 ( u r d f _ c h a n g e d )             ?  
2025-06-26 14:56:30,328 INFO  CommonSwOperations.cs: 254 - Successfully loaded component D:\DA_Robot\hoc_solid\model_v5_packgo1\motoredit.SLDPRT
2025-06-26 14:56:30,328 INFO  CommonSwOperations.cs: 230 - Loaded 1 components for link left_wheel_link
2025-06-26 14:56:30,328 INFO  CommonSwOperations.cs: 221 - Loading SolidWorks components for camera_link from D:\DA_Robot\hoc_solid\model_v5_packgo1\robotv2\roboV3(urdf_changed).SLDASM
2025-06-26 14:56:30,328 INFO  CommonSwOperations.cs: 245 - Loading component with PID hB     ???#f i n a l   k i n e c t - 1 @ r o b o V 3 ( u r d f _ c h a n g e d )             ?  
2025-06-26 14:56:30,329 INFO  CommonSwOperations.cs: 254 - Successfully loaded component D:\DA_Robot\hoc_solid\model_v5_packgo1\lib\final kinect.SLDASM
2025-06-26 14:56:30,329 INFO  CommonSwOperations.cs: 230 - Loaded 1 components for link camera_link
2025-06-26 14:56:30,329 INFO  CommonSwOperations.cs: 221 - Loading SolidWorks components for caster1_link from D:\DA_Robot\hoc_solid\model_v5_packgo1\robotv2\roboV3(urdf_changed).SLDASM
2025-06-26 14:56:30,329 INFO  CommonSwOperations.cs: 245 - Loading component with PID hB     ????c u m _ d a h u o n g _ t r u o c _ s a u - 5 @ r o b o V 3 ( u r d f _ c h a n g e d ) / s u s p e n s i o n _ v 2 - 1 @ c u m _ d a h u o n g _ t r u o c _ s a u / b a n h d a h u o n g - 1 @ s u s p e n s i o n _ v 2 / b a n h _ e a s y - 1 @ b a n h d a h u o n g               +   t   A   
2025-06-26 14:56:30,330 INFO  CommonSwOperations.cs: 254 - Successfully loaded component D:\DA_Robot\hoc_solid\model_v5_packgo1\banh_easy.SLDPRT
2025-06-26 14:56:30,330 INFO  CommonSwOperations.cs: 230 - Loaded 1 components for link caster1_link
2025-06-26 14:56:30,330 INFO  CommonSwOperations.cs: 221 - Loading SolidWorks components for caster2_link from D:\DA_Robot\hoc_solid\model_v5_packgo1\robotv2\roboV3(urdf_changed).SLDASM
2025-06-26 14:56:30,330 INFO  CommonSwOperations.cs: 245 - Loading component with PID hB     ????c u m _ d a h u o n g _ t r u o c _ s a u - 5 @ r o b o V 3 ( u r d f _ c h a n g e d ) / s u s p e n s i o n _ v 2 - 2 @ c u m _ d a h u o n g _ t r u o c _ s a u / b a n h d a h u o n g - 1 @ s u s p e n s i o n _ v 2 / b a n h _ e a s y - 1 @ b a n h d a h u o n g               0   t   A   
2025-06-26 14:56:30,330 INFO  CommonSwOperations.cs: 254 - Successfully loaded component D:\DA_Robot\hoc_solid\model_v5_packgo1\banh_easy.SLDPRT
2025-06-26 14:56:30,331 INFO  CommonSwOperations.cs: 230 - Loaded 1 components for link caster2_link
2025-06-26 14:56:30,331 INFO  CommonSwOperations.cs: 221 - Loading SolidWorks components for caster3_link from D:\DA_Robot\hoc_solid\model_v5_packgo1\robotv2\roboV3(urdf_changed).SLDASM
2025-06-26 14:56:30,331 INFO  CommonSwOperations.cs: 245 - Loading component with PID hB     ????c u m _ d a h u o n g _ t r u o c _ s a u - 6 @ r o b o V 3 ( u r d f _ c h a n g e d ) / s u s p e n s i o n _ v 2 - 2 @ c u m _ d a h u o n g _ t r u o c _ s a u / b a n h d a h u o n g - 1 @ s u s p e n s i o n _ v 2 / b a n h _ e a s y - 1 @ b a n h d a h u o n g                0   t   A   
2025-06-26 14:56:30,331 INFO  CommonSwOperations.cs: 254 - Successfully loaded component D:\DA_Robot\hoc_solid\model_v5_packgo1\banh_easy.SLDPRT
2025-06-26 14:56:30,332 INFO  CommonSwOperations.cs: 230 - Loaded 1 components for link caster3_link
2025-06-26 14:56:30,332 INFO  CommonSwOperations.cs: 221 - Loading SolidWorks components for caster4_link from D:\DA_Robot\hoc_solid\model_v5_packgo1\robotv2\roboV3(urdf_changed).SLDASM
2025-06-26 14:56:30,332 INFO  CommonSwOperations.cs: 245 - Loading component with PID hB     ????c u m _ d a h u o n g _ t r u o c _ s a u - 6 @ r o b o V 3 ( u r d f _ c h a n g e d ) / s u s p e n s i o n _ v 2 - 1 @ c u m _ d a h u o n g _ t r u o c _ s a u / b a n h d a h u o n g - 1 @ s u s p e n s i o n _ v 2 / b a n h _ e a s y - 1 @ b a n h d a h u o n g                +   t   A   
2025-06-26 14:56:30,332 INFO  CommonSwOperations.cs: 254 - Successfully loaded component D:\DA_Robot\hoc_solid\model_v5_packgo1\banh_easy.SLDPRT
2025-06-26 14:56:30,333 INFO  CommonSwOperations.cs: 230 - Loaded 1 components for link caster4_link
2025-06-26 14:56:38,914 INFO  SwAddin.cs: 344 - Showing property manager
2025-06-26 14:58:10,436 INFO  ExportPropertyManager.cs: 1018 - OnComboboxSelectionChanged called. This method no longer throws an Exception. It just silently does nothing. Ok, except for this logging message
2025-06-26 14:58:18,559 INFO  ExportPropertyManager.cs: 1018 - OnComboboxSelectionChanged called. This method no longer throws an Exception. It just silently does nothing. Ok, except for this logging message
2025-06-26 14:59:19,459 INFO  ExportPropertyManager.cs: 422 - Configuration saved
2025-06-26 14:59:19,466 INFO  ConfigurationSerialization.cs: 276 - URDF Configuration found
<Link z:Id="i1" xmlns="http://schemas.datacontract.org/2004/07/SW2URDF" xmlns:i="http://www.w3.org/2001/XMLSchema-instance" xmlns:z="http://schemas.microsoft.com/2003/10/Serialization/"><Attributes><Attribute z:Id="i2"><AttributeType>name</AttributeType><IsRequired>true</IsRequired><Value i:type="a:string" xmlns:a="http://www.w3.org/2001/XMLSchema">base_link</Value></Attribute></Attributes><ChildElements><URDFElement z:Id="i3" i:type="Inertial"><Attributes/><ChildElements><URDFElement z:Id="i4" i:type="Origin"><Attributes><Attribute z:Id="i5"><AttributeType>xyz</AttributeType><IsRequired>true</IsRequired><Value i:type="a:ArrayOfdouble" xmlns:a="http://schemas.microsoft.com/2003/10/Serialization/Arrays"><a:double>0.060987346543505905</a:double><a:double>-0.0042720180668343044</a:double><a:double>0.19200247731974768</a:double></Value></Attribute><Attribute z:Id="i6"><AttributeType>rpy</AttributeType><IsRequired>true</IsRequired><Value i:type="a:ArrayOfdouble" xmlns:a="http://schemas.microsoft.com/2003/10/Serialization/Arrays"><a:double>0</a:double><a:double>0</a:double><a:double>0</a:double></Value></Attribute></Attributes><ChildElements/><ElementName>origin</ElementName><required>false</required><RPYAttribute z:Ref="i6"/><XYZAttribute z:Ref="i5"/><isCustomized>false</isCustomized></URDFElement><URDFElement z:Id="i7" i:type="Mass"><Attributes><Attribute z:Id="i8"><AttributeType>value</AttributeType><IsRequired>true</IsRequired><Value i:type="a:double" xmlns:a="http://www.w3.org/2001/XMLSchema">10.746159077553559</Value></Attribute></Attributes><ChildElements/><ElementName>mass</ElementName><required>false</required><ValueAttribute z:Ref="i8"/></URDFElement><URDFElement z:Id="i9" i:type="Inertia"><Attributes><Attribute z:Id="i10"><AttributeType>ixx</AttributeType><IsRequired>true</IsRequired><Value i:type="a:double" xmlns:a="http://www.w3.org/2001/XMLSchema">0.065834870849578578</Value></Attribute><Attribute z:Id="i11"><AttributeType>ixy</AttributeType><IsRequired>true</IsRequired><Value i:type="a:double" xmlns:a="http://www.w3.org/2001/XMLSchema">-0.00023209205759734428</Value></Attribute><Attribute z:Id="i12"><AttributeType>ixz</AttributeType><IsRequired>true</IsRequired><Value i:type="a:double" xmlns:a="http://www.w3.org/2001/XMLSchema">0.0013281102483101161</Value></Attribute><Attribute z:Id="i13"><AttributeType>iyy</AttributeType><IsRequired>true</IsRequired><Value i:type="a:double" xmlns:a="http://www.w3.org/2001/XMLSchema">0.085268180604857441</Value></Attribute><Attribute z:Id="i14"><AttributeType>iyz</AttributeType><IsRequired>true</IsRequired><Value i:type="a:double" xmlns:a="http://www.w3.org/2001/XMLSchema">6.44620982702778E-06</Value></Attribute><Attribute z:Id="i15"><AttributeType>izz</AttributeType><IsRequired>true</IsRequired><Value i:type="a:double" xmlns:a="http://www.w3.org/2001/XMLSchema">0.079142439222943575</Value></Attribute></Attributes><ChildElements/><ElementName>inertia</ElementName><required>false</required><IxxAttribute z:Ref="i10"/><IxyAttribute z:Ref="i11"/><IxzAttribute z:Ref="i12"/><IyyAttribute z:Ref="i13"/><IyzAttribute z:Ref="i14"/><IzzAttribute z:Ref="i15"/></URDFElement></ChildElements><ElementName>inertial</ElementName><required>false</required><Inertia z:Ref="i9"/><Mass z:Ref="i7"/><Origin z:Ref="i4"/></URDFElement><URDFElement z:Id="i16" i:type="Visual"><Attributes/><ChildElements><URDFElement z:Id="i17" i:type="Origin"><Attributes><Attribute z:Id="i18"><AttributeType>xyz</AttributeType><IsRequired>true</IsRequired><Value i:type="a:ArrayOfdouble" xmlns:a="http://schemas.microsoft.com/2003/10/Serialization/Arrays"><a:double>0</a:double><a:double>0</a:double><a:double>0</a:double></Value></Attribute><Attribute z:Id="i19"><AttributeType>rpy</AttributeType><IsRequired>true</IsRequired><Value i:type="a:ArrayOfdouble" xmlns:a="http://schemas.microsoft.com/2003/10/Serialization/Arrays"><a:double>0</a:double><a:double>0</a:double><a:double>0</a:double></Value></Attribute></Attributes><ChildElements/><ElementName>origin</ElementName><required>false</required><RPYAttribute z:Ref="i19"/><XYZAttribute z:Ref="i18"/><isCustomized>false</isCustomized></URDFElement><URDFElement z:Id="i20" i:type="Geometry"><Attributes/><ChildElements><URDFElement z:Id="i21" i:type="Mesh"><Attributes><Attribute z:Id="i22"><AttributeType>filename</AttributeType><IsRequired>true</IsRequired><Value i:nil="true"/></Attribute></Attributes><ChildElements/><ElementName>mesh</ElementName><required>false</required><FilenameAttribute z:Ref="i22"/></URDFElement></ChildElements><ElementName>geometry</ElementName><required>true</required><Mesh z:Ref="i21"/></URDFElement><URDFElement z:Id="i23" i:type="Material"><Attributes><Attribute z:Id="i24"><AttributeType>name</AttributeType><IsRequired>true</IsRequired><Value i:type="a:string" xmlns:a="http://www.w3.org/2001/XMLSchema"/></Attribute></Attributes><ChildElements><URDFElement z:Id="i25" i:type="Color"><Attributes><Attribute z:Id="i26"><AttributeType>rgba</AttributeType><IsRequired>true</IsRequired><Value i:type="a:ArrayOfdouble" xmlns:a="http://schemas.microsoft.com/2003/10/Serialization/Arrays"><a:double>0.75294117647058822</a:double><a:double>0.75294117647058822</a:double><a:double>0.75294117647058822</a:double><a:double>1</a:double></Value></Attribute></Attributes><ChildElements/><ElementName>color</ElementName><required>false</required><RGBAAttribute z:Ref="i26"/></URDFElement><URDFElement z:Id="i27" i:type="Texture"><Attributes><Attribute z:Id="i28"><AttributeType>filename</AttributeType><IsRequired>true</IsRequired><Value i:nil="true"/></Attribute></Attributes><ChildElements/><ElementName>texture</ElementName><required>false</required><FilenameAttribute z:Ref="i28"/><wFilename/></URDFElement></ChildElements><ElementName>material</ElementName><required>false</required><Color z:Ref="i25"/><NameAttribute z:Ref="i24"/><Texture z:Ref="i27"/></URDFElement></ChildElements><ElementName>visual</ElementName><required>false</required><Geometry z:Ref="i20"/><Material z:Ref="i23"/><Origin z:Ref="i17"/></URDFElement><URDFElement z:Id="i29" i:type="Collision"><Attributes/><ChildElements><URDFElement z:Id="i30" i:type="Origin"><Attributes><Attribute z:Id="i31"><AttributeType>xyz</AttributeType><IsRequired>true</IsRequired><Value i:type="a:ArrayOfdouble" xmlns:a="http://schemas.microsoft.com/2003/10/Serialization/Arrays"><a:double>0</a:double><a:double>0</a:double><a:double>0</a:double></Value></Attribute><Attribute z:Id="i32"><AttributeType>rpy</AttributeType><IsRequired>true</IsRequired><Value i:type="a:ArrayOfdouble" xmlns:a="http://schemas.microsoft.com/2003/10/Serialization/Arrays"><a:double>0</a:double><a:double>0</a:double><a:double>0</a:double></Value></Attribute></Attributes><ChildElements/><ElementName>origin</ElementName><required>false</required><RPYAttribute z:Ref="i32"/><XYZAttribute z:Ref="i31"/><isCustomized>false</isCustomized></URDFElement><URDFElement z:Id="i33" i:type="Geometry"><Attributes/><ChildElements><URDFElement z:Id="i34" i:type="Mesh"><Attributes><Attribute z:Id="i35"><AttributeType>filename</AttributeType><IsRequired>true</IsRequired><Value i:nil="true"/></Attribute></Attributes><ChildElements/><ElementName>mesh</ElementName><required>false</required><FilenameAttribute z:Ref="i35"/></URDFElement></ChildElements><ElementName>geometry</ElementName><required>true</required><Mesh z:Ref="i34"/></URDFElement></ChildElements><ElementName>collision</ElementName><required>false</required><Geometry z:Ref="i33"/><Origin z:Ref="i30"/></URDFElement><URDFElement z:Id="i36" i:type="Joint"><Attributes><Attribute z:Id="i37"><AttributeType>name</AttributeType><IsRequired>true</IsRequired><Value i:type="a:string" xmlns:a="http://www.w3.org/2001/XMLSchema"/></Attribute><Attribute z:Id="i38"><AttributeType>type</AttributeType><IsRequired>true</IsRequired><Value i:type="a:string" xmlns:a="http://www.w3.org/2001/XMLSchema"/></Attribute></Attributes><ChildElements><URDFElement z:Id="i39" i:type="Origin"><Attributes><Attribute z:Id="i40"><AttributeType>xyz</AttributeType><IsRequired>true</IsRequired><Value i:type="a:ArrayOfdouble" xmlns:a="http://schemas.microsoft.com/2003/10/Serialization/Arrays"><a:double>0</a:double><a:double>0</a:double><a:double>0</a:double></Value></Attribute><Attribute z:Id="i41"><AttributeType>rpy</AttributeType><IsRequired>true</IsRequired><Value i:type="a:ArrayOfdouble" xmlns:a="http://schemas.microsoft.com/2003/10/Serialization/Arrays"><a:double>0</a:double><a:double>0</a:double><a:double>0</a:double></Value></Attribute></Attributes><ChildElements/><ElementName>origin</ElementName><required>false</required><RPYAttribute z:Ref="i41"/><XYZAttribute z:Ref="i40"/><isCustomized>false</isCustomized></URDFElement><URDFElement z:Id="i42" i:type="ParentLink"><Attributes><Attribute z:Id="i43"><AttributeType>link</AttributeType><IsRequired>true</IsRequired><Value i:type="a:string" xmlns:a="http://www.w3.org/2001/XMLSchema"/></Attribute></Attributes><ChildElements/><ElementName>parent</ElementName><required>true</required><NameAttribute z:Ref="i43"/></URDFElement><URDFElement z:Id="i44" i:type="ChildLink"><Attributes><Attribute z:Id="i45"><AttributeType>link</AttributeType><IsRequired>true</IsRequired><Value i:type="a:string" xmlns:a="http://www.w3.org/2001/XMLSchema"/></Attribute></Attributes><ChildElements/><ElementName>child</ElementName><required>true</required><NameAttribute z:Ref="i45"/></URDFElement><URDFElement z:Id="i46" i:type="Axis"><Attributes><Attribute z:Id="i47"><AttributeType>xyz</AttributeType><IsRequired>true</IsRequired><Value i:type="a:ArrayOfdouble" xmlns:a="http://schemas.microsoft.com/2003/10/Serialization/Arrays"><a:double>0</a:double><a:double>0</a:double><a:double>0</a:double></Value></Attribute></Attributes><ChildElements/><ElementName>axis</ElementName><required>false</required><XYZAttribute z:Ref="i47"/></URDFElement><URDFElement z:Id="i48" i:type="Limit"><Attributes><Attribute z:Id="i49"><AttributeType>lower</AttributeType><IsRequired>false</IsRequired><Value i:nil="true"/></Attribute><Attribute z:Id="i50"><AttributeType>upper</AttributeType><IsRequired>false</IsRequired><Value i:nil="true"/></Attribute><Attribute z:Id="i51"><AttributeType>effort</AttributeType><IsRequired>true</IsRequired><Value i:nil="true"/></Attribute><Attribute z:Id="i52"><AttributeType>velocity</AttributeType><IsRequired>true</IsRequired><Value i:nil="true"/></Attribute></Attributes><ChildElements/><ElementName>limit</ElementName><required>false</required><EffortAttribute z:Ref="i51"/><LowerAttribute z:Ref="i49"/><UpperAttribute z:Ref="i50"/><VelocityAttribute z:Ref="i52"/></URDFElement><URDFElement z:Id="i53" i:type="Calibration"><Attributes><Attribute z:Id="i54"><AttributeType>rising</AttributeType><IsRequired>false</IsRequired><Value i:nil="true"/></Attribute><Attribute z:Id="i55"><AttributeType>falling</AttributeType><IsRequired>false</IsRequired><Value i:nil="true"/></Attribute></Attributes><ChildElements/><ElementName>calibration</ElementName><required>false</required><FallingAttribute z:Ref="i55"/><RisingAttribute z:Ref="i54"/></URDFElement><URDFElement z:Id="i56" i:type="Dynamics"><Attributes><Attribute z:Id="i57"><AttributeType>damping</AttributeType><IsRequired>false</IsRequired><Value i:nil="true"/></Attribute><Attribute z:Id="i58"><AttributeType>friction</AttributeType><IsRequired>false</IsRequired><Value i:nil="true"/></Attribute></Attributes><ChildElements/><ElementName>dynamics</ElementName><required>false</required><DampingAttribute z:Ref="i57"/><FrictionAttribute z:Ref="i58"/></URDFElement><URDFElement z:Id="i59" i:type="SafetyController"><Attributes><Attribute z:Id="i60"><AttributeType>soft_upper_limit</AttributeType><IsRequired>false</IsRequired><Value i:nil="true"/></Attribute><Attribute z:Id="i61"><AttributeType>soft_lower_limit</AttributeType><IsRequired>false</IsRequired><Value i:nil="true"/></Attribute><Attribute z:Id="i62"><AttributeType>k_position</AttributeType><IsRequired>false</IsRequired><Value i:nil="true"/></Attribute><Attribute z:Id="i63"><AttributeType>k_velocity</AttributeType><IsRequired>true</IsRequired><Value i:nil="true"/></Attribute></Attributes><ChildElements/><ElementName>safety_controller</ElementName><required>false</required><KPositionAttribute z:Ref="i62"/><KVelocityAttribute z:Ref="i63"/><SoftLowerAttribute z:Ref="i61"/><SoftUpperAttribute z:Ref="i60"/></URDFElement><URDFElement z:Id="i64" i:type="Mimic"><Attributes><Attribute z:Id="i65"><AttributeType>joint</AttributeType><IsRequired>true</IsRequired><Value i:nil="true"/></Attribute><Attribute z:Id="i66"><AttributeType>multiplier</AttributeType><IsRequired>false</IsRequired><Value i:nil="true"/></Attribute><Attribute z:Id="i67"><AttributeType>offset</AttributeType><IsRequired>false</IsRequired><Value i:nil="true"/></Attribute></Attributes><ChildElements/><ElementName>mimic</ElementName><required>false</required><JointNameAttribute z:Ref="i65"/><MultiplierAttribute z:Ref="i66"/><OffsetAttribute z:Ref="i67"/></URDFElement></ChildElements><ElementName>joint</ElementName><required>false</required><Axis z:Ref="i46"/><AxisName/><Calibration z:Ref="i53"/><Child z:Ref="i44"/><CoordinateSystemName>Coordinate System1</CoordinateSystemName><Dynamics z:Ref="i56"/><Limit z:Ref="i48"/><Mimic z:Ref="i64"/><NameAttribute z:Ref="i37"/><Origin z:Ref="i39"/><Parent z:Ref="i42"/><Safety z:Ref="i59"/><TypeAttribute z:Ref="i38"/></URDFElement></ChildElements><ElementName>link</ElementName><required>true</required><Children><Link z:Id="i68"><Attributes><Attribute z:Id="i69"><AttributeType>name</AttributeType><IsRequired>true</IsRequired><Value i:type="a:string" xmlns:a="http://www.w3.org/2001/XMLSchema">lidar_link</Value></Attribute></Attributes><ChildElements><URDFElement z:Id="i70" i:type="Inertial"><Attributes/><ChildElements><URDFElement z:Id="i71" i:type="Origin"><Attributes><Attribute z:Id="i72"><AttributeType>xyz</AttributeType><IsRequired>true</IsRequired><Value i:type="a:ArrayOfdouble" xmlns:a="http://schemas.microsoft.com/2003/10/Serialization/Arrays"><a:double>0.01483831713663597</a:double><a:double>0.00044768343093459784</a:double><a:double>-0.021153620822649155</a:double></Value></Attribute><Attribute z:Id="i73"><AttributeType>rpy</AttributeType><IsRequired>true</IsRequired><Value i:type="a:ArrayOfdouble" xmlns:a="http://schemas.microsoft.com/2003/10/Serialization/Arrays"><a:double>0</a:double><a:double>0</a:double><a:double>0</a:double></Value></Attribute></Attributes><ChildElements/><ElementName>origin</ElementName><required>false</required><RPYAttribute z:Ref="i73"/><XYZAttribute z:Ref="i72"/><isCustomized>false</isCustomized></URDFElement><URDFElement z:Id="i74" i:type="Mass"><Attributes><Attribute z:Id="i75"><AttributeType>value</AttributeType><IsRequired>true</IsRequired><Value i:type="a:double" xmlns:a="http://www.w3.org/2001/XMLSchema">0.031240912740647893</Value></Attribute></Attributes><ChildElements/><ElementName>mass</ElementName><required>false</required><ValueAttribute z:Ref="i75"/></URDFElement><URDFElement z:Id="i76" i:type="Inertia"><Attributes><Attribute z:Id="i77"><AttributeType>ixx</AttributeType><IsRequired>true</IsRequired><Value i:type="a:double" xmlns:a="http://www.w3.org/2001/XMLSchema">8.8802637081098767E-06</Value></Attribute><Attribute z:Id="i78"><AttributeType>ixy</AttributeType><IsRequired>true</IsRequired><Value i:type="a:double" xmlns:a="http://www.w3.org/2001/XMLSchema">-1.7766449433050944E-07</Value></Attribute><Attribute z:Id="i79"><AttributeType>ixz</AttributeType><IsRequired>true</IsRequired><Value i:type="a:double" xmlns:a="http://www.w3.org/2001/XMLSchema">1.1302767991709002E-07</Value></Attribute><Attribute z:Id="i80"><AttributeType>iyy</AttributeType><IsRequired>true</IsRequired><Value i:type="a:double" xmlns:a="http://www.w3.org/2001/XMLSchema">1.4491001820543374E-05</Value></Attribute><Attribute z:Id="i81"><AttributeType>iyz</AttributeType><IsRequired>true</IsRequired><Value i:type="a:double" xmlns:a="http://www.w3.org/2001/XMLSchema">3.460761149958303E-08</Value></Attribute><Attribute z:Id="i82"><AttributeType>izz</AttributeType><IsRequired>true</IsRequired><Value i:type="a:double" xmlns:a="http://www.w3.org/2001/XMLSchema">2.2528909952026877E-05</Value></Attribute></Attributes><ChildElements/><ElementName>inertia</ElementName><required>false</required><IxxAttribute z:Ref="i77"/><IxyAttribute z:Ref="i78"/><IxzAttribute z:Ref="i79"/><IyyAttribute z:Ref="i80"/><IyzAttribute z:Ref="i81"/><IzzAttribute z:Ref="i82"/></URDFElement></ChildElements><ElementName>inertial</ElementName><required>false</required><Inertia z:Ref="i76"/><Mass z:Ref="i74"/><Origin z:Ref="i71"/></URDFElement><URDFElement z:Id="i83" i:type="Visual"><Attributes/><ChildElements><URDFElement z:Id="i84" i:type="Origin"><Attributes><Attribute z:Id="i85"><AttributeType>xyz</AttributeType><IsRequired>true</IsRequired><Value i:type="a:ArrayOfdouble" xmlns:a="http://schemas.microsoft.com/2003/10/Serialization/Arrays"><a:double>0</a:double><a:double>0</a:double><a:double>0</a:double></Value></Attribute><Attribute z:Id="i86"><AttributeType>rpy</AttributeType><IsRequired>true</IsRequired><Value i:type="a:ArrayOfdouble" xmlns:a="http://schemas.microsoft.com/2003/10/Serialization/Arrays"><a:double>0</a:double><a:double>0</a:double><a:double>0</a:double></Value></Attribute></Attributes><ChildElements/><ElementName>origin</ElementName><required>false</required><RPYAttribute z:Ref="i86"/><XYZAttribute z:Ref="i85"/><isCustomized>false</isCustomized></URDFElement><URDFElement z:Id="i87" i:type="Geometry"><Attributes/><ChildElements><URDFElement z:Id="i88" i:type="Mesh"><Attributes><Attribute z:Id="i89"><AttributeType>filename</AttributeType><IsRequired>true</IsRequired><Value i:nil="true"/></Attribute></Attributes><ChildElements/><ElementName>mesh</ElementName><required>false</required><FilenameAttribute z:Ref="i89"/></URDFElement></ChildElements><ElementName>geometry</ElementName><required>true</required><Mesh z:Ref="i88"/></URDFElement><URDFElement z:Id="i90" i:type="Material"><Attributes><Attribute z:Id="i91"><AttributeType>name</AttributeType><IsRequired>true</IsRequired><Value i:type="a:string" xmlns:a="http://www.w3.org/2001/XMLSchema"/></Attribute></Attributes><ChildElements><URDFElement z:Id="i92" i:type="Color"><Attributes><Attribute z:Id="i93"><AttributeType>rgba</AttributeType><IsRequired>true</IsRequired><Value i:type="a:ArrayOfdouble" xmlns:a="http://schemas.microsoft.com/2003/10/Serialization/Arrays"><a:double>0.792156862745098</a:double><a:double>0.81960784313725488</a:double><a:double>0.93333333333333335</a:double><a:double>1</a:double></Value></Attribute></Attributes><ChildElements/><ElementName>color</ElementName><required>false</required><RGBAAttribute z:Ref="i93"/></URDFElement><URDFElement z:Id="i94" i:type="Texture"><Attributes><Attribute z:Id="i95"><AttributeType>filename</AttributeType><IsRequired>true</IsRequired><Value i:nil="true"/></Attribute></Attributes><ChildElements/><ElementName>texture</ElementName><required>false</required><FilenameAttribute z:Ref="i95"/><wFilename/></URDFElement></ChildElements><ElementName>material</ElementName><required>false</required><Color z:Ref="i92"/><NameAttribute z:Ref="i91"/><Texture z:Ref="i94"/></URDFElement></ChildElements><ElementName>visual</ElementName><required>false</required><Geometry z:Ref="i87"/><Material z:Ref="i90"/><Origin z:Ref="i84"/></URDFElement><URDFElement z:Id="i96" i:type="Collision"><Attributes/><ChildElements><URDFElement z:Id="i97" i:type="Origin"><Attributes><Attribute z:Id="i98"><AttributeType>xyz</AttributeType><IsRequired>true</IsRequired><Value i:type="a:ArrayOfdouble" xmlns:a="http://schemas.microsoft.com/2003/10/Serialization/Arrays"><a:double>0</a:double><a:double>0</a:double><a:double>0</a:double></Value></Attribute><Attribute z:Id="i99"><AttributeType>rpy</AttributeType><IsRequired>true</IsRequired><Value i:type="a:ArrayOfdouble" xmlns:a="http://schemas.microsoft.com/2003/10/Serialization/Arrays"><a:double>0</a:double><a:double>0</a:double><a:double>0</a:double></Value></Attribute></Attributes><ChildElements/><ElementName>origin</ElementName><required>false</required><RPYAttribute z:Ref="i99"/><XYZAttribute z:Ref="i98"/><isCustomized>false</isCustomized></URDFElement><URDFElement z:Id="i100" i:type="Geometry"><Attributes/><ChildElements><URDFElement z:Id="i101" i:type="Mesh"><Attributes><Attribute z:Id="i102"><AttributeType>filename</AttributeType><IsRequired>true</IsRequired><Value i:nil="true"/></Attribute></Attributes><ChildElements/><ElementName>mesh</ElementName><required>false</required><FilenameAttribute z:Ref="i102"/></URDFElement></ChildElements><ElementName>geometry</ElementName><required>true</required><Mesh z:Ref="i101"/></URDFElement></ChildElements><ElementName>collision</ElementName><required>false</required><Geometry z:Ref="i100"/><Origin z:Ref="i97"/></URDFElement><URDFElement z:Id="i103" i:type="Joint"><Attributes><Attribute z:Id="i104"><AttributeType>name</AttributeType><IsRequired>true</IsRequired><Value i:type="a:string" xmlns:a="http://www.w3.org/2001/XMLSchema">lidar</Value></Attribute><Attribute z:Id="i105"><AttributeType>type</AttributeType><IsRequired>true</IsRequired><Value i:type="a:string" xmlns:a="http://www.w3.org/2001/XMLSchema">fixed</Value></Attribute></Attributes><ChildElements><URDFElement z:Id="i106" i:type="Origin"><Attributes><Attribute z:Id="i107"><AttributeType>xyz</AttributeType><IsRequired>true</IsRequired><Value i:type="a:ArrayOfdouble" xmlns:a="http://schemas.microsoft.com/2003/10/Serialization/Arrays"><a:double>0.15566672564358219</a:double><a:double>0.0011277706563345147</a:double><a:double>0.14609999999809897</a:double></Value></Attribute><Attribute z:Id="i108"><AttributeType>rpy</AttributeType><IsRequired>true</IsRequired><Value i:type="a:ArrayOfdouble" xmlns:a="http://schemas.microsoft.com/2003/10/Serialization/Arrays"><a:double>0</a:double><a:double>0</a:double><a:double>0</a:double></Value></Attribute></Attributes><ChildElements/><ElementName>origin</ElementName><required>false</required><RPYAttribute z:Ref="i108"/><XYZAttribute z:Ref="i107"/><isCustomized>false</isCustomized></URDFElement><URDFElement z:Id="i109" i:type="ParentLink"><Attributes><Attribute z:Id="i110"><AttributeType>link</AttributeType><IsRequired>true</IsRequired><Value i:type="a:string" xmlns:a="http://www.w3.org/2001/XMLSchema">base_link</Value></Attribute></Attributes><ChildElements/><ElementName>parent</ElementName><required>true</required><NameAttribute z:Ref="i110"/></URDFElement><URDFElement z:Id="i111" i:type="ChildLink"><Attributes><Attribute z:Id="i112"><AttributeType>link</AttributeType><IsRequired>true</IsRequired><Value i:type="a:string" xmlns:a="http://www.w3.org/2001/XMLSchema">lidar_link</Value></Attribute></Attributes><ChildElements/><ElementName>child</ElementName><required>true</required><NameAttribute z:Ref="i112"/></URDFElement><URDFElement z:Id="i113" i:type="Axis"><Attributes><Attribute z:Id="i114"><AttributeType>xyz</AttributeType><IsRequired>true</IsRequired><Value i:type="a:ArrayOfdouble" xmlns:a="http://schemas.microsoft.com/2003/10/Serialization/Arrays"><a:double>0</a:double><a:double>0</a:double><a:double>0</a:double></Value></Attribute></Attributes><ChildElements/><ElementName>axis</ElementName><required>false</required><XYZAttribute z:Ref="i114"/></URDFElement><URDFElement z:Id="i115" i:type="Limit"><Attributes><Attribute z:Id="i116"><AttributeType>lower</AttributeType><IsRequired>false</IsRequired><Value i:nil="true"/></Attribute><Attribute z:Id="i117"><AttributeType>upper</AttributeType><IsRequired>false</IsRequired><Value i:nil="true"/></Attribute><Attribute z:Id="i118"><AttributeType>effort</AttributeType><IsRequired>true</IsRequired><Value i:nil="true"/></Attribute><Attribute z:Id="i119"><AttributeType>velocity</AttributeType><IsRequired>true</IsRequired><Value i:nil="true"/></Attribute></Attributes><ChildElements/><ElementName>limit</ElementName><required>false</required><EffortAttribute z:Ref="i118"/><LowerAttribute z:Ref="i116"/><UpperAttribute z:Ref="i117"/><VelocityAttribute z:Ref="i119"/></URDFElement><URDFElement z:Id="i120" i:type="Calibration"><Attributes><Attribute z:Id="i121"><AttributeType>rising</AttributeType><IsRequired>false</IsRequired><Value i:nil="true"/></Attribute><Attribute z:Id="i122"><AttributeType>falling</AttributeType><IsRequired>false</IsRequired><Value i:nil="true"/></Attribute></Attributes><ChildElements/><ElementName>calibration</ElementName><required>false</required><FallingAttribute z:Ref="i122"/><RisingAttribute z:Ref="i121"/></URDFElement><URDFElement z:Id="i123" i:type="Dynamics"><Attributes><Attribute z:Id="i124"><AttributeType>damping</AttributeType><IsRequired>false</IsRequired><Value i:nil="true"/></Attribute><Attribute z:Id="i125"><AttributeType>friction</AttributeType><IsRequired>false</IsRequired><Value i:nil="true"/></Attribute></Attributes><ChildElements/><ElementName>dynamics</ElementName><required>false</required><DampingAttribute z:Ref="i124"/><FrictionAttribute z:Ref="i125"/></URDFElement><URDFElement z:Id="i126" i:type="SafetyController"><Attributes><Attribute z:Id="i127"><AttributeType>soft_upper_limit</AttributeType><IsRequired>false</IsRequired><Value i:nil="true"/></Attribute><Attribute z:Id="i128"><AttributeType>soft_lower_limit</AttributeType><IsRequired>false</IsRequired><Value i:nil="true"/></Attribute><Attribute z:Id="i129"><AttributeType>k_position</AttributeType><IsRequired>false</IsRequired><Value i:nil="true"/></Attribute><Attribute z:Id="i130"><AttributeType>k_velocity</AttributeType><IsRequired>true</IsRequired><Value i:nil="true"/></Attribute></Attributes><ChildElements/><ElementName>safety_controller</ElementName><required>false</required><KPositionAttribute z:Ref="i129"/><KVelocityAttribute z:Ref="i130"/><SoftLowerAttribute z:Ref="i128"/><SoftUpperAttribute z:Ref="i127"/></URDFElement><URDFElement z:Id="i131" i:type="Mimic"><Attributes><Attribute z:Id="i132"><AttributeType>joint</AttributeType><IsRequired>true</IsRequired><Value i:nil="true"/></Attribute><Attribute z:Id="i133"><AttributeType>multiplier</AttributeType><IsRequired>false</IsRequired><Value i:nil="true"/></Attribute><Attribute z:Id="i134"><AttributeType>offset</AttributeType><IsRequired>false</IsRequired><Value i:nil="true"/></Attribute></Attributes><ChildElements/><ElementName>mimic</ElementName><required>false</required><JointNameAttribute z:Ref="i132"/><MultiplierAttribute z:Ref="i133"/><OffsetAttribute z:Ref="i134"/></URDFElement></ChildElements><ElementName>joint</ElementName><required>false</required><Axis z:Ref="i113"/><AxisName>Axis_lidar</AxisName><Calibration z:Ref="i120"/><Child z:Ref="i111"/><CoordinateSystemName>Coordinate System2</CoordinateSystemName><Dynamics z:Ref="i123"/><Limit z:Ref="i115"/><Mimic z:Ref="i131"/><NameAttribute z:Ref="i104"/><Origin z:Ref="i106"/><Parent z:Ref="i109"/><Safety z:Ref="i126"/><TypeAttribute z:Ref="i105"/></URDFElement></ChildElements><ElementName>link</ElementName><required>true</required><Children/><Collision z:Ref="i96"/><Inertial z:Ref="i70"/><Joint z:Ref="i103"/><NameAttribute z:Ref="i69"/><Parent z:Ref="i1"/><STLQualityFine>false</STLQualityFine><SWComponentPIDs xmlns:a="http://schemas.microsoft.com/2003/10/Serialization/Arrays"><a:base64Binary>aEIAAAUAAAD//v8fWAAzAF8ATABpAGQAYQByAC0AMQBAAHIAbwBiAG8AVgAzACgAdQByAGQAZgBfAGMAaABhAG4AZwBlAGQAKQAEAAAAEAAAAAEAAAABAAAAiwQAAA==</a:base64Binary></SWComponentPIDs><SWMainComponentPID i:nil="true"/><Visual z:Ref="i83"/><isFixedFrame>false</isFixedFrame><isIncomplete>false</isIncomplete></Link><Link z:Id="i135"><Attributes><Attribute z:Id="i136"><AttributeType>name</AttributeType><IsRequired>true</IsRequired><Value i:type="a:string" xmlns:a="http://www.w3.org/2001/XMLSchema">imu_link</Value></Attribute></Attributes><ChildElements><URDFElement z:Id="i137" i:type="Inertial"><Attributes/><ChildElements><URDFElement z:Id="i138" i:type="Origin"><Attributes><Attribute z:Id="i139"><AttributeType>xyz</AttributeType><IsRequired>true</IsRequired><Value i:type="a:ArrayOfdouble" xmlns:a="http://schemas.microsoft.com/2003/10/Serialization/Arrays"><a:double>-0.00012898011774964413</a:double><a:double>-0.00019149559799944149</a:double><a:double>-0.0038407050934864406</a:double></Value></Attribute><Attribute z:Id="i140"><AttributeType>rpy</AttributeType><IsRequired>true</IsRequired><Value i:type="a:ArrayOfdouble" xmlns:a="http://schemas.microsoft.com/2003/10/Serialization/Arrays"><a:double>0</a:double><a:double>0</a:double><a:double>0</a:double></Value></Attribute></Attributes><ChildElements/><ElementName>origin</ElementName><required>false</required><RPYAttribute z:Ref="i140"/><XYZAttribute z:Ref="i139"/><isCustomized>false</isCustomized></URDFElement><URDFElement z:Id="i141" i:type="Mass"><Attributes><Attribute z:Id="i142"><AttributeType>value</AttributeType><IsRequired>true</IsRequired><Value i:type="a:double" xmlns:a="http://www.w3.org/2001/XMLSchema">0.00099989811898682879</Value></Attribute></Attributes><ChildElements/><ElementName>mass</ElementName><required>false</required><ValueAttribute z:Ref="i142"/></URDFElement><URDFElement z:Id="i143" i:type="Inertia"><Attributes><Attribute z:Id="i144"><AttributeType>ixx</AttributeType><IsRequired>true</IsRequired><Value i:type="a:double" xmlns:a="http://www.w3.org/2001/XMLSchema">2.5044771693541468E-08</Value></Attribute><Attribute z:Id="i145"><AttributeType>ixy</AttributeType><IsRequired>true</IsRequired><Value i:type="a:double" xmlns:a="http://www.w3.org/2001/XMLSchema">1.039650562469034E-10</Value></Attribute><Attribute z:Id="i146"><AttributeType>ixz</AttributeType><IsRequired>true</IsRequired><Value i:type="a:double" xmlns:a="http://www.w3.org/2001/XMLSchema">-2.68560481478177E-14</Value></Attribute><Attribute z:Id="i147"><AttributeType>iyy</AttributeType><IsRequired>true</IsRequired><Value i:type="a:double" xmlns:a="http://www.w3.org/2001/XMLSchema">1.2451353550853E-08</Value></Attribute><Attribute z:Id="i148"><AttributeType>iyz</AttributeType><IsRequired>true</IsRequired><Value i:type="a:double" xmlns:a="http://www.w3.org/2001/XMLSchema">-1.1856542325881859E-14</Value></Attribute><Attribute z:Id="i149"><AttributeType>izz</AttributeType><IsRequired>true</IsRequired><Value i:type="a:double" xmlns:a="http://www.w3.org/2001/XMLSchema">3.0637635311589823E-08</Value></Attribute></Attributes><ChildElements/><ElementName>inertia</ElementName><required>false</required><IxxAttribute z:Ref="i144"/><IxyAttribute z:Ref="i145"/><IxzAttribute z:Ref="i146"/><IyyAttribute z:Ref="i147"/><IyzAttribute z:Ref="i148"/><IzzAttribute z:Ref="i149"/></URDFElement></ChildElements><ElementName>inertial</ElementName><required>false</required><Inertia z:Ref="i143"/><Mass z:Ref="i141"/><Origin z:Ref="i138"/></URDFElement><URDFElement z:Id="i150" i:type="Visual"><Attributes/><ChildElements><URDFElement z:Id="i151" i:type="Origin"><Attributes><Attribute z:Id="i152"><AttributeType>xyz</AttributeType><IsRequired>true</IsRequired><Value i:type="a:ArrayOfdouble" xmlns:a="http://schemas.microsoft.com/2003/10/Serialization/Arrays"><a:double>0</a:double><a:double>0</a:double><a:double>0</a:double></Value></Attribute><Attribute z:Id="i153"><AttributeType>rpy</AttributeType><IsRequired>true</IsRequired><Value i:type="a:ArrayOfdouble" xmlns:a="http://schemas.microsoft.com/2003/10/Serialization/Arrays"><a:double>0</a:double><a:double>0</a:double><a:double>0</a:double></Value></Attribute></Attributes><ChildElements/><ElementName>origin</ElementName><required>false</required><RPYAttribute z:Ref="i153"/><XYZAttribute z:Ref="i152"/><isCustomized>false</isCustomized></URDFElement><URDFElement z:Id="i154" i:type="Geometry"><Attributes/><ChildElements><URDFElement z:Id="i155" i:type="Mesh"><Attributes><Attribute z:Id="i156"><AttributeType>filename</AttributeType><IsRequired>true</IsRequired><Value i:nil="true"/></Attribute></Attributes><ChildElements/><ElementName>mesh</ElementName><required>false</required><FilenameAttribute z:Ref="i156"/></URDFElement></ChildElements><ElementName>geometry</ElementName><required>true</required><Mesh z:Ref="i155"/></URDFElement><URDFElement z:Id="i157" i:type="Material"><Attributes><Attribute z:Id="i158"><AttributeType>name</AttributeType><IsRequired>true</IsRequired><Value i:type="a:string" xmlns:a="http://www.w3.org/2001/XMLSchema"/></Attribute></Attributes><ChildElements><URDFElement z:Id="i159" i:type="Color"><Attributes><Attribute z:Id="i160"><AttributeType>rgba</AttributeType><IsRequired>true</IsRequired><Value i:type="a:ArrayOfdouble" xmlns:a="http://schemas.microsoft.com/2003/10/Serialization/Arrays"><a:double>0.792156862745098</a:double><a:double>0.81960784313725488</a:double><a:double>0.93333333333333335</a:double><a:double>1</a:double></Value></Attribute></Attributes><ChildElements/><ElementName>color</ElementName><required>false</required><RGBAAttribute z:Ref="i160"/></URDFElement><URDFElement z:Id="i161" i:type="Texture"><Attributes><Attribute z:Id="i162"><AttributeType>filename</AttributeType><IsRequired>true</IsRequired><Value i:nil="true"/></Attribute></Attributes><ChildElements/><ElementName>texture</ElementName><required>false</required><FilenameAttribute z:Ref="i162"/><wFilename/></URDFElement></ChildElements><ElementName>material</ElementName><required>false</required><Color z:Ref="i159"/><NameAttribute z:Ref="i158"/><Texture z:Ref="i161"/></URDFElement></ChildElements><ElementName>visual</ElementName><required>false</required><Geometry z:Ref="i154"/><Material z:Ref="i157"/><Origin z:Ref="i151"/></URDFElement><URDFElement z:Id="i163" i:type="Collision"><Attributes/><ChildElements><URDFElement z:Id="i164" i:type="Origin"><Attributes><Attribute z:Id="i165"><AttributeType>xyz</AttributeType><IsRequired>true</IsRequired><Value i:type="a:ArrayOfdouble" xmlns:a="http://schemas.microsoft.com/2003/10/Serialization/Arrays"><a:double>0</a:double><a:double>0</a:double><a:double>0</a:double></Value></Attribute><Attribute z:Id="i166"><AttributeType>rpy</AttributeType><IsRequired>true</IsRequired><Value i:type="a:ArrayOfdouble" xmlns:a="http://schemas.microsoft.com/2003/10/Serialization/Arrays"><a:double>0</a:double><a:double>0</a:double><a:double>0</a:double></Value></Attribute></Attributes><ChildElements/><ElementName>origin</ElementName><required>false</required><RPYAttribute z:Ref="i166"/><XYZAttribute z:Ref="i165"/><isCustomized>false</isCustomized></URDFElement><URDFElement z:Id="i167" i:type="Geometry"><Attributes/><ChildElements><URDFElement z:Id="i168" i:type="Mesh"><Attributes><Attribute z:Id="i169"><AttributeType>filename</AttributeType><IsRequired>true</IsRequired><Value i:nil="true"/></Attribute></Attributes><ChildElements/><ElementName>mesh</ElementName><required>false</required><FilenameAttribute z:Ref="i169"/></URDFElement></ChildElements><ElementName>geometry</ElementName><required>true</required><Mesh z:Ref="i168"/></URDFElement></ChildElements><ElementName>collision</ElementName><required>false</required><Geometry z:Ref="i167"/><Origin z:Ref="i164"/></URDFElement><URDFElement z:Id="i170" i:type="Joint"><Attributes><Attribute z:Id="i171"><AttributeType>name</AttributeType><IsRequired>true</IsRequired><Value i:type="a:string" xmlns:a="http://www.w3.org/2001/XMLSchema">imu</Value></Attribute><Attribute z:Id="i172"><AttributeType>type</AttributeType><IsRequired>true</IsRequired><Value i:type="a:string" xmlns:a="http://www.w3.org/2001/XMLSchema">fixed</Value></Attribute></Attributes><ChildElements><URDFElement z:Id="i173" i:type="Origin"><Attributes><Attribute z:Id="i174"><AttributeType>xyz</AttributeType><IsRequired>true</IsRequired><Value i:type="a:ArrayOfdouble" xmlns:a="http://schemas.microsoft.com/2003/10/Serialization/Arrays"><a:double>0.12642893305504876</a:double><a:double>-0.10052307723426915</a:double><a:double>0.0330200000034927</a:double></Value></Attribute><Attribute z:Id="i175"><AttributeType>rpy</AttributeType><IsRequired>true</IsRequired><Value i:type="a:ArrayOfdouble" xmlns:a="http://schemas.microsoft.com/2003/10/Serialization/Arrays"><a:double>0</a:double><a:double>0</a:double><a:double>0</a:double></Value></Attribute></Attributes><ChildElements/><ElementName>origin</ElementName><required>false</required><RPYAttribute z:Ref="i175"/><XYZAttribute z:Ref="i174"/><isCustomized>false</isCustomized></URDFElement><URDFElement z:Id="i176" i:type="ParentLink"><Attributes><Attribute z:Id="i177"><AttributeType>link</AttributeType><IsRequired>true</IsRequired><Value i:type="a:string" xmlns:a="http://www.w3.org/2001/XMLSchema">base_link</Value></Attribute></Attributes><ChildElements/><ElementName>parent</ElementName><required>true</required><NameAttribute z:Ref="i177"/></URDFElement><URDFElement z:Id="i178" i:type="ChildLink"><Attributes><Attribute z:Id="i179"><AttributeType>link</AttributeType><IsRequired>true</IsRequired><Value i:type="a:string" xmlns:a="http://www.w3.org/2001/XMLSchema">imu_link</Value></Attribute></Attributes><ChildElements/><ElementName>child</ElementName><required>true</required><NameAttribute z:Ref="i179"/></URDFElement><URDFElement z:Id="i180" i:type="Axis"><Attributes><Attribute z:Id="i181"><AttributeType>xyz</AttributeType><IsRequired>true</IsRequired><Value i:type="a:ArrayOfdouble" xmlns:a="http://schemas.microsoft.com/2003/10/Serialization/Arrays"><a:double>0</a:double><a:double>0</a:double><a:double>0</a:double></Value></Attribute></Attributes><ChildElements/><ElementName>axis</ElementName><required>false</required><XYZAttribute z:Ref="i181"/></URDFElement><URDFElement z:Id="i182" i:type="Limit"><Attributes><Attribute z:Id="i183"><AttributeType>lower</AttributeType><IsRequired>false</IsRequired><Value i:nil="true"/></Attribute><Attribute z:Id="i184"><AttributeType>upper</AttributeType><IsRequired>false</IsRequired><Value i:nil="true"/></Attribute><Attribute z:Id="i185"><AttributeType>effort</AttributeType><IsRequired>true</IsRequired><Value i:nil="true"/></Attribute><Attribute z:Id="i186"><AttributeType>velocity</AttributeType><IsRequired>true</IsRequired><Value i:nil="true"/></Attribute></Attributes><ChildElements/><ElementName>limit</ElementName><required>false</required><EffortAttribute z:Ref="i185"/><LowerAttribute z:Ref="i183"/><UpperAttribute z:Ref="i184"/><VelocityAttribute z:Ref="i186"/></URDFElement><URDFElement z:Id="i187" i:type="Calibration"><Attributes><Attribute z:Id="i188"><AttributeType>rising</AttributeType><IsRequired>false</IsRequired><Value i:nil="true"/></Attribute><Attribute z:Id="i189"><AttributeType>falling</AttributeType><IsRequired>false</IsRequired><Value i:nil="true"/></Attribute></Attributes><ChildElements/><ElementName>calibration</ElementName><required>false</required><FallingAttribute z:Ref="i189"/><RisingAttribute z:Ref="i188"/></URDFElement><URDFElement z:Id="i190" i:type="Dynamics"><Attributes><Attribute z:Id="i191"><AttributeType>damping</AttributeType><IsRequired>false</IsRequired><Value i:nil="true"/></Attribute><Attribute z:Id="i192"><AttributeType>friction</AttributeType><IsRequired>false</IsRequired><Value i:nil="true"/></Attribute></Attributes><ChildElements/><ElementName>dynamics</ElementName><required>false</required><DampingAttribute z:Ref="i191"/><FrictionAttribute z:Ref="i192"/></URDFElement><URDFElement z:Id="i193" i:type="SafetyController"><Attributes><Attribute z:Id="i194"><AttributeType>soft_upper_limit</AttributeType><IsRequired>false</IsRequired><Value i:nil="true"/></Attribute><Attribute z:Id="i195"><AttributeType>soft_lower_limit</AttributeType><IsRequired>false</IsRequired><Value i:nil="true"/></Attribute><Attribute z:Id="i196"><AttributeType>k_position</AttributeType><IsRequired>false</IsRequired><Value i:nil="true"/></Attribute><Attribute z:Id="i197"><AttributeType>k_velocity</AttributeType><IsRequired>true</IsRequired><Value i:nil="true"/></Attribute></Attributes><ChildElements/><ElementName>safety_controller</ElementName><required>false</required><KPositionAttribute z:Ref="i196"/><KVelocityAttribute z:Ref="i197"/><SoftLowerAttribute z:Ref="i195"/><SoftUpperAttribute z:Ref="i194"/></URDFElement><URDFElement z:Id="i198" i:type="Mimic"><Attributes><Attribute z:Id="i199"><AttributeType>joint</AttributeType><IsRequired>true</IsRequired><Value i:nil="true"/></Attribute><Attribute z:Id="i200"><AttributeType>multiplier</AttributeType><IsRequired>false</IsRequired><Value i:nil="true"/></Attribute><Attribute z:Id="i201"><AttributeType>offset</AttributeType><IsRequired>false</IsRequired><Value i:nil="true"/></Attribute></Attributes><ChildElements/><ElementName>mimic</ElementName><required>false</required><JointNameAttribute z:Ref="i199"/><MultiplierAttribute z:Ref="i200"/><OffsetAttribute z:Ref="i201"/></URDFElement></ChildElements><ElementName>joint</ElementName><required>false</required><Axis z:Ref="i180"/><AxisName>Axis_imu</AxisName><Calibration z:Ref="i187"/><Child z:Ref="i178"/><CoordinateSystemName>Coordinate System3</CoordinateSystemName><Dynamics z:Ref="i190"/><Limit z:Ref="i182"/><Mimic z:Ref="i198"/><NameAttribute z:Ref="i171"/><Origin z:Ref="i173"/><Parent z:Ref="i176"/><Safety z:Ref="i193"/><TypeAttribute z:Ref="i172"/></URDFElement></ChildElements><ElementName>link</ElementName><required>true</required><Children/><Collision z:Ref="i163"/><Inertial z:Ref="i137"/><Joint z:Ref="i170"/><NameAttribute z:Ref="i136"/><Parent z:Ref="i1"/><STLQualityFine>false</STLQualityFine><SWComponentPIDs xmlns:a="http://schemas.microsoft.com/2003/10/Serialization/Arrays"><a:base64Binary>aEIAAAUAAAD//v8eTQBQAFUANgAwADUAMAAtADEAQAByAG8AYgBvAFYAMwAoAHUAcgBkAGYAXwBjAGgAYQBuAGcAZQBkACkABAAAABAAAAABAAAAAQAAAPYEAAA=</a:base64Binary></SWComponentPIDs><SWMainComponentPID i:nil="true"/><Visual z:Ref="i150"/><isFixedFrame>false</isFixedFrame><isIncomplete>false</isIncomplete></Link><Link z:Id="i202"><Attributes><Attribute z:Id="i203"><AttributeType>name</AttributeType><IsRequired>true</IsRequired><Value i:type="a:string" xmlns:a="http://www.w3.org/2001/XMLSchema">right_wheel_link</Value></Attribute></Attributes><ChildElements><URDFElement z:Id="i204" i:type="Inertial"><Attributes/><ChildElements><URDFElement z:Id="i205" i:type="Origin"><Attributes><Attribute z:Id="i206"><AttributeType>xyz</AttributeType><IsRequired>true</IsRequired><Value i:type="a:ArrayOfdouble" xmlns:a="http://schemas.microsoft.com/2003/10/Serialization/Arrays"><a:double>0.00024358782977840221</a:double><a:double>-0.029500099045564304</a:double><a:double>8.011608043645424E-11</a:double></Value></Attribute><Attribute z:Id="i207"><AttributeType>rpy</AttributeType><IsRequired>true</IsRequired><Value i:type="a:ArrayOfdouble" xmlns:a="http://schemas.microsoft.com/2003/10/Serialization/Arrays"><a:double>0</a:double><a:double>0</a:double><a:double>0</a:double></Value></Attribute></Attributes><ChildElements/><ElementName>origin</ElementName><required>false</required><RPYAttribute z:Ref="i207"/><XYZAttribute z:Ref="i206"/><isCustomized>false</isCustomized></URDFElement><URDFElement z:Id="i208" i:type="Mass"><Attributes><Attribute z:Id="i209"><AttributeType>value</AttributeType><IsRequired>true</IsRequired><Value i:type="a:double" xmlns:a="http://www.w3.org/2001/XMLSchema">0.98170665090244014</Value></Attribute></Attributes><ChildElements/><ElementName>mass</ElementName><required>false</required><ValueAttribute z:Ref="i209"/></URDFElement><URDFElement z:Id="i210" i:type="Inertia"><Attributes><Attribute z:Id="i211"><AttributeType>ixx</AttributeType><IsRequired>true</IsRequired><Value i:type="a:double" xmlns:a="http://www.w3.org/2001/XMLSchema">0.0016529885173842311</Value></Attribute><Attribute z:Id="i212"><AttributeType>ixy</AttributeType><IsRequired>true</IsRequired><Value i:type="a:double" xmlns:a="http://www.w3.org/2001/XMLSchema">-1.0124915182156959E-05</Value></Attribute><Attribute z:Id="i213"><AttributeType>ixz</AttributeType><IsRequired>true</IsRequired><Value i:type="a:double" xmlns:a="http://www.w3.org/2001/XMLSchema">1.3027076084653395E-08</Value></Attribute><Attribute z:Id="i214"><AttributeType>iyy</AttributeType><IsRequired>true</IsRequired><Value i:type="a:double" xmlns:a="http://www.w3.org/2001/XMLSchema">0.0028786195096230549</Value></Attribute><Attribute z:Id="i215"><AttributeType>iyz</AttributeType><IsRequired>true</IsRequired><Value i:type="a:double" xmlns:a="http://www.w3.org/2001/XMLSchema">5.3288362587958524E-10</Value></Attribute><Attribute z:Id="i216"><AttributeType>izz</AttributeType><IsRequired>true</IsRequired><Value i:type="a:double" xmlns:a="http://www.w3.org/2001/XMLSchema">0.00165292257365774</Value></Attribute></Attributes><ChildElements/><ElementName>inertia</ElementName><required>false</required><IxxAttribute z:Ref="i211"/><IxyAttribute z:Ref="i212"/><IxzAttribute z:Ref="i213"/><IyyAttribute z:Ref="i214"/><IyzAttribute z:Ref="i215"/><IzzAttribute z:Ref="i216"/></URDFElement></ChildElements><ElementName>inertial</ElementName><required>false</required><Inertia z:Ref="i210"/><Mass z:Ref="i208"/><Origin z:Ref="i205"/></URDFElement><URDFElement z:Id="i217" i:type="Visual"><Attributes/><ChildElements><URDFElement z:Id="i218" i:type="Origin"><Attributes><Attribute z:Id="i219"><AttributeType>xyz</AttributeType><IsRequired>true</IsRequired><Value i:type="a:ArrayOfdouble" xmlns:a="http://schemas.microsoft.com/2003/10/Serialization/Arrays"><a:double>0</a:double><a:double>0</a:double><a:double>0</a:double></Value></Attribute><Attribute z:Id="i220"><AttributeType>rpy</AttributeType><IsRequired>true</IsRequired><Value i:type="a:ArrayOfdouble" xmlns:a="http://schemas.microsoft.com/2003/10/Serialization/Arrays"><a:double>0</a:double><a:double>0</a:double><a:double>0</a:double></Value></Attribute></Attributes><ChildElements/><ElementName>origin</ElementName><required>false</required><RPYAttribute z:Ref="i220"/><XYZAttribute z:Ref="i219"/><isCustomized>false</isCustomized></URDFElement><URDFElement z:Id="i221" i:type="Geometry"><Attributes/><ChildElements><URDFElement z:Id="i222" i:type="Mesh"><Attributes><Attribute z:Id="i223"><AttributeType>filename</AttributeType><IsRequired>true</IsRequired><Value i:nil="true"/></Attribute></Attributes><ChildElements/><ElementName>mesh</ElementName><required>false</required><FilenameAttribute z:Ref="i223"/></URDFElement></ChildElements><ElementName>geometry</ElementName><required>true</required><Mesh z:Ref="i222"/></URDFElement><URDFElement z:Id="i224" i:type="Material"><Attributes><Attribute z:Id="i225"><AttributeType>name</AttributeType><IsRequired>true</IsRequired><Value i:type="a:string" xmlns:a="http://www.w3.org/2001/XMLSchema"/></Attribute></Attributes><ChildElements><URDFElement z:Id="i226" i:type="Color"><Attributes><Attribute z:Id="i227"><AttributeType>rgba</AttributeType><IsRequired>true</IsRequired><Value i:type="a:ArrayOfdouble" xmlns:a="http://schemas.microsoft.com/2003/10/Serialization/Arrays"><a:double>0.2</a:double><a:double>0.2</a:double><a:double>0.2</a:double><a:double>1</a:double></Value></Attribute></Attributes><ChildElements/><ElementName>color</ElementName><required>false</required><RGBAAttribute z:Ref="i227"/></URDFElement><URDFElement z:Id="i228" i:type="Texture"><Attributes><Attribute z:Id="i229"><AttributeType>filename</AttributeType><IsRequired>true</IsRequired><Value i:nil="true"/></Attribute></Attributes><ChildElements/><ElementName>texture</ElementName><required>false</required><FilenameAttribute z:Ref="i229"/><wFilename/></URDFElement></ChildElements><ElementName>material</ElementName><required>false</required><Color z:Ref="i226"/><NameAttribute z:Ref="i225"/><Texture z:Ref="i228"/></URDFElement></ChildElements><ElementName>visual</ElementName><required>false</required><Geometry z:Ref="i221"/><Material z:Ref="i224"/><Origin z:Ref="i218"/></URDFElement><URDFElement z:Id="i230" i:type="Collision"><Attributes/><ChildElements><URDFElement z:Id="i231" i:type="Origin"><Attributes><Attribute z:Id="i232"><AttributeType>xyz</AttributeType><IsRequired>true</IsRequired><Value i:type="a:ArrayOfdouble" xmlns:a="http://schemas.microsoft.com/2003/10/Serialization/Arrays"><a:double>0</a:double><a:double>0</a:double><a:double>0</a:double></Value></Attribute><Attribute z:Id="i233"><AttributeType>rpy</AttributeType><IsRequired>true</IsRequired><Value i:type="a:ArrayOfdouble" xmlns:a="http://schemas.microsoft.com/2003/10/Serialization/Arrays"><a:double>0</a:double><a:double>0</a:double><a:double>0</a:double></Value></Attribute></Attributes><ChildElements/><ElementName>origin</ElementName><required>false</required><RPYAttribute z:Ref="i233"/><XYZAttribute z:Ref="i232"/><isCustomized>false</isCustomized></URDFElement><URDFElement z:Id="i234" i:type="Geometry"><Attributes/><ChildElements><URDFElement z:Id="i235" i:type="Mesh"><Attributes><Attribute z:Id="i236"><AttributeType>filename</AttributeType><IsRequired>true</IsRequired><Value i:nil="true"/></Attribute></Attributes><ChildElements/><ElementName>mesh</ElementName><required>false</required><FilenameAttribute z:Ref="i236"/></URDFElement></ChildElements><ElementName>geometry</ElementName><required>true</required><Mesh z:Ref="i235"/></URDFElement></ChildElements><ElementName>collision</ElementName><required>false</required><Geometry z:Ref="i234"/><Origin z:Ref="i231"/></URDFElement><URDFElement z:Id="i237" i:type="Joint"><Attributes><Attribute z:Id="i238"><AttributeType>name</AttributeType><IsRequired>true</IsRequired><Value i:type="a:string" xmlns:a="http://www.w3.org/2001/XMLSchema">right_wheel</Value></Attribute><Attribute z:Id="i239"><AttributeType>type</AttributeType><IsRequired>true</IsRequired><Value i:type="a:string" xmlns:a="http://www.w3.org/2001/XMLSchema">continuous</Value></Attribute></Attributes><ChildElements><URDFElement z:Id="i240" i:type="Origin"><Attributes><Attribute z:Id="i241"><AttributeType>xyz</AttributeType><IsRequired>true</IsRequired><Value i:type="a:ArrayOfdouble" xmlns:a="http://schemas.microsoft.com/2003/10/Serialization/Arrays"><a:double>0.0015756</a:double><a:double>-0.17502</a:double><a:double>0.015</a:double></Value></Attribute><Attribute z:Id="i242"><AttributeType>rpy</AttributeType><IsRequired>true</IsRequired><Value i:type="a:ArrayOfdouble" xmlns:a="http://schemas.microsoft.com/2003/10/Serialization/Arrays"><a:double>0</a:double><a:double>0</a:double><a:double>0</a:double></Value></Attribute></Attributes><ChildElements/><ElementName>origin</ElementName><required>false</required><RPYAttribute z:Ref="i242"/><XYZAttribute z:Ref="i241"/><isCustomized>false</isCustomized></URDFElement><URDFElement z:Id="i243" i:type="ParentLink"><Attributes><Attribute z:Id="i244"><AttributeType>link</AttributeType><IsRequired>true</IsRequired><Value i:type="a:string" xmlns:a="http://www.w3.org/2001/XMLSchema">base_link</Value></Attribute></Attributes><ChildElements/><ElementName>parent</ElementName><required>true</required><NameAttribute z:Ref="i244"/></URDFElement><URDFElement z:Id="i245" i:type="ChildLink"><Attributes><Attribute z:Id="i246"><AttributeType>link</AttributeType><IsRequired>true</IsRequired><Value i:type="a:string" xmlns:a="http://www.w3.org/2001/XMLSchema">right_wheel_link</Value></Attribute></Attributes><ChildElements/><ElementName>child</ElementName><required>true</required><NameAttribute z:Ref="i246"/></URDFElement><URDFElement z:Id="i247" i:type="Axis"><Attributes><Attribute z:Id="i248"><AttributeType>xyz</AttributeType><IsRequired>true</IsRequired><Value i:type="a:ArrayOfdouble" xmlns:a="http://schemas.microsoft.com/2003/10/Serialization/Arrays"><a:double>0</a:double><a:double>1</a:double><a:double>0</a:double></Value></Attribute></Attributes><ChildElements/><ElementName>axis</ElementName><required>false</required><XYZAttribute z:Ref="i248"/></URDFElement><URDFElement z:Id="i249" i:type="Limit"><Attributes><Attribute z:Id="i250"><AttributeType>lower</AttributeType><IsRequired>false</IsRequired><Value i:nil="true"/></Attribute><Attribute z:Id="i251"><AttributeType>upper</AttributeType><IsRequired>false</IsRequired><Value i:nil="true"/></Attribute><Attribute z:Id="i252"><AttributeType>effort</AttributeType><IsRequired>true</IsRequired><Value i:nil="true"/></Attribute><Attribute z:Id="i253"><AttributeType>velocity</AttributeType><IsRequired>true</IsRequired><Value i:nil="true"/></Attribute></Attributes><ChildElements/><ElementName>limit</ElementName><required>false</required><EffortAttribute z:Ref="i252"/><LowerAttribute z:Ref="i250"/><UpperAttribute z:Ref="i251"/><VelocityAttribute z:Ref="i253"/></URDFElement><URDFElement z:Id="i254" i:type="Calibration"><Attributes><Attribute z:Id="i255"><AttributeType>rising</AttributeType><IsRequired>false</IsRequired><Value i:nil="true"/></Attribute><Attribute z:Id="i256"><AttributeType>falling</AttributeType><IsRequired>false</IsRequired><Value i:nil="true"/></Attribute></Attributes><ChildElements/><ElementName>calibration</ElementName><required>false</required><FallingAttribute z:Ref="i256"/><RisingAttribute z:Ref="i255"/></URDFElement><URDFElement z:Id="i257" i:type="Dynamics"><Attributes><Attribute z:Id="i258"><AttributeType>damping</AttributeType><IsRequired>false</IsRequired><Value i:nil="true"/></Attribute><Attribute z:Id="i259"><AttributeType>friction</AttributeType><IsRequired>false</IsRequired><Value i:nil="true"/></Attribute></Attributes><ChildElements/><ElementName>dynamics</ElementName><required>false</required><DampingAttribute z:Ref="i258"/><FrictionAttribute z:Ref="i259"/></URDFElement><URDFElement z:Id="i260" i:type="SafetyController"><Attributes><Attribute z:Id="i261"><AttributeType>soft_upper_limit</AttributeType><IsRequired>false</IsRequired><Value i:nil="true"/></Attribute><Attribute z:Id="i262"><AttributeType>soft_lower_limit</AttributeType><IsRequired>false</IsRequired><Value i:nil="true"/></Attribute><Attribute z:Id="i263"><AttributeType>k_position</AttributeType><IsRequired>false</IsRequired><Value i:nil="true"/></Attribute><Attribute z:Id="i264"><AttributeType>k_velocity</AttributeType><IsRequired>true</IsRequired><Value i:nil="true"/></Attribute></Attributes><ChildElements/><ElementName>safety_controller</ElementName><required>false</required><KPositionAttribute z:Ref="i263"/><KVelocityAttribute z:Ref="i264"/><SoftLowerAttribute z:Ref="i262"/><SoftUpperAttribute z:Ref="i261"/></URDFElement><URDFElement z:Id="i265" i:type="Mimic"><Attributes><Attribute z:Id="i266"><AttributeType>joint</AttributeType><IsRequired>true</IsRequired><Value i:nil="true"/></Attribute><Attribute z:Id="i267"><AttributeType>multiplier</AttributeType><IsRequired>false</IsRequired><Value i:nil="true"/></Attribute><Attribute z:Id="i268"><AttributeType>offset</AttributeType><IsRequired>false</IsRequired><Value i:nil="true"/></Attribute></Attributes><ChildElements/><ElementName>mimic</ElementName><required>false</required><JointNameAttribute z:Ref="i266"/><MultiplierAttribute z:Ref="i267"/><OffsetAttribute z:Ref="i268"/></URDFElement></ChildElements><ElementName>joint</ElementName><required>false</required><Axis z:Ref="i247"/><AxisName>Axis2</AxisName><Calibration z:Ref="i254"/><Child z:Ref="i245"/><CoordinateSystemName>Coordinate System6</CoordinateSystemName><Dynamics z:Ref="i257"/><Limit z:Ref="i249"/><Mimic z:Ref="i265"/><NameAttribute z:Ref="i238"/><Origin z:Ref="i240"/><Parent z:Ref="i243"/><Safety z:Ref="i260"/><TypeAttribute z:Ref="i239"/></URDFElement></ChildElements><ElementName>link</ElementName><required>true</required><Children/><Collision z:Ref="i230"/><Inertial z:Ref="i204"/><Joint z:Ref="i237"/><NameAttribute z:Ref="i203"/><Parent z:Ref="i1"/><STLQualityFine>false</STLQualityFine><SWComponentPIDs xmlns:a="http://schemas.microsoft.com/2003/10/Serialization/Arrays"><a:base64Binary>aEIAAAUAAAD//v8gbQBvAHQAbwByAGUAZABpAHQALQA0AEAAcgBvAGIAbwBWADMAKAB1AHIAZABmAF8AYwBoAGEAbgBnAGUAZAApAAQAAAAQAAAAAQAAAAEAAADOBQAA</a:base64Binary></SWComponentPIDs><SWMainComponentPID i:nil="true"/><Visual z:Ref="i217"/><isFixedFrame>false</isFixedFrame><isIncomplete>false</isIncomplete></Link><Link z:Id="i269"><Attributes><Attribute z:Id="i270"><AttributeType>name</AttributeType><IsRequired>true</IsRequired><Value i:type="a:string" xmlns:a="http://www.w3.org/2001/XMLSchema">left_wheel_link</Value></Attribute></Attributes><ChildElements><URDFElement z:Id="i271" i:type="Inertial"><Attributes/><ChildElements><URDFElement z:Id="i272" i:type="Origin"><Attributes><Attribute z:Id="i273"><AttributeType>xyz</AttributeType><IsRequired>true</IsRequired><Value i:type="a:ArrayOfdouble" xmlns:a="http://schemas.microsoft.com/2003/10/Serialization/Arrays"><a:double>-0.00024358782977862425</a:double><a:double>0.029500099045563832</a:double><a:double>8.0114970213429615E-11</a:double></Value></Attribute><Attribute z:Id="i274"><AttributeType>rpy</AttributeType><IsRequired>true</IsRequired><Value i:type="a:ArrayOfdouble" xmlns:a="http://schemas.microsoft.com/2003/10/Serialization/Arrays"><a:double>0</a:double><a:double>0</a:double><a:double>0</a:double></Value></Attribute></Attributes><ChildElements/><ElementName>origin</ElementName><required>false</required><RPYAttribute z:Ref="i274"/><XYZAttribute z:Ref="i273"/><isCustomized>false</isCustomized></URDFElement><URDFElement z:Id="i275" i:type="Mass"><Attributes><Attribute z:Id="i276"><AttributeType>value</AttributeType><IsRequired>true</IsRequired><Value i:type="a:double" xmlns:a="http://www.w3.org/2001/XMLSchema">0.98170665090244325</Value></Attribute></Attributes><ChildElements/><ElementName>mass</ElementName><required>false</required><ValueAttribute z:Ref="i276"/></URDFElement><URDFElement z:Id="i277" i:type="Inertia"><Attributes><Attribute z:Id="i278"><AttributeType>ixx</AttributeType><IsRequired>true</IsRequired><Value i:type="a:double" xmlns:a="http://www.w3.org/2001/XMLSchema">0.0016529912083484673</Value></Attribute><Attribute z:Id="i279"><AttributeType>ixy</AttributeType><IsRequired>true</IsRequired><Value i:type="a:double" xmlns:a="http://www.w3.org/2001/XMLSchema">-1.01249109871006E-05</Value></Attribute><Attribute z:Id="i280"><AttributeType>ixz</AttributeType><IsRequired>true</IsRequired><Value i:type="a:double" xmlns:a="http://www.w3.org/2001/XMLSchema">-1.4498411509309047E-08</Value></Attribute><Attribute z:Id="i281"><AttributeType>iyy</AttributeType><IsRequired>true</IsRequired><Value i:type="a:double" xmlns:a="http://www.w3.org/2001/XMLSchema">0.0028786195090139259</Value></Attribute><Attribute z:Id="i282"><AttributeType>iyz</AttributeType><IsRequired>true</IsRequired><Value i:type="a:double" xmlns:a="http://www.w3.org/2001/XMLSchema">7.2500421719434482E-11</Value></Attribute><Attribute z:Id="i283"><AttributeType>izz</AttributeType><IsRequired>true</IsRequired><Value i:type="a:double" xmlns:a="http://www.w3.org/2001/XMLSchema">0.0016529198823447622</Value></Attribute></Attributes><ChildElements/><ElementName>inertia</ElementName><required>false</required><IxxAttribute z:Ref="i278"/><IxyAttribute z:Ref="i279"/><IxzAttribute z:Ref="i280"/><IyyAttribute z:Ref="i281"/><IyzAttribute z:Ref="i282"/><IzzAttribute z:Ref="i283"/></URDFElement></ChildElements><ElementName>inertial</ElementName><required>false</required><Inertia z:Ref="i277"/><Mass z:Ref="i275"/><Origin z:Ref="i272"/></URDFElement><URDFElement z:Id="i284" i:type="Visual"><Attributes/><ChildElements><URDFElement z:Id="i285" i:type="Origin"><Attributes><Attribute z:Id="i286"><AttributeType>xyz</AttributeType><IsRequired>true</IsRequired><Value i:type="a:ArrayOfdouble" xmlns:a="http://schemas.microsoft.com/2003/10/Serialization/Arrays"><a:double>0</a:double><a:double>0</a:double><a:double>0</a:double></Value></Attribute><Attribute z:Id="i287"><AttributeType>rpy</AttributeType><IsRequired>true</IsRequired><Value i:type="a:ArrayOfdouble" xmlns:a="http://schemas.microsoft.com/2003/10/Serialization/Arrays"><a:double>0</a:double><a:double>0</a:double><a:double>0</a:double></Value></Attribute></Attributes><ChildElements/><ElementName>origin</ElementName><required>false</required><RPYAttribute z:Ref="i287"/><XYZAttribute z:Ref="i286"/><isCustomized>false</isCustomized></URDFElement><URDFElement z:Id="i288" i:type="Geometry"><Attributes/><ChildElements><URDFElement z:Id="i289" i:type="Mesh"><Attributes><Attribute z:Id="i290"><AttributeType>filename</AttributeType><IsRequired>true</IsRequired><Value i:nil="true"/></Attribute></Attributes><ChildElements/><ElementName>mesh</ElementName><required>false</required><FilenameAttribute z:Ref="i290"/></URDFElement></ChildElements><ElementName>geometry</ElementName><required>true</required><Mesh z:Ref="i289"/></URDFElement><URDFElement z:Id="i291" i:type="Material"><Attributes><Attribute z:Id="i292"><AttributeType>name</AttributeType><IsRequired>true</IsRequired><Value i:type="a:string" xmlns:a="http://www.w3.org/2001/XMLSchema"/></Attribute></Attributes><ChildElements><URDFElement z:Id="i293" i:type="Color"><Attributes><Attribute z:Id="i294"><AttributeType>rgba</AttributeType><IsRequired>true</IsRequired><Value i:type="a:ArrayOfdouble" xmlns:a="http://schemas.microsoft.com/2003/10/Serialization/Arrays"><a:double>0.2</a:double><a:double>0.2</a:double><a:double>0.2</a:double><a:double>1</a:double></Value></Attribute></Attributes><ChildElements/><ElementName>color</ElementName><required>false</required><RGBAAttribute z:Ref="i294"/></URDFElement><URDFElement z:Id="i295" i:type="Texture"><Attributes><Attribute z:Id="i296"><AttributeType>filename</AttributeType><IsRequired>true</IsRequired><Value i:nil="true"/></Attribute></Attributes><ChildElements/><ElementName>texture</ElementName><required>false</required><FilenameAttribute z:Ref="i296"/><wFilename/></URDFElement></ChildElements><ElementName>material</ElementName><required>false</required><Color z:Ref="i293"/><NameAttribute z:Ref="i292"/><Texture z:Ref="i295"/></URDFElement></ChildElements><ElementName>visual</ElementName><required>false</required><Geometry z:Ref="i288"/><Material z:Ref="i291"/><Origin z:Ref="i285"/></URDFElement><URDFElement z:Id="i297" i:type="Collision"><Attributes/><ChildElements><URDFElement z:Id="i298" i:type="Origin"><Attributes><Attribute z:Id="i299"><AttributeType>xyz</AttributeType><IsRequired>true</IsRequired><Value i:type="a:ArrayOfdouble" xmlns:a="http://schemas.microsoft.com/2003/10/Serialization/Arrays"><a:double>0</a:double><a:double>0</a:double><a:double>0</a:double></Value></Attribute><Attribute z:Id="i300"><AttributeType>rpy</AttributeType><IsRequired>true</IsRequired><Value i:type="a:ArrayOfdouble" xmlns:a="http://schemas.microsoft.com/2003/10/Serialization/Arrays"><a:double>0</a:double><a:double>0</a:double><a:double>0</a:double></Value></Attribute></Attributes><ChildElements/><ElementName>origin</ElementName><required>false</required><RPYAttribute z:Ref="i300"/><XYZAttribute z:Ref="i299"/><isCustomized>false</isCustomized></URDFElement><URDFElement z:Id="i301" i:type="Geometry"><Attributes/><ChildElements><URDFElement z:Id="i302" i:type="Mesh"><Attributes><Attribute z:Id="i303"><AttributeType>filename</AttributeType><IsRequired>true</IsRequired><Value i:nil="true"/></Attribute></Attributes><ChildElements/><ElementName>mesh</ElementName><required>false</required><FilenameAttribute z:Ref="i303"/></URDFElement></ChildElements><ElementName>geometry</ElementName><required>true</required><Mesh z:Ref="i302"/></URDFElement></ChildElements><ElementName>collision</ElementName><required>false</required><Geometry z:Ref="i301"/><Origin z:Ref="i298"/></URDFElement><URDFElement z:Id="i304" i:type="Joint"><Attributes><Attribute z:Id="i305"><AttributeType>name</AttributeType><IsRequired>true</IsRequired><Value i:type="a:string" xmlns:a="http://www.w3.org/2001/XMLSchema">left_wheel</Value></Attribute><Attribute z:Id="i306"><AttributeType>type</AttributeType><IsRequired>true</IsRequired><Value i:type="a:string" xmlns:a="http://www.w3.org/2001/XMLSchema">continuous</Value></Attribute></Attributes><ChildElements><URDFElement z:Id="i307" i:type="Origin"><Attributes><Attribute z:Id="i308"><AttributeType>xyz</AttributeType><IsRequired>true</IsRequired><Value i:type="a:ArrayOfdouble" xmlns:a="http://schemas.microsoft.com/2003/10/Serialization/Arrays"><a:double>-0.0013143</a:double><a:double>0.17497</a:double><a:double>0.015</a:double></Value></Attribute><Attribute z:Id="i309"><AttributeType>rpy</AttributeType><IsRequired>true</IsRequired><Value i:type="a:ArrayOfdouble" xmlns:a="http://schemas.microsoft.com/2003/10/Serialization/Arrays"><a:double>0</a:double><a:double>0</a:double><a:double>0</a:double></Value></Attribute></Attributes><ChildElements/><ElementName>origin</ElementName><required>false</required><RPYAttribute z:Ref="i309"/><XYZAttribute z:Ref="i308"/><isCustomized>false</isCustomized></URDFElement><URDFElement z:Id="i310" i:type="ParentLink"><Attributes><Attribute z:Id="i311"><AttributeType>link</AttributeType><IsRequired>true</IsRequired><Value i:type="a:string" xmlns:a="http://www.w3.org/2001/XMLSchema">base_link</Value></Attribute></Attributes><ChildElements/><ElementName>parent</ElementName><required>true</required><NameAttribute z:Ref="i311"/></URDFElement><URDFElement z:Id="i312" i:type="ChildLink"><Attributes><Attribute z:Id="i313"><AttributeType>link</AttributeType><IsRequired>true</IsRequired><Value i:type="a:string" xmlns:a="http://www.w3.org/2001/XMLSchema">left_wheel_link</Value></Attribute></Attributes><ChildElements/><ElementName>child</ElementName><required>true</required><NameAttribute z:Ref="i313"/></URDFElement><URDFElement z:Id="i314" i:type="Axis"><Attributes><Attribute z:Id="i315"><AttributeType>xyz</AttributeType><IsRequired>true</IsRequired><Value i:type="a:ArrayOfdouble" xmlns:a="http://schemas.microsoft.com/2003/10/Serialization/Arrays"><a:double>0</a:double><a:double>1</a:double><a:double>0</a:double></Value></Attribute></Attributes><ChildElements/><ElementName>axis</ElementName><required>false</required><XYZAttribute z:Ref="i315"/></URDFElement><URDFElement z:Id="i316" i:type="Limit"><Attributes><Attribute z:Id="i317"><AttributeType>lower</AttributeType><IsRequired>false</IsRequired><Value i:nil="true"/></Attribute><Attribute z:Id="i318"><AttributeType>upper</AttributeType><IsRequired>false</IsRequired><Value i:nil="true"/></Attribute><Attribute z:Id="i319"><AttributeType>effort</AttributeType><IsRequired>true</IsRequired><Value i:nil="true"/></Attribute><Attribute z:Id="i320"><AttributeType>velocity</AttributeType><IsRequired>true</IsRequired><Value i:nil="true"/></Attribute></Attributes><ChildElements/><ElementName>limit</ElementName><required>false</required><EffortAttribute z:Ref="i319"/><LowerAttribute z:Ref="i317"/><UpperAttribute z:Ref="i318"/><VelocityAttribute z:Ref="i320"/></URDFElement><URDFElement z:Id="i321" i:type="Calibration"><Attributes><Attribute z:Id="i322"><AttributeType>rising</AttributeType><IsRequired>false</IsRequired><Value i:nil="true"/></Attribute><Attribute z:Id="i323"><AttributeType>falling</AttributeType><IsRequired>false</IsRequired><Value i:nil="true"/></Attribute></Attributes><ChildElements/><ElementName>calibration</ElementName><required>false</required><FallingAttribute z:Ref="i323"/><RisingAttribute z:Ref="i322"/></URDFElement><URDFElement z:Id="i324" i:type="Dynamics"><Attributes><Attribute z:Id="i325"><AttributeType>damping</AttributeType><IsRequired>false</IsRequired><Value i:nil="true"/></Attribute><Attribute z:Id="i326"><AttributeType>friction</AttributeType><IsRequired>false</IsRequired><Value i:nil="true"/></Attribute></Attributes><ChildElements/><ElementName>dynamics</ElementName><required>false</required><DampingAttribute z:Ref="i325"/><FrictionAttribute z:Ref="i326"/></URDFElement><URDFElement z:Id="i327" i:type="SafetyController"><Attributes><Attribute z:Id="i328"><AttributeType>soft_upper_limit</AttributeType><IsRequired>false</IsRequired><Value i:nil="true"/></Attribute><Attribute z:Id="i329"><AttributeType>soft_lower_limit</AttributeType><IsRequired>false</IsRequired><Value i:nil="true"/></Attribute><Attribute z:Id="i330"><AttributeType>k_position</AttributeType><IsRequired>false</IsRequired><Value i:nil="true"/></Attribute><Attribute z:Id="i331"><AttributeType>k_velocity</AttributeType><IsRequired>true</IsRequired><Value i:nil="true"/></Attribute></Attributes><ChildElements/><ElementName>safety_controller</ElementName><required>false</required><KPositionAttribute z:Ref="i330"/><KVelocityAttribute z:Ref="i331"/><SoftLowerAttribute z:Ref="i329"/><SoftUpperAttribute z:Ref="i328"/></URDFElement><URDFElement z:Id="i332" i:type="Mimic"><Attributes><Attribute z:Id="i333"><AttributeType>joint</AttributeType><IsRequired>true</IsRequired><Value i:nil="true"/></Attribute><Attribute z:Id="i334"><AttributeType>multiplier</AttributeType><IsRequired>false</IsRequired><Value i:nil="true"/></Attribute><Attribute z:Id="i335"><AttributeType>offset</AttributeType><IsRequired>false</IsRequired><Value i:nil="true"/></Attribute></Attributes><ChildElements/><ElementName>mimic</ElementName><required>false</required><JointNameAttribute z:Ref="i333"/><MultiplierAttribute z:Ref="i334"/><OffsetAttribute z:Ref="i335"/></URDFElement></ChildElements><ElementName>joint</ElementName><required>false</required><Axis z:Ref="i314"/><AxisName>Axis3</AxisName><Calibration z:Ref="i321"/><Child z:Ref="i312"/><CoordinateSystemName>Coordinate System7</CoordinateSystemName><Dynamics z:Ref="i324"/><Limit z:Ref="i316"/><Mimic z:Ref="i332"/><NameAttribute z:Ref="i305"/><Origin z:Ref="i307"/><Parent z:Ref="i310"/><Safety z:Ref="i327"/><TypeAttribute z:Ref="i306"/></URDFElement></ChildElements><ElementName>link</ElementName><required>true</required><Children/><Collision z:Ref="i297"/><Inertial z:Ref="i271"/><Joint z:Ref="i304"/><NameAttribute z:Ref="i270"/><Parent z:Ref="i1"/><STLQualityFine>false</STLQualityFine><SWComponentPIDs xmlns:a="http://schemas.microsoft.com/2003/10/Serialization/Arrays"><a:base64Binary>aEIAAAUAAAD//v8gbQBvAHQAbwByAGUAZABpAHQALQAzAEAAcgBvAGIAbwBWADMAKAB1AHIAZABmAF8AYwBoAGEAbgBnAGUAZAApAAQAAAAQAAAAAQAAAAEAAADKAgAA</a:base64Binary></SWComponentPIDs><SWMainComponentPID i:nil="true"/><Visual z:Ref="i284"/><isFixedFrame>false</isFixedFrame><isIncomplete>false</isIncomplete></Link><Link z:Id="i336"><Attributes><Attribute z:Id="i337"><AttributeType>name</AttributeType><IsRequired>true</IsRequired><Value i:type="a:string" xmlns:a="http://www.w3.org/2001/XMLSchema">camera_link</Value></Attribute></Attributes><ChildElements><URDFElement z:Id="i338" i:type="Inertial"><Attributes/><ChildElements><URDFElement z:Id="i339" i:type="Origin"><Attributes><Attribute z:Id="i340"><AttributeType>xyz</AttributeType><IsRequired>true</IsRequired><Value i:type="a:ArrayOfdouble" xmlns:a="http://schemas.microsoft.com/2003/10/Serialization/Arrays"><a:double>-0.028697404385694125</a:double><a:double>-0.0031532314154305019</a:double><a:double>-0.0069642717036182411</a:double></Value></Attribute><Attribute z:Id="i341"><AttributeType>rpy</AttributeType><IsRequired>true</IsRequired><Value i:type="a:ArrayOfdouble" xmlns:a="http://schemas.microsoft.com/2003/10/Serialization/Arrays"><a:double>0</a:double><a:double>0</a:double><a:double>0</a:double></Value></Attribute></Attributes><ChildElements/><ElementName>origin</ElementName><required>false</required><RPYAttribute z:Ref="i341"/><XYZAttribute z:Ref="i340"/><isCustomized>false</isCustomized></URDFElement><URDFElement z:Id="i342" i:type="Mass"><Attributes><Attribute z:Id="i343"><AttributeType>value</AttributeType><IsRequired>true</IsRequired><Value i:type="a:double" xmlns:a="http://www.w3.org/2001/XMLSchema">0.64645488472217061</Value></Attribute></Attributes><ChildElements/><ElementName>mass</ElementName><required>false</required><ValueAttribute z:Ref="i343"/></URDFElement><URDFElement z:Id="i344" i:type="Inertia"><Attributes><Attribute z:Id="i345"><AttributeType>ixx</AttributeType><IsRequired>true</IsRequired><Value i:type="a:double" xmlns:a="http://www.w3.org/2001/XMLSchema">0.0028423827313704009</Value></Attribute><Attribute z:Id="i346"><AttributeType>ixy</AttributeType><IsRequired>true</IsRequired><Value i:type="a:double" xmlns:a="http://www.w3.org/2001/XMLSchema">1.8727304572263638E-05</Value></Attribute><Attribute z:Id="i347"><AttributeType>ixz</AttributeType><IsRequired>true</IsRequired><Value i:type="a:double" xmlns:a="http://www.w3.org/2001/XMLSchema">1.4807509093609173E-07</Value></Attribute><Attribute z:Id="i348"><AttributeType>iyy</AttributeType><IsRequired>true</IsRequired><Value i:type="a:double" xmlns:a="http://www.w3.org/2001/XMLSchema">0.00026375863424418571</Value></Attribute><Attribute z:Id="i349"><AttributeType>iyz</AttributeType><IsRequired>true</IsRequired><Value i:type="a:double" xmlns:a="http://www.w3.org/2001/XMLSchema">-3.33736128214421E-08</Value></Attribute><Attribute z:Id="i350"><AttributeType>izz</AttributeType><IsRequired>true</IsRequired><Value i:type="a:double" xmlns:a="http://www.w3.org/2001/XMLSchema">0.0029627405896730757</Value></Attribute></Attributes><ChildElements/><ElementName>inertia</ElementName><required>false</required><IxxAttribute z:Ref="i345"/><IxyAttribute z:Ref="i346"/><IxzAttribute z:Ref="i347"/><IyyAttribute z:Ref="i348"/><IyzAttribute z:Ref="i349"/><IzzAttribute z:Ref="i350"/></URDFElement></ChildElements><ElementName>inertial</ElementName><required>false</required><Inertia z:Ref="i344"/><Mass z:Ref="i342"/><Origin z:Ref="i339"/></URDFElement><URDFElement z:Id="i351" i:type="Visual"><Attributes/><ChildElements><URDFElement z:Id="i352" i:type="Origin"><Attributes><Attribute z:Id="i353"><AttributeType>xyz</AttributeType><IsRequired>true</IsRequired><Value i:type="a:ArrayOfdouble" xmlns:a="http://schemas.microsoft.com/2003/10/Serialization/Arrays"><a:double>0</a:double><a:double>0</a:double><a:double>0</a:double></Value></Attribute><Attribute z:Id="i354"><AttributeType>rpy</AttributeType><IsRequired>true</IsRequired><Value i:type="a:ArrayOfdouble" xmlns:a="http://schemas.microsoft.com/2003/10/Serialization/Arrays"><a:double>0</a:double><a:double>0</a:double><a:double>0</a:double></Value></Attribute></Attributes><ChildElements/><ElementName>origin</ElementName><required>false</required><RPYAttribute z:Ref="i354"/><XYZAttribute z:Ref="i353"/><isCustomized>false</isCustomized></URDFElement><URDFElement z:Id="i355" i:type="Geometry"><Attributes/><ChildElements><URDFElement z:Id="i356" i:type="Mesh"><Attributes><Attribute z:Id="i357"><AttributeType>filename</AttributeType><IsRequired>true</IsRequired><Value i:nil="true"/></Attribute></Attributes><ChildElements/><ElementName>mesh</ElementName><required>false</required><FilenameAttribute z:Ref="i357"/></URDFElement></ChildElements><ElementName>geometry</ElementName><required>true</required><Mesh z:Ref="i356"/></URDFElement><URDFElement z:Id="i358" i:type="Material"><Attributes><Attribute z:Id="i359"><AttributeType>name</AttributeType><IsRequired>true</IsRequired><Value i:type="a:string" xmlns:a="http://www.w3.org/2001/XMLSchema"/></Attribute></Attributes><ChildElements><URDFElement z:Id="i360" i:type="Color"><Attributes><Attribute z:Id="i361"><AttributeType>rgba</AttributeType><IsRequired>true</IsRequired><Value i:type="a:ArrayOfdouble" xmlns:a="http://schemas.microsoft.com/2003/10/Serialization/Arrays"><a:double>0.75294117647058822</a:double><a:double>0.75294117647058822</a:double><a:double>0.75294117647058822</a:double><a:double>1</a:double></Value></Attribute></Attributes><ChildElements/><ElementName>color</ElementName><required>false</required><RGBAAttribute z:Ref="i361"/></URDFElement><URDFElement z:Id="i362" i:type="Texture"><Attributes><Attribute z:Id="i363"><AttributeType>filename</AttributeType><IsRequired>true</IsRequired><Value i:nil="true"/></Attribute></Attributes><ChildElements/><ElementName>texture</ElementName><required>false</required><FilenameAttribute z:Ref="i363"/><wFilename/></URDFElement></ChildElements><ElementName>material</ElementName><required>false</required><Color z:Ref="i360"/><NameAttribute z:Ref="i359"/><Texture z:Ref="i362"/></URDFElement></ChildElements><ElementName>visual</ElementName><required>false</required><Geometry z:Ref="i355"/><Material z:Ref="i358"/><Origin z:Ref="i352"/></URDFElement><URDFElement z:Id="i364" i:type="Collision"><Attributes/><ChildElements><URDFElement z:Id="i365" i:type="Origin"><Attributes><Attribute z:Id="i366"><AttributeType>xyz</AttributeType><IsRequired>true</IsRequired><Value i:type="a:ArrayOfdouble" xmlns:a="http://schemas.microsoft.com/2003/10/Serialization/Arrays"><a:double>0</a:double><a:double>0</a:double><a:double>0</a:double></Value></Attribute><Attribute z:Id="i367"><AttributeType>rpy</AttributeType><IsRequired>true</IsRequired><Value i:type="a:ArrayOfdouble" xmlns:a="http://schemas.microsoft.com/2003/10/Serialization/Arrays"><a:double>0</a:double><a:double>0</a:double><a:double>0</a:double></Value></Attribute></Attributes><ChildElements/><ElementName>origin</ElementName><required>false</required><RPYAttribute z:Ref="i367"/><XYZAttribute z:Ref="i366"/><isCustomized>false</isCustomized></URDFElement><URDFElement z:Id="i368" i:type="Geometry"><Attributes/><ChildElements><URDFElement z:Id="i369" i:type="Mesh"><Attributes><Attribute z:Id="i370"><AttributeType>filename</AttributeType><IsRequired>true</IsRequired><Value i:nil="true"/></Attribute></Attributes><ChildElements/><ElementName>mesh</ElementName><required>false</required><FilenameAttribute z:Ref="i370"/></URDFElement></ChildElements><ElementName>geometry</ElementName><required>true</required><Mesh z:Ref="i369"/></URDFElement></ChildElements><ElementName>collision</ElementName><required>false</required><Geometry z:Ref="i368"/><Origin z:Ref="i365"/></URDFElement><URDFElement z:Id="i371" i:type="Joint"><Attributes><Attribute z:Id="i372"><AttributeType>name</AttributeType><IsRequired>true</IsRequired><Value i:type="a:string" xmlns:a="http://www.w3.org/2001/XMLSchema">cam</Value></Attribute><Attribute z:Id="i373"><AttributeType>type</AttributeType><IsRequired>true</IsRequired><Value i:type="a:string" xmlns:a="http://www.w3.org/2001/XMLSchema">fixed</Value></Attribute></Attributes><ChildElements><URDFElement z:Id="i374" i:type="Origin"><Attributes><Attribute z:Id="i375"><AttributeType>xyz</AttributeType><IsRequired>true</IsRequired><Value i:type="a:ArrayOfdouble" xmlns:a="http://schemas.microsoft.com/2003/10/Serialization/Arrays"><a:double>0.26495227055491077</a:double><a:double>0.0053582123173611662</a:double><a:double>0.28442516461510226</a:double></Value></Attribute><Attribute z:Id="i376"><AttributeType>rpy</AttributeType><IsRequired>true</IsRequired><Value i:type="a:ArrayOfdouble" xmlns:a="http://schemas.microsoft.com/2003/10/Serialization/Arrays"><a:double>0</a:double><a:double>0</a:double><a:double>0</a:double></Value></Attribute></Attributes><ChildElements/><ElementName>origin</ElementName><required>false</required><RPYAttribute z:Ref="i376"/><XYZAttribute z:Ref="i375"/><isCustomized>false</isCustomized></URDFElement><URDFElement z:Id="i377" i:type="ParentLink"><Attributes><Attribute z:Id="i378"><AttributeType>link</AttributeType><IsRequired>true</IsRequired><Value i:type="a:string" xmlns:a="http://www.w3.org/2001/XMLSchema">base_link</Value></Attribute></Attributes><ChildElements/><ElementName>parent</ElementName><required>true</required><NameAttribute z:Ref="i378"/></URDFElement><URDFElement z:Id="i379" i:type="ChildLink"><Attributes><Attribute z:Id="i380"><AttributeType>link</AttributeType><IsRequired>true</IsRequired><Value i:type="a:string" xmlns:a="http://www.w3.org/2001/XMLSchema">camera_link</Value></Attribute></Attributes><ChildElements/><ElementName>child</ElementName><required>true</required><NameAttribute z:Ref="i380"/></URDFElement><URDFElement z:Id="i381" i:type="Axis"><Attributes><Attribute z:Id="i382"><AttributeType>xyz</AttributeType><IsRequired>true</IsRequired><Value i:type="a:ArrayOfdouble" xmlns:a="http://schemas.microsoft.com/2003/10/Serialization/Arrays"><a:double>0</a:double><a:double>0</a:double><a:double>0</a:double></Value></Attribute></Attributes><ChildElements/><ElementName>axis</ElementName><required>false</required><XYZAttribute z:Ref="i382"/></URDFElement><URDFElement z:Id="i383" i:type="Limit"><Attributes><Attribute z:Id="i384"><AttributeType>lower</AttributeType><IsRequired>false</IsRequired><Value i:nil="true"/></Attribute><Attribute z:Id="i385"><AttributeType>upper</AttributeType><IsRequired>false</IsRequired><Value i:nil="true"/></Attribute><Attribute z:Id="i386"><AttributeType>effort</AttributeType><IsRequired>true</IsRequired><Value i:nil="true"/></Attribute><Attribute z:Id="i387"><AttributeType>velocity</AttributeType><IsRequired>true</IsRequired><Value i:nil="true"/></Attribute></Attributes><ChildElements/><ElementName>limit</ElementName><required>false</required><EffortAttribute z:Ref="i386"/><LowerAttribute z:Ref="i384"/><UpperAttribute z:Ref="i385"/><VelocityAttribute z:Ref="i387"/></URDFElement><URDFElement z:Id="i388" i:type="Calibration"><Attributes><Attribute z:Id="i389"><AttributeType>rising</AttributeType><IsRequired>false</IsRequired><Value i:nil="true"/></Attribute><Attribute z:Id="i390"><AttributeType>falling</AttributeType><IsRequired>false</IsRequired><Value i:nil="true"/></Attribute></Attributes><ChildElements/><ElementName>calibration</ElementName><required>false</required><FallingAttribute z:Ref="i390"/><RisingAttribute z:Ref="i389"/></URDFElement><URDFElement z:Id="i391" i:type="Dynamics"><Attributes><Attribute z:Id="i392"><AttributeType>damping</AttributeType><IsRequired>false</IsRequired><Value i:nil="true"/></Attribute><Attribute z:Id="i393"><AttributeType>friction</AttributeType><IsRequired>false</IsRequired><Value i:nil="true"/></Attribute></Attributes><ChildElements/><ElementName>dynamics</ElementName><required>false</required><DampingAttribute z:Ref="i392"/><FrictionAttribute z:Ref="i393"/></URDFElement><URDFElement z:Id="i394" i:type="SafetyController"><Attributes><Attribute z:Id="i395"><AttributeType>soft_upper_limit</AttributeType><IsRequired>false</IsRequired><Value i:nil="true"/></Attribute><Attribute z:Id="i396"><AttributeType>soft_lower_limit</AttributeType><IsRequired>false</IsRequired><Value i:nil="true"/></Attribute><Attribute z:Id="i397"><AttributeType>k_position</AttributeType><IsRequired>false</IsRequired><Value i:nil="true"/></Attribute><Attribute z:Id="i398"><AttributeType>k_velocity</AttributeType><IsRequired>true</IsRequired><Value i:nil="true"/></Attribute></Attributes><ChildElements/><ElementName>safety_controller</ElementName><required>false</required><KPositionAttribute z:Ref="i397"/><KVelocityAttribute z:Ref="i398"/><SoftLowerAttribute z:Ref="i396"/><SoftUpperAttribute z:Ref="i395"/></URDFElement><URDFElement z:Id="i399" i:type="Mimic"><Attributes><Attribute z:Id="i400"><AttributeType>joint</AttributeType><IsRequired>true</IsRequired><Value i:nil="true"/></Attribute><Attribute z:Id="i401"><AttributeType>multiplier</AttributeType><IsRequired>false</IsRequired><Value i:nil="true"/></Attribute><Attribute z:Id="i402"><AttributeType>offset</AttributeType><IsRequired>false</IsRequired><Value i:nil="true"/></Attribute></Attributes><ChildElements/><ElementName>mimic</ElementName><required>false</required><JointNameAttribute z:Ref="i400"/><MultiplierAttribute z:Ref="i401"/><OffsetAttribute z:Ref="i402"/></URDFElement></ChildElements><ElementName>joint</ElementName><required>false</required><Axis z:Ref="i381"/><AxisName>Axis_cam</AxisName><Calibration z:Ref="i388"/><Child z:Ref="i379"/><CoordinateSystemName>Coordinate System8</CoordinateSystemName><Dynamics z:Ref="i391"/><Limit z:Ref="i383"/><Mimic z:Ref="i399"/><NameAttribute z:Ref="i372"/><Origin z:Ref="i374"/><Parent z:Ref="i377"/><Safety z:Ref="i394"/><TypeAttribute z:Ref="i373"/></URDFElement></ChildElements><ElementName>link</ElementName><required>true</required><Children/><Collision z:Ref="i364"/><Inertial z:Ref="i338"/><Joint z:Ref="i371"/><NameAttribute z:Ref="i337"/><Parent z:Ref="i1"/><STLQualityFine>false</STLQualityFine><SWComponentPIDs xmlns:a="http://schemas.microsoft.com/2003/10/Serialization/Arrays"><a:base64Binary>aEIAAAUAAAD//v8jZgBpAG4AYQBsACAAawBpAG4AZQBjAHQALQAxAEAAcgBvAGIAbwBWADMAKAB1AHIAZABmAF8AYwBoAGEAbgBnAGUAZAApAAQAAAAQAAAAAQAAAAEAAADeBwAA</a:base64Binary></SWComponentPIDs><SWMainComponentPID i:nil="true"/><Visual z:Ref="i351"/><isFixedFrame>false</isFixedFrame><isIncomplete>false</isIncomplete></Link><Link z:Id="i403"><Attributes><Attribute z:Id="i404"><AttributeType>name</AttributeType><IsRequired>true</IsRequired><Value i:type="a:string" xmlns:a="http://www.w3.org/2001/XMLSchema">caster1_link</Value></Attribute></Attributes><ChildElements><URDFElement z:Id="i405" i:type="Inertial"><Attributes/><ChildElements><URDFElement z:Id="i406" i:type="Origin"><Attributes><Attribute z:Id="i407"><AttributeType>xyz</AttributeType><IsRequired>true</IsRequired><Value i:type="a:ArrayOfdouble" xmlns:a="http://schemas.microsoft.com/2003/10/Serialization/Arrays"><a:double>0.00015055187281476368</a:double><a:double>-0.0069989954944306709</a:double><a:double>0.018499767463471872</a:double></Value></Attribute><Attribute z:Id="i408"><AttributeType>rpy</AttributeType><IsRequired>true</IsRequired><Value i:type="a:ArrayOfdouble" xmlns:a="http://schemas.microsoft.com/2003/10/Serialization/Arrays"><a:double>0</a:double><a:double>0</a:double><a:double>0</a:double></Value></Attribute></Attributes><ChildElements/><ElementName>origin</ElementName><required>false</required><RPYAttribute z:Ref="i408"/><XYZAttribute z:Ref="i407"/><isCustomized>false</isCustomized></URDFElement><URDFElement z:Id="i409" i:type="Mass"><Attributes><Attribute z:Id="i410"><AttributeType>value</AttributeType><IsRequired>true</IsRequired><Value i:type="a:double" xmlns:a="http://www.w3.org/2001/XMLSchema">0.014877012011074475</Value></Attribute></Attributes><ChildElements/><ElementName>mass</ElementName><required>false</required><ValueAttribute z:Ref="i410"/></URDFElement><URDFElement z:Id="i411" i:type="Inertia"><Attributes><Attribute z:Id="i412"><AttributeType>ixx</AttributeType><IsRequired>true</IsRequired><Value i:type="a:double" xmlns:a="http://www.w3.org/2001/XMLSchema">1.5308537792914318E-06</Value></Attribute><Attribute z:Id="i413"><AttributeType>ixy</AttributeType><IsRequired>true</IsRequired><Value i:type="a:double" xmlns:a="http://www.w3.org/2001/XMLSchema">-8.6265278990257E-09</Value></Attribute><Attribute z:Id="i414"><AttributeType>ixz</AttributeType><IsRequired>true</IsRequired><Value i:type="a:double" xmlns:a="http://www.w3.org/2001/XMLSchema">4.0141615024824793E-22</Value></Attribute><Attribute z:Id="i415"><AttributeType>iyy</AttributeType><IsRequired>true</IsRequired><Value i:type="a:double" xmlns:a="http://www.w3.org/2001/XMLSchema">2.5755114735153528E-06</Value></Attribute><Attribute z:Id="i416"><AttributeType>iyz</AttributeType><IsRequired>true</IsRequired><Value i:type="a:double" xmlns:a="http://www.w3.org/2001/XMLSchema">-3.0087009999890176E-21</Value></Attribute><Attribute z:Id="i417"><AttributeType>izz</AttributeType><IsRequired>true</IsRequired><Value i:type="a:double" xmlns:a="http://www.w3.org/2001/XMLSchema">1.5307825483895168E-06</Value></Attribute></Attributes><ChildElements/><ElementName>inertia</ElementName><required>false</required><IxxAttribute z:Ref="i412"/><IxyAttribute z:Ref="i413"/><IxzAttribute z:Ref="i414"/><IyyAttribute z:Ref="i415"/><IyzAttribute z:Ref="i416"/><IzzAttribute z:Ref="i417"/></URDFElement></ChildElements><ElementName>inertial</ElementName><required>false</required><Inertia z:Ref="i411"/><Mass z:Ref="i409"/><Origin z:Ref="i406"/></URDFElement><URDFElement z:Id="i418" i:type="Visual"><Attributes/><ChildElements><URDFElement z:Id="i419" i:type="Origin"><Attributes><Attribute z:Id="i420"><AttributeType>xyz</AttributeType><IsRequired>true</IsRequired><Value i:type="a:ArrayOfdouble" xmlns:a="http://schemas.microsoft.com/2003/10/Serialization/Arrays"><a:double>0</a:double><a:double>0</a:double><a:double>0</a:double></Value></Attribute><Attribute z:Id="i421"><AttributeType>rpy</AttributeType><IsRequired>true</IsRequired><Value i:type="a:ArrayOfdouble" xmlns:a="http://schemas.microsoft.com/2003/10/Serialization/Arrays"><a:double>0</a:double><a:double>0</a:double><a:double>0</a:double></Value></Attribute></Attributes><ChildElements/><ElementName>origin</ElementName><required>false</required><RPYAttribute z:Ref="i421"/><XYZAttribute z:Ref="i420"/><isCustomized>false</isCustomized></URDFElement><URDFElement z:Id="i422" i:type="Geometry"><Attributes/><ChildElements><URDFElement z:Id="i423" i:type="Mesh"><Attributes><Attribute z:Id="i424"><AttributeType>filename</AttributeType><IsRequired>true</IsRequired><Value i:nil="true"/></Attribute></Attributes><ChildElements/><ElementName>mesh</ElementName><required>false</required><FilenameAttribute z:Ref="i424"/></URDFElement></ChildElements><ElementName>geometry</ElementName><required>true</required><Mesh z:Ref="i423"/></URDFElement><URDFElement z:Id="i425" i:type="Material"><Attributes><Attribute z:Id="i426"><AttributeType>name</AttributeType><IsRequired>true</IsRequired><Value i:type="a:string" xmlns:a="http://www.w3.org/2001/XMLSchema"/></Attribute></Attributes><ChildElements><URDFElement z:Id="i427" i:type="Color"><Attributes><Attribute z:Id="i428"><AttributeType>rgba</AttributeType><IsRequired>true</IsRequired><Value i:type="a:ArrayOfdouble" xmlns:a="http://schemas.microsoft.com/2003/10/Serialization/Arrays"><a:double>0.792156862745098</a:double><a:double>0.81960784313725488</a:double><a:double>0.93333333333333335</a:double><a:double>1</a:double></Value></Attribute></Attributes><ChildElements/><ElementName>color</ElementName><required>false</required><RGBAAttribute z:Ref="i428"/></URDFElement><URDFElement z:Id="i429" i:type="Texture"><Attributes><Attribute z:Id="i430"><AttributeType>filename</AttributeType><IsRequired>true</IsRequired><Value i:nil="true"/></Attribute></Attributes><ChildElements/><ElementName>texture</ElementName><required>false</required><FilenameAttribute z:Ref="i430"/><wFilename/></URDFElement></ChildElements><ElementName>material</ElementName><required>false</required><Color z:Ref="i427"/><NameAttribute z:Ref="i426"/><Texture z:Ref="i429"/></URDFElement></ChildElements><ElementName>visual</ElementName><required>false</required><Geometry z:Ref="i422"/><Material z:Ref="i425"/><Origin z:Ref="i419"/></URDFElement><URDFElement z:Id="i431" i:type="Collision"><Attributes/><ChildElements><URDFElement z:Id="i432" i:type="Origin"><Attributes><Attribute z:Id="i433"><AttributeType>xyz</AttributeType><IsRequired>true</IsRequired><Value i:type="a:ArrayOfdouble" xmlns:a="http://schemas.microsoft.com/2003/10/Serialization/Arrays"><a:double>0</a:double><a:double>0</a:double><a:double>0</a:double></Value></Attribute><Attribute z:Id="i434"><AttributeType>rpy</AttributeType><IsRequired>true</IsRequired><Value i:type="a:ArrayOfdouble" xmlns:a="http://schemas.microsoft.com/2003/10/Serialization/Arrays"><a:double>0</a:double><a:double>0</a:double><a:double>0</a:double></Value></Attribute></Attributes><ChildElements/><ElementName>origin</ElementName><required>false</required><RPYAttribute z:Ref="i434"/><XYZAttribute z:Ref="i433"/><isCustomized>false</isCustomized></URDFElement><URDFElement z:Id="i435" i:type="Geometry"><Attributes/><ChildElements><URDFElement z:Id="i436" i:type="Mesh"><Attributes><Attribute z:Id="i437"><AttributeType>filename</AttributeType><IsRequired>true</IsRequired><Value i:nil="true"/></Attribute></Attributes><ChildElements/><ElementName>mesh</ElementName><required>false</required><FilenameAttribute z:Ref="i437"/></URDFElement></ChildElements><ElementName>geometry</ElementName><required>true</required><Mesh z:Ref="i436"/></URDFElement></ChildElements><ElementName>collision</ElementName><required>false</required><Geometry z:Ref="i435"/><Origin z:Ref="i432"/></URDFElement><URDFElement z:Id="i438" i:type="Joint"><Attributes><Attribute z:Id="i439"><AttributeType>name</AttributeType><IsRequired>true</IsRequired><Value i:type="a:string" xmlns:a="http://www.w3.org/2001/XMLSchema">caster1</Value></Attribute><Attribute z:Id="i440"><AttributeType>type</AttributeType><IsRequired>true</IsRequired><Value i:type="a:string" xmlns:a="http://www.w3.org/2001/XMLSchema">fixed</Value></Attribute></Attributes><ChildElements><URDFElement z:Id="i441" i:type="Origin"><Attributes><Attribute z:Id="i442"><AttributeType>xyz</AttributeType><IsRequired>true</IsRequired><Value i:type="a:ArrayOfdouble" xmlns:a="http://schemas.microsoft.com/2003/10/Serialization/Arrays"><a:double>0.23025</a:double><a:double>-0.08</a:double><a:double>-0.06645</a:double></Value></Attribute><Attribute z:Id="i443"><AttributeType>rpy</AttributeType><IsRequired>true</IsRequired><Value i:type="a:ArrayOfdouble" xmlns:a="http://schemas.microsoft.com/2003/10/Serialization/Arrays"><a:double>0</a:double><a:double>0</a:double><a:double>0</a:double></Value></Attribute></Attributes><ChildElements/><ElementName>origin</ElementName><required>false</required><RPYAttribute z:Ref="i443"/><XYZAttribute z:Ref="i442"/><isCustomized>false</isCustomized></URDFElement><URDFElement z:Id="i444" i:type="ParentLink"><Attributes><Attribute z:Id="i445"><AttributeType>link</AttributeType><IsRequired>true</IsRequired><Value i:type="a:string" xmlns:a="http://www.w3.org/2001/XMLSchema">base_link</Value></Attribute></Attributes><ChildElements/><ElementName>parent</ElementName><required>true</required><NameAttribute z:Ref="i445"/></URDFElement><URDFElement z:Id="i446" i:type="ChildLink"><Attributes><Attribute z:Id="i447"><AttributeType>link</AttributeType><IsRequired>true</IsRequired><Value i:type="a:string" xmlns:a="http://www.w3.org/2001/XMLSchema">caster1_link</Value></Attribute></Attributes><ChildElements/><ElementName>child</ElementName><required>true</required><NameAttribute z:Ref="i447"/></URDFElement><URDFElement z:Id="i448" i:type="Axis"><Attributes><Attribute z:Id="i449"><AttributeType>xyz</AttributeType><IsRequired>true</IsRequired><Value i:type="a:ArrayOfdouble" xmlns:a="http://schemas.microsoft.com/2003/10/Serialization/Arrays"><a:double>0</a:double><a:double>0</a:double><a:double>0</a:double></Value></Attribute></Attributes><ChildElements/><ElementName>axis</ElementName><required>false</required><XYZAttribute z:Ref="i449"/></URDFElement><URDFElement z:Id="i450" i:type="Limit"><Attributes><Attribute z:Id="i451"><AttributeType>lower</AttributeType><IsRequired>false</IsRequired><Value i:nil="true"/></Attribute><Attribute z:Id="i452"><AttributeType>upper</AttributeType><IsRequired>false</IsRequired><Value i:nil="true"/></Attribute><Attribute z:Id="i453"><AttributeType>effort</AttributeType><IsRequired>true</IsRequired><Value i:nil="true"/></Attribute><Attribute z:Id="i454"><AttributeType>velocity</AttributeType><IsRequired>true</IsRequired><Value i:nil="true"/></Attribute></Attributes><ChildElements/><ElementName>limit</ElementName><required>false</required><EffortAttribute z:Ref="i453"/><LowerAttribute z:Ref="i451"/><UpperAttribute z:Ref="i452"/><VelocityAttribute z:Ref="i454"/></URDFElement><URDFElement z:Id="i455" i:type="Calibration"><Attributes><Attribute z:Id="i456"><AttributeType>rising</AttributeType><IsRequired>false</IsRequired><Value i:nil="true"/></Attribute><Attribute z:Id="i457"><AttributeType>falling</AttributeType><IsRequired>false</IsRequired><Value i:nil="true"/></Attribute></Attributes><ChildElements/><ElementName>calibration</ElementName><required>false</required><FallingAttribute z:Ref="i457"/><RisingAttribute z:Ref="i456"/></URDFElement><URDFElement z:Id="i458" i:type="Dynamics"><Attributes><Attribute z:Id="i459"><AttributeType>damping</AttributeType><IsRequired>false</IsRequired><Value i:nil="true"/></Attribute><Attribute z:Id="i460"><AttributeType>friction</AttributeType><IsRequired>false</IsRequired><Value i:nil="true"/></Attribute></Attributes><ChildElements/><ElementName>dynamics</ElementName><required>false</required><DampingAttribute z:Ref="i459"/><FrictionAttribute z:Ref="i460"/></URDFElement><URDFElement z:Id="i461" i:type="SafetyController"><Attributes><Attribute z:Id="i462"><AttributeType>soft_upper_limit</AttributeType><IsRequired>false</IsRequired><Value i:nil="true"/></Attribute><Attribute z:Id="i463"><AttributeType>soft_lower_limit</AttributeType><IsRequired>false</IsRequired><Value i:nil="true"/></Attribute><Attribute z:Id="i464"><AttributeType>k_position</AttributeType><IsRequired>false</IsRequired><Value i:nil="true"/></Attribute><Attribute z:Id="i465"><AttributeType>k_velocity</AttributeType><IsRequired>true</IsRequired><Value i:nil="true"/></Attribute></Attributes><ChildElements/><ElementName>safety_controller</ElementName><required>false</required><KPositionAttribute z:Ref="i464"/><KVelocityAttribute z:Ref="i465"/><SoftLowerAttribute z:Ref="i463"/><SoftUpperAttribute z:Ref="i462"/></URDFElement><URDFElement z:Id="i466" i:type="Mimic"><Attributes><Attribute z:Id="i467"><AttributeType>joint</AttributeType><IsRequired>true</IsRequired><Value i:nil="true"/></Attribute><Attribute z:Id="i468"><AttributeType>multiplier</AttributeType><IsRequired>false</IsRequired><Value i:nil="true"/></Attribute><Attribute z:Id="i469"><AttributeType>offset</AttributeType><IsRequired>false</IsRequired><Value i:nil="true"/></Attribute></Attributes><ChildElements/><ElementName>mimic</ElementName><required>false</required><JointNameAttribute z:Ref="i467"/><MultiplierAttribute z:Ref="i468"/><OffsetAttribute z:Ref="i469"/></URDFElement></ChildElements><ElementName>joint</ElementName><required>false</required><Axis z:Ref="i448"/><AxisName/><Calibration z:Ref="i455"/><Child z:Ref="i446"/><CoordinateSystemName>Coordinate System25</CoordinateSystemName><Dynamics z:Ref="i458"/><Limit z:Ref="i450"/><Mimic z:Ref="i466"/><NameAttribute z:Ref="i439"/><Origin z:Ref="i441"/><Parent z:Ref="i444"/><Safety z:Ref="i461"/><TypeAttribute z:Ref="i440"/></URDFElement></ChildElements><ElementName>link</ElementName><required>true</required><Children/><Collision z:Ref="i431"/><Inertial z:Ref="i405"/><Joint z:Ref="i438"/><NameAttribute z:Ref="i404"/><Parent z:Ref="i1"/><STLQualityFine>false</STLQualityFine><SWComponentPIDs xmlns:a="http://schemas.microsoft.com/2003/10/Serialization/Arrays"><a:base64Binary>aEIAAAUAAAD//v+GYwB1AG0AXwBkAGEAaAB1AG8AbgBnAF8AdAByAHUAbwBjAF8AcwBhAHUALQA1AEAAcgBvAGIAbwBWADMAKAB1AHIAZABmAF8AYwBoAGEAbgBnAGUAZAApAC8AcwB1AHMAcABlAG4AcwBpAG8AbgBfAHYAMgAtADEAQABjAHUAbQBfAGQAYQBoAHUAbwBuAGcAXwB0AHIAdQBvAGMAXwBzAGEAdQAvAGIAYQBuAGgAZABhAGgAdQBvAG4AZwAtADEAQABzAHUAcwBwAGUAbgBzAGkAbwBuAF8AdgAyAC8AYgBhAG4AaABfAGUAYQBzAHkALQAxAEAAYgBhAG4AaABkAGEAaAB1AG8AbgBnAAQAAAAQAAAAAQAAAAQAAAAZBgAAKwAAAHQAAABBAAAA</a:base64Binary></SWComponentPIDs><SWMainComponentPID i:nil="true"/><Visual z:Ref="i418"/><isFixedFrame>false</isFixedFrame><isIncomplete>false</isIncomplete></Link><Link z:Id="i470"><Attributes><Attribute z:Id="i471"><AttributeType>name</AttributeType><IsRequired>true</IsRequired><Value i:type="a:string" xmlns:a="http://www.w3.org/2001/XMLSchema">caster2_link</Value></Attribute></Attributes><ChildElements><URDFElement z:Id="i472" i:type="Inertial"><Attributes/><ChildElements><URDFElement z:Id="i473" i:type="Origin"><Attributes><Attribute z:Id="i474"><AttributeType>xyz</AttributeType><IsRequired>true</IsRequired><Value i:type="a:ArrayOfdouble" xmlns:a="http://schemas.microsoft.com/2003/10/Serialization/Arrays"><a:double>0.00015055187281465265</a:double><a:double>-0.0069989954944306709</a:double><a:double>0.018499767463471928</a:double></Value></Attribute><Attribute z:Id="i475"><AttributeType>rpy</AttributeType><IsRequired>true</IsRequired><Value i:type="a:ArrayOfdouble" xmlns:a="http://schemas.microsoft.com/2003/10/Serialization/Arrays"><a:double>0</a:double><a:double>0</a:double><a:double>0</a:double></Value></Attribute></Attributes><ChildElements/><ElementName>origin</ElementName><required>false</required><RPYAttribute z:Ref="i475"/><XYZAttribute z:Ref="i474"/><isCustomized>false</isCustomized></URDFElement><URDFElement z:Id="i476" i:type="Mass"><Attributes><Attribute z:Id="i477"><AttributeType>value</AttributeType><IsRequired>true</IsRequired><Value i:type="a:double" xmlns:a="http://www.w3.org/2001/XMLSchema">0.014877012011074477</Value></Attribute></Attributes><ChildElements/><ElementName>mass</ElementName><required>false</required><ValueAttribute z:Ref="i477"/></URDFElement><URDFElement z:Id="i478" i:type="Inertia"><Attributes><Attribute z:Id="i479"><AttributeType>ixx</AttributeType><IsRequired>true</IsRequired><Value i:type="a:double" xmlns:a="http://www.w3.org/2001/XMLSchema">1.5308537792914316E-06</Value></Attribute><Attribute z:Id="i480"><AttributeType>ixy</AttributeType><IsRequired>true</IsRequired><Value i:type="a:double" xmlns:a="http://www.w3.org/2001/XMLSchema">-8.6265278990256476E-09</Value></Attribute><Attribute z:Id="i481"><AttributeType>ixz</AttributeType><IsRequired>true</IsRequired><Value i:type="a:double" xmlns:a="http://www.w3.org/2001/XMLSchema">4.0141615024824797E-22</Value></Attribute><Attribute z:Id="i482"><AttributeType>iyy</AttributeType><IsRequired>true</IsRequired><Value i:type="a:double" xmlns:a="http://www.w3.org/2001/XMLSchema">2.5755114735153528E-06</Value></Attribute><Attribute z:Id="i483"><AttributeType>iyz</AttributeType><IsRequired>true</IsRequired><Value i:type="a:double" xmlns:a="http://www.w3.org/2001/XMLSchema">-3.0280357598949315E-21</Value></Attribute><Attribute z:Id="i484"><AttributeType>izz</AttributeType><IsRequired>true</IsRequired><Value i:type="a:double" xmlns:a="http://www.w3.org/2001/XMLSchema">1.530782548389517E-06</Value></Attribute></Attributes><ChildElements/><ElementName>inertia</ElementName><required>false</required><IxxAttribute z:Ref="i479"/><IxyAttribute z:Ref="i480"/><IxzAttribute z:Ref="i481"/><IyyAttribute z:Ref="i482"/><IyzAttribute z:Ref="i483"/><IzzAttribute z:Ref="i484"/></URDFElement></ChildElements><ElementName>inertial</ElementName><required>false</required><Inertia z:Ref="i478"/><Mass z:Ref="i476"/><Origin z:Ref="i473"/></URDFElement><URDFElement z:Id="i485" i:type="Visual"><Attributes/><ChildElements><URDFElement z:Id="i486" i:type="Origin"><Attributes><Attribute z:Id="i487"><AttributeType>xyz</AttributeType><IsRequired>true</IsRequired><Value i:type="a:ArrayOfdouble" xmlns:a="http://schemas.microsoft.com/2003/10/Serialization/Arrays"><a:double>0</a:double><a:double>0</a:double><a:double>0</a:double></Value></Attribute><Attribute z:Id="i488"><AttributeType>rpy</AttributeType><IsRequired>true</IsRequired><Value i:type="a:ArrayOfdouble" xmlns:a="http://schemas.microsoft.com/2003/10/Serialization/Arrays"><a:double>0</a:double><a:double>0</a:double><a:double>0</a:double></Value></Attribute></Attributes><ChildElements/><ElementName>origin</ElementName><required>false</required><RPYAttribute z:Ref="i488"/><XYZAttribute z:Ref="i487"/><isCustomized>false</isCustomized></URDFElement><URDFElement z:Id="i489" i:type="Geometry"><Attributes/><ChildElements><URDFElement z:Id="i490" i:type="Mesh"><Attributes><Attribute z:Id="i491"><AttributeType>filename</AttributeType><IsRequired>true</IsRequired><Value i:nil="true"/></Attribute></Attributes><ChildElements/><ElementName>mesh</ElementName><required>false</required><FilenameAttribute z:Ref="i491"/></URDFElement></ChildElements><ElementName>geometry</ElementName><required>true</required><Mesh z:Ref="i490"/></URDFElement><URDFElement z:Id="i492" i:type="Material"><Attributes><Attribute z:Id="i493"><AttributeType>name</AttributeType><IsRequired>true</IsRequired><Value i:type="a:string" xmlns:a="http://www.w3.org/2001/XMLSchema"/></Attribute></Attributes><ChildElements><URDFElement z:Id="i494" i:type="Color"><Attributes><Attribute z:Id="i495"><AttributeType>rgba</AttributeType><IsRequired>true</IsRequired><Value i:type="a:ArrayOfdouble" xmlns:a="http://schemas.microsoft.com/2003/10/Serialization/Arrays"><a:double>0.792156862745098</a:double><a:double>0.81960784313725488</a:double><a:double>0.93333333333333335</a:double><a:double>1</a:double></Value></Attribute></Attributes><ChildElements/><ElementName>color</ElementName><required>false</required><RGBAAttribute z:Ref="i495"/></URDFElement><URDFElement z:Id="i496" i:type="Texture"><Attributes><Attribute z:Id="i497"><AttributeType>filename</AttributeType><IsRequired>true</IsRequired><Value i:nil="true"/></Attribute></Attributes><ChildElements/><ElementName>texture</ElementName><required>false</required><FilenameAttribute z:Ref="i497"/><wFilename/></URDFElement></ChildElements><ElementName>material</ElementName><required>false</required><Color z:Ref="i494"/><NameAttribute z:Ref="i493"/><Texture z:Ref="i496"/></URDFElement></ChildElements><ElementName>visual</ElementName><required>false</required><Geometry z:Ref="i489"/><Material z:Ref="i492"/><Origin z:Ref="i486"/></URDFElement><URDFElement z:Id="i498" i:type="Collision"><Attributes/><ChildElements><URDFElement z:Id="i499" i:type="Origin"><Attributes><Attribute z:Id="i500"><AttributeType>xyz</AttributeType><IsRequired>true</IsRequired><Value i:type="a:ArrayOfdouble" xmlns:a="http://schemas.microsoft.com/2003/10/Serialization/Arrays"><a:double>0</a:double><a:double>0</a:double><a:double>0</a:double></Value></Attribute><Attribute z:Id="i501"><AttributeType>rpy</AttributeType><IsRequired>true</IsRequired><Value i:type="a:ArrayOfdouble" xmlns:a="http://schemas.microsoft.com/2003/10/Serialization/Arrays"><a:double>0</a:double><a:double>0</a:double><a:double>0</a:double></Value></Attribute></Attributes><ChildElements/><ElementName>origin</ElementName><required>false</required><RPYAttribute z:Ref="i501"/><XYZAttribute z:Ref="i500"/><isCustomized>false</isCustomized></URDFElement><URDFElement z:Id="i502" i:type="Geometry"><Attributes/><ChildElements><URDFElement z:Id="i503" i:type="Mesh"><Attributes><Attribute z:Id="i504"><AttributeType>filename</AttributeType><IsRequired>true</IsRequired><Value i:nil="true"/></Attribute></Attributes><ChildElements/><ElementName>mesh</ElementName><required>false</required><FilenameAttribute z:Ref="i504"/></URDFElement></ChildElements><ElementName>geometry</ElementName><required>true</required><Mesh z:Ref="i503"/></URDFElement></ChildElements><ElementName>collision</ElementName><required>false</required><Geometry z:Ref="i502"/><Origin z:Ref="i499"/></URDFElement><URDFElement z:Id="i505" i:type="Joint"><Attributes><Attribute z:Id="i506"><AttributeType>name</AttributeType><IsRequired>true</IsRequired><Value i:type="a:string" xmlns:a="http://www.w3.org/2001/XMLSchema">caster2</Value></Attribute><Attribute z:Id="i507"><AttributeType>type</AttributeType><IsRequired>true</IsRequired><Value i:type="a:string" xmlns:a="http://www.w3.org/2001/XMLSchema">fixed</Value></Attribute></Attributes><ChildElements><URDFElement z:Id="i508" i:type="Origin"><Attributes><Attribute z:Id="i509"><AttributeType>xyz</AttributeType><IsRequired>true</IsRequired><Value i:type="a:ArrayOfdouble" xmlns:a="http://schemas.microsoft.com/2003/10/Serialization/Arrays"><a:double>0.22881</a:double><a:double>0.093995</a:double><a:double>-0.06645</a:double></Value></Attribute><Attribute z:Id="i510"><AttributeType>rpy</AttributeType><IsRequired>true</IsRequired><Value i:type="a:ArrayOfdouble" xmlns:a="http://schemas.microsoft.com/2003/10/Serialization/Arrays"><a:double>0</a:double><a:double>0</a:double><a:double>0</a:double></Value></Attribute></Attributes><ChildElements/><ElementName>origin</ElementName><required>false</required><RPYAttribute z:Ref="i510"/><XYZAttribute z:Ref="i509"/><isCustomized>false</isCustomized></URDFElement><URDFElement z:Id="i511" i:type="ParentLink"><Attributes><Attribute z:Id="i512"><AttributeType>link</AttributeType><IsRequired>true</IsRequired><Value i:type="a:string" xmlns:a="http://www.w3.org/2001/XMLSchema">base_link</Value></Attribute></Attributes><ChildElements/><ElementName>parent</ElementName><required>true</required><NameAttribute z:Ref="i512"/></URDFElement><URDFElement z:Id="i513" i:type="ChildLink"><Attributes><Attribute z:Id="i514"><AttributeType>link</AttributeType><IsRequired>true</IsRequired><Value i:type="a:string" xmlns:a="http://www.w3.org/2001/XMLSchema">caster2_link</Value></Attribute></Attributes><ChildElements/><ElementName>child</ElementName><required>true</required><NameAttribute z:Ref="i514"/></URDFElement><URDFElement z:Id="i515" i:type="Axis"><Attributes><Attribute z:Id="i516"><AttributeType>xyz</AttributeType><IsRequired>true</IsRequired><Value i:type="a:ArrayOfdouble" xmlns:a="http://schemas.microsoft.com/2003/10/Serialization/Arrays"><a:double>0</a:double><a:double>0</a:double><a:double>0</a:double></Value></Attribute></Attributes><ChildElements/><ElementName>axis</ElementName><required>false</required><XYZAttribute z:Ref="i516"/></URDFElement><URDFElement z:Id="i517" i:type="Limit"><Attributes><Attribute z:Id="i518"><AttributeType>lower</AttributeType><IsRequired>false</IsRequired><Value i:nil="true"/></Attribute><Attribute z:Id="i519"><AttributeType>upper</AttributeType><IsRequired>false</IsRequired><Value i:nil="true"/></Attribute><Attribute z:Id="i520"><AttributeType>effort</AttributeType><IsRequired>true</IsRequired><Value i:nil="true"/></Attribute><Attribute z:Id="i521"><AttributeType>velocity</AttributeType><IsRequired>true</IsRequired><Value i:nil="true"/></Attribute></Attributes><ChildElements/><ElementName>limit</ElementName><required>false</required><EffortAttribute z:Ref="i520"/><LowerAttribute z:Ref="i518"/><UpperAttribute z:Ref="i519"/><VelocityAttribute z:Ref="i521"/></URDFElement><URDFElement z:Id="i522" i:type="Calibration"><Attributes><Attribute z:Id="i523"><AttributeType>rising</AttributeType><IsRequired>false</IsRequired><Value i:nil="true"/></Attribute><Attribute z:Id="i524"><AttributeType>falling</AttributeType><IsRequired>false</IsRequired><Value i:nil="true"/></Attribute></Attributes><ChildElements/><ElementName>calibration</ElementName><required>false</required><FallingAttribute z:Ref="i524"/><RisingAttribute z:Ref="i523"/></URDFElement><URDFElement z:Id="i525" i:type="Dynamics"><Attributes><Attribute z:Id="i526"><AttributeType>damping</AttributeType><IsRequired>false</IsRequired><Value i:nil="true"/></Attribute><Attribute z:Id="i527"><AttributeType>friction</AttributeType><IsRequired>false</IsRequired><Value i:nil="true"/></Attribute></Attributes><ChildElements/><ElementName>dynamics</ElementName><required>false</required><DampingAttribute z:Ref="i526"/><FrictionAttribute z:Ref="i527"/></URDFElement><URDFElement z:Id="i528" i:type="SafetyController"><Attributes><Attribute z:Id="i529"><AttributeType>soft_upper_limit</AttributeType><IsRequired>false</IsRequired><Value i:nil="true"/></Attribute><Attribute z:Id="i530"><AttributeType>soft_lower_limit</AttributeType><IsRequired>false</IsRequired><Value i:nil="true"/></Attribute><Attribute z:Id="i531"><AttributeType>k_position</AttributeType><IsRequired>false</IsRequired><Value i:nil="true"/></Attribute><Attribute z:Id="i532"><AttributeType>k_velocity</AttributeType><IsRequired>true</IsRequired><Value i:nil="true"/></Attribute></Attributes><ChildElements/><ElementName>safety_controller</ElementName><required>false</required><KPositionAttribute z:Ref="i531"/><KVelocityAttribute z:Ref="i532"/><SoftLowerAttribute z:Ref="i530"/><SoftUpperAttribute z:Ref="i529"/></URDFElement><URDFElement z:Id="i533" i:type="Mimic"><Attributes><Attribute z:Id="i534"><AttributeType>joint</AttributeType><IsRequired>true</IsRequired><Value i:nil="true"/></Attribute><Attribute z:Id="i535"><AttributeType>multiplier</AttributeType><IsRequired>false</IsRequired><Value i:nil="true"/></Attribute><Attribute z:Id="i536"><AttributeType>offset</AttributeType><IsRequired>false</IsRequired><Value i:nil="true"/></Attribute></Attributes><ChildElements/><ElementName>mimic</ElementName><required>false</required><JointNameAttribute z:Ref="i534"/><MultiplierAttribute z:Ref="i535"/><OffsetAttribute z:Ref="i536"/></URDFElement></ChildElements><ElementName>joint</ElementName><required>false</required><Axis z:Ref="i515"/><AxisName/><Calibration z:Ref="i522"/><Child z:Ref="i513"/><CoordinateSystemName>Coordinate System26</CoordinateSystemName><Dynamics z:Ref="i525"/><Limit z:Ref="i517"/><Mimic z:Ref="i533"/><NameAttribute z:Ref="i506"/><Origin z:Ref="i508"/><Parent z:Ref="i511"/><Safety z:Ref="i528"/><TypeAttribute z:Ref="i507"/></URDFElement></ChildElements><ElementName>link</ElementName><required>true</required><Children/><Collision z:Ref="i498"/><Inertial z:Ref="i472"/><Joint z:Ref="i505"/><NameAttribute z:Ref="i471"/><Parent z:Ref="i1"/><STLQualityFine>false</STLQualityFine><SWComponentPIDs xmlns:a="http://schemas.microsoft.com/2003/10/Serialization/Arrays"><a:base64Binary>aEIAAAUAAAD//v+GYwB1AG0AXwBkAGEAaAB1AG8AbgBnAF8AdAByAHUAbwBjAF8AcwBhAHUALQA1AEAAcgBvAGIAbwBWADMAKAB1AHIAZABmAF8AYwBoAGEAbgBnAGUAZAApAC8AcwB1AHMAcABlAG4AcwBpAG8AbgBfAHYAMgAtADIAQABjAHUAbQBfAGQAYQBoAHUAbwBuAGcAXwB0AHIAdQBvAGMAXwBzAGEAdQAvAGIAYQBuAGgAZABhAGgAdQBvAG4AZwAtADEAQABzAHUAcwBwAGUAbgBzAGkAbwBuAF8AdgAyAC8AYgBhAG4AaABfAGUAYQBzAHkALQAxAEAAYgBhAG4AaABkAGEAaAB1AG8AbgBnAAQAAAAQAAAAAQAAAAQAAAAZBgAAMAAAAHQAAABBAAAA</a:base64Binary></SWComponentPIDs><SWMainComponentPID i:nil="true"/><Visual z:Ref="i485"/><isFixedFrame>false</isFixedFrame><isIncomplete>false</isIncomplete></Link><Link z:Id="i537"><Attributes><Attribute z:Id="i538"><AttributeType>name</AttributeType><IsRequired>true</IsRequired><Value i:type="a:string" xmlns:a="http://www.w3.org/2001/XMLSchema">caster3_link</Value></Attribute></Attributes><ChildElements><URDFElement z:Id="i539" i:type="Inertial"><Attributes/><ChildElements><URDFElement z:Id="i540" i:type="Origin"><Attributes><Attribute z:Id="i541"><AttributeType>xyz</AttributeType><IsRequired>true</IsRequired><Value i:type="a:ArrayOfdouble" xmlns:a="http://schemas.microsoft.com/2003/10/Serialization/Arrays"><a:double>-3.4955117789170487E-05</a:double><a:double>-0.0070005272613718472</a:double><a:double>0.018499767463471872</a:double></Value></Attribute><Attribute z:Id="i542"><AttributeType>rpy</AttributeType><IsRequired>true</IsRequired><Value i:type="a:ArrayOfdouble" xmlns:a="http://schemas.microsoft.com/2003/10/Serialization/Arrays"><a:double>0</a:double><a:double>0</a:double><a:double>0</a:double></Value></Attribute></Attributes><ChildElements/><ElementName>origin</ElementName><required>false</required><RPYAttribute z:Ref="i542"/><XYZAttribute z:Ref="i541"/><isCustomized>false</isCustomized></URDFElement><URDFElement z:Id="i543" i:type="Mass"><Attributes><Attribute z:Id="i544"><AttributeType>value</AttributeType><IsRequired>true</IsRequired><Value i:type="a:double" xmlns:a="http://www.w3.org/2001/XMLSchema">0.014877012011074478</Value></Attribute></Attributes><ChildElements/><ElementName>mass</ElementName><required>false</required><ValueAttribute z:Ref="i544"/></URDFElement><URDFElement z:Id="i545" i:type="Inertia"><Attributes><Attribute z:Id="i546"><AttributeType>ixx</AttributeType><IsRequired>true</IsRequired><Value i:type="a:double" xmlns:a="http://www.w3.org/2001/XMLSchema">1.5308537792914316E-06</Value></Attribute><Attribute z:Id="i547"><AttributeType>ixy</AttributeType><IsRequired>true</IsRequired><Value i:type="a:double" xmlns:a="http://www.w3.org/2001/XMLSchema">-8.6265278990238774E-09</Value></Attribute><Attribute z:Id="i548"><AttributeType>ixz</AttributeType><IsRequired>true</IsRequired><Value i:type="a:double" xmlns:a="http://www.w3.org/2001/XMLSchema">-3.8155540134068825E-22</Value></Attribute><Attribute z:Id="i549"><AttributeType>iyy</AttributeType><IsRequired>true</IsRequired><Value i:type="a:double" xmlns:a="http://www.w3.org/2001/XMLSchema">2.5755114735153528E-06</Value></Attribute><Attribute z:Id="i550"><AttributeType>iyz</AttributeType><IsRequired>true</IsRequired><Value i:type="a:double" xmlns:a="http://www.w3.org/2001/XMLSchema">2.9751380963421496E-21</Value></Attribute><Attribute z:Id="i551"><AttributeType>izz</AttributeType><IsRequired>true</IsRequired><Value i:type="a:double" xmlns:a="http://www.w3.org/2001/XMLSchema">1.5307825483895166E-06</Value></Attribute></Attributes><ChildElements/><ElementName>inertia</ElementName><required>false</required><IxxAttribute z:Ref="i546"/><IxyAttribute z:Ref="i547"/><IxzAttribute z:Ref="i548"/><IyyAttribute z:Ref="i549"/><IyzAttribute z:Ref="i550"/><IzzAttribute z:Ref="i551"/></URDFElement></ChildElements><ElementName>inertial</ElementName><required>false</required><Inertia z:Ref="i545"/><Mass z:Ref="i543"/><Origin z:Ref="i540"/></URDFElement><URDFElement z:Id="i552" i:type="Visual"><Attributes/><ChildElements><URDFElement z:Id="i553" i:type="Origin"><Attributes><Attribute z:Id="i554"><AttributeType>xyz</AttributeType><IsRequired>true</IsRequired><Value i:type="a:ArrayOfdouble" xmlns:a="http://schemas.microsoft.com/2003/10/Serialization/Arrays"><a:double>0</a:double><a:double>0</a:double><a:double>0</a:double></Value></Attribute><Attribute z:Id="i555"><AttributeType>rpy</AttributeType><IsRequired>true</IsRequired><Value i:type="a:ArrayOfdouble" xmlns:a="http://schemas.microsoft.com/2003/10/Serialization/Arrays"><a:double>0</a:double><a:double>0</a:double><a:double>0</a:double></Value></Attribute></Attributes><ChildElements/><ElementName>origin</ElementName><required>false</required><RPYAttribute z:Ref="i555"/><XYZAttribute z:Ref="i554"/><isCustomized>false</isCustomized></URDFElement><URDFElement z:Id="i556" i:type="Geometry"><Attributes/><ChildElements><URDFElement z:Id="i557" i:type="Mesh"><Attributes><Attribute z:Id="i558"><AttributeType>filename</AttributeType><IsRequired>true</IsRequired><Value i:nil="true"/></Attribute></Attributes><ChildElements/><ElementName>mesh</ElementName><required>false</required><FilenameAttribute z:Ref="i558"/></URDFElement></ChildElements><ElementName>geometry</ElementName><required>true</required><Mesh z:Ref="i557"/></URDFElement><URDFElement z:Id="i559" i:type="Material"><Attributes><Attribute z:Id="i560"><AttributeType>name</AttributeType><IsRequired>true</IsRequired><Value i:type="a:string" xmlns:a="http://www.w3.org/2001/XMLSchema"/></Attribute></Attributes><ChildElements><URDFElement z:Id="i561" i:type="Color"><Attributes><Attribute z:Id="i562"><AttributeType>rgba</AttributeType><IsRequired>true</IsRequired><Value i:type="a:ArrayOfdouble" xmlns:a="http://schemas.microsoft.com/2003/10/Serialization/Arrays"><a:double>0.792156862745098</a:double><a:double>0.81960784313725488</a:double><a:double>0.93333333333333335</a:double><a:double>1</a:double></Value></Attribute></Attributes><ChildElements/><ElementName>color</ElementName><required>false</required><RGBAAttribute z:Ref="i562"/></URDFElement><URDFElement z:Id="i563" i:type="Texture"><Attributes><Attribute z:Id="i564"><AttributeType>filename</AttributeType><IsRequired>true</IsRequired><Value i:nil="true"/></Attribute></Attributes><ChildElements/><ElementName>texture</ElementName><required>false</required><FilenameAttribute z:Ref="i564"/><wFilename/></URDFElement></ChildElements><ElementName>material</ElementName><required>false</required><Color z:Ref="i561"/><NameAttribute z:Ref="i560"/><Texture z:Ref="i563"/></URDFElement></ChildElements><ElementName>visual</ElementName><required>false</required><Geometry z:Ref="i556"/><Material z:Ref="i559"/><Origin z:Ref="i553"/></URDFElement><URDFElement z:Id="i565" i:type="Collision"><Attributes/><ChildElements><URDFElement z:Id="i566" i:type="Origin"><Attributes><Attribute z:Id="i567"><AttributeType>xyz</AttributeType><IsRequired>true</IsRequired><Value i:type="a:ArrayOfdouble" xmlns:a="http://schemas.microsoft.com/2003/10/Serialization/Arrays"><a:double>0</a:double><a:double>0</a:double><a:double>0</a:double></Value></Attribute><Attribute z:Id="i568"><AttributeType>rpy</AttributeType><IsRequired>true</IsRequired><Value i:type="a:ArrayOfdouble" xmlns:a="http://schemas.microsoft.com/2003/10/Serialization/Arrays"><a:double>0</a:double><a:double>0</a:double><a:double>0</a:double></Value></Attribute></Attributes><ChildElements/><ElementName>origin</ElementName><required>false</required><RPYAttribute z:Ref="i568"/><XYZAttribute z:Ref="i567"/><isCustomized>false</isCustomized></URDFElement><URDFElement z:Id="i569" i:type="Geometry"><Attributes/><ChildElements><URDFElement z:Id="i570" i:type="Mesh"><Attributes><Attribute z:Id="i571"><AttributeType>filename</AttributeType><IsRequired>true</IsRequired><Value i:nil="true"/></Attribute></Attributes><ChildElements/><ElementName>mesh</ElementName><required>false</required><FilenameAttribute z:Ref="i571"/></URDFElement></ChildElements><ElementName>geometry</ElementName><required>true</required><Mesh z:Ref="i570"/></URDFElement></ChildElements><ElementName>collision</ElementName><required>false</required><Geometry z:Ref="i569"/><Origin z:Ref="i566"/></URDFElement><URDFElement z:Id="i572" i:type="Joint"><Attributes><Attribute z:Id="i573"><AttributeType>name</AttributeType><IsRequired>true</IsRequired><Value i:type="a:string" xmlns:a="http://www.w3.org/2001/XMLSchema">caster</Value></Attribute><Attribute z:Id="i574"><AttributeType>type</AttributeType><IsRequired>true</IsRequired><Value i:type="a:string" xmlns:a="http://www.w3.org/2001/XMLSchema">fixed</Value></Attribute></Attributes><ChildElements><URDFElement z:Id="i575" i:type="Origin"><Attributes><Attribute z:Id="i576"><AttributeType>xyz</AttributeType><IsRequired>true</IsRequired><Value i:type="a:ArrayOfdouble" xmlns:a="http://schemas.microsoft.com/2003/10/Serialization/Arrays"><a:double>-0.22867</a:double><a:double>-0.080047</a:double><a:double>-0.06645</a:double></Value></Attribute><Attribute z:Id="i577"><AttributeType>rpy</AttributeType><IsRequired>true</IsRequired><Value i:type="a:ArrayOfdouble" xmlns:a="http://schemas.microsoft.com/2003/10/Serialization/Arrays"><a:double>0</a:double><a:double>0</a:double><a:double>0</a:double></Value></Attribute></Attributes><ChildElements/><ElementName>origin</ElementName><required>false</required><RPYAttribute z:Ref="i577"/><XYZAttribute z:Ref="i576"/><isCustomized>false</isCustomized></URDFElement><URDFElement z:Id="i578" i:type="ParentLink"><Attributes><Attribute z:Id="i579"><AttributeType>link</AttributeType><IsRequired>true</IsRequired><Value i:type="a:string" xmlns:a="http://www.w3.org/2001/XMLSchema">base_link</Value></Attribute></Attributes><ChildElements/><ElementName>parent</ElementName><required>true</required><NameAttribute z:Ref="i579"/></URDFElement><URDFElement z:Id="i580" i:type="ChildLink"><Attributes><Attribute z:Id="i581"><AttributeType>link</AttributeType><IsRequired>true</IsRequired><Value i:type="a:string" xmlns:a="http://www.w3.org/2001/XMLSchema">caster3_link</Value></Attribute></Attributes><ChildElements/><ElementName>child</ElementName><required>true</required><NameAttribute z:Ref="i581"/></URDFElement><URDFElement z:Id="i582" i:type="Axis"><Attributes><Attribute z:Id="i583"><AttributeType>xyz</AttributeType><IsRequired>true</IsRequired><Value i:type="a:ArrayOfdouble" xmlns:a="http://schemas.microsoft.com/2003/10/Serialization/Arrays"><a:double>0</a:double><a:double>0</a:double><a:double>0</a:double></Value></Attribute></Attributes><ChildElements/><ElementName>axis</ElementName><required>false</required><XYZAttribute z:Ref="i583"/></URDFElement><URDFElement z:Id="i584" i:type="Limit"><Attributes><Attribute z:Id="i585"><AttributeType>lower</AttributeType><IsRequired>false</IsRequired><Value i:nil="true"/></Attribute><Attribute z:Id="i586"><AttributeType>upper</AttributeType><IsRequired>false</IsRequired><Value i:nil="true"/></Attribute><Attribute z:Id="i587"><AttributeType>effort</AttributeType><IsRequired>true</IsRequired><Value i:nil="true"/></Attribute><Attribute z:Id="i588"><AttributeType>velocity</AttributeType><IsRequired>true</IsRequired><Value i:nil="true"/></Attribute></Attributes><ChildElements/><ElementName>limit</ElementName><required>false</required><EffortAttribute z:Ref="i587"/><LowerAttribute z:Ref="i585"/><UpperAttribute z:Ref="i586"/><VelocityAttribute z:Ref="i588"/></URDFElement><URDFElement z:Id="i589" i:type="Calibration"><Attributes><Attribute z:Id="i590"><AttributeType>rising</AttributeType><IsRequired>false</IsRequired><Value i:nil="true"/></Attribute><Attribute z:Id="i591"><AttributeType>falling</AttributeType><IsRequired>false</IsRequired><Value i:nil="true"/></Attribute></Attributes><ChildElements/><ElementName>calibration</ElementName><required>false</required><FallingAttribute z:Ref="i591"/><RisingAttribute z:Ref="i590"/></URDFElement><URDFElement z:Id="i592" i:type="Dynamics"><Attributes><Attribute z:Id="i593"><AttributeType>damping</AttributeType><IsRequired>false</IsRequired><Value i:nil="true"/></Attribute><Attribute z:Id="i594"><AttributeType>friction</AttributeType><IsRequired>false</IsRequired><Value i:nil="true"/></Attribute></Attributes><ChildElements/><ElementName>dynamics</ElementName><required>false</required><DampingAttribute z:Ref="i593"/><FrictionAttribute z:Ref="i594"/></URDFElement><URDFElement z:Id="i595" i:type="SafetyController"><Attributes><Attribute z:Id="i596"><AttributeType>soft_upper_limit</AttributeType><IsRequired>false</IsRequired><Value i:nil="true"/></Attribute><Attribute z:Id="i597"><AttributeType>soft_lower_limit</AttributeType><IsRequired>false</IsRequired><Value i:nil="true"/></Attribute><Attribute z:Id="i598"><AttributeType>k_position</AttributeType><IsRequired>false</IsRequired><Value i:nil="true"/></Attribute><Attribute z:Id="i599"><AttributeType>k_velocity</AttributeType><IsRequired>true</IsRequired><Value i:nil="true"/></Attribute></Attributes><ChildElements/><ElementName>safety_controller</ElementName><required>false</required><KPositionAttribute z:Ref="i598"/><KVelocityAttribute z:Ref="i599"/><SoftLowerAttribute z:Ref="i597"/><SoftUpperAttribute z:Ref="i596"/></URDFElement><URDFElement z:Id="i600" i:type="Mimic"><Attributes><Attribute z:Id="i601"><AttributeType>joint</AttributeType><IsRequired>true</IsRequired><Value i:nil="true"/></Attribute><Attribute z:Id="i602"><AttributeType>multiplier</AttributeType><IsRequired>false</IsRequired><Value i:nil="true"/></Attribute><Attribute z:Id="i603"><AttributeType>offset</AttributeType><IsRequired>false</IsRequired><Value i:nil="true"/></Attribute></Attributes><ChildElements/><ElementName>mimic</ElementName><required>false</required><JointNameAttribute z:Ref="i601"/><MultiplierAttribute z:Ref="i602"/><OffsetAttribute z:Ref="i603"/></URDFElement></ChildElements><ElementName>joint</ElementName><required>false</required><Axis z:Ref="i582"/><AxisName/><Calibration z:Ref="i589"/><Child z:Ref="i580"/><CoordinateSystemName>Coordinate System27</CoordinateSystemName><Dynamics z:Ref="i592"/><Limit z:Ref="i584"/><Mimic z:Ref="i600"/><NameAttribute z:Ref="i573"/><Origin z:Ref="i575"/><Parent z:Ref="i578"/><Safety z:Ref="i595"/><TypeAttribute z:Ref="i574"/></URDFElement></ChildElements><ElementName>link</ElementName><required>true</required><Children/><Collision z:Ref="i565"/><Inertial z:Ref="i539"/><Joint z:Ref="i572"/><NameAttribute z:Ref="i538"/><Parent z:Ref="i1"/><STLQualityFine>false</STLQualityFine><SWComponentPIDs xmlns:a="http://schemas.microsoft.com/2003/10/Serialization/Arrays"><a:base64Binary>aEIAAAUAAAD//v+GYwB1AG0AXwBkAGEAaAB1AG8AbgBnAF8AdAByAHUAbwBjAF8AcwBhAHUALQA2AEAAcgBvAGIAbwBWADMAKAB1AHIAZABmAF8AYwBoAGEAbgBnAGUAZAApAC8AcwB1AHMAcABlAG4AcwBpAG8AbgBfAHYAMgAtADIAQABjAHUAbQBfAGQAYQBoAHUAbwBuAGcAXwB0AHIAdQBvAGMAXwBzAGEAdQAvAGIAYQBuAGgAZABhAGgAdQBvAG4AZwAtADEAQABzAHUAcwBwAGUAbgBzAGkAbwBuAF8AdgAyAC8AYgBhAG4AaABfAGUAYQBzAHkALQAxAEAAYgBhAG4AaABkAGEAaAB1AG8AbgBnAAQAAAAQAAAAAQAAAAQAAAAgBgAAMAAAAHQAAABBAAAA</a:base64Binary></SWComponentPIDs><SWMainComponentPID i:nil="true"/><Visual z:Ref="i552"/><isFixedFrame>false</isFixedFrame><isIncomplete>false</isIncomplete></Link><Link z:Id="i604"><Attributes><Attribute z:Id="i605"><AttributeType>name</AttributeType><IsRequired>true</IsRequired><Value i:type="a:string" xmlns:a="http://www.w3.org/2001/XMLSchema">caster4_link</Value></Attribute></Attributes><ChildElements><URDFElement z:Id="i606" i:type="Inertial"><Attributes/><ChildElements><URDFElement z:Id="i607" i:type="Origin"><Attributes><Attribute z:Id="i608"><AttributeType>xyz</AttributeType><IsRequired>true</IsRequired><Value i:type="a:ArrayOfdouble" xmlns:a="http://schemas.microsoft.com/2003/10/Serialization/Arrays"><a:double>-3.4955117788948442E-05</a:double><a:double>-0.0070005272613719027</a:double><a:double>0.018499767463471817</a:double></Value></Attribute><Attribute z:Id="i609"><AttributeType>rpy</AttributeType><IsRequired>true</IsRequired><Value i:type="a:ArrayOfdouble" xmlns:a="http://schemas.microsoft.com/2003/10/Serialization/Arrays"><a:double>0</a:double><a:double>0</a:double><a:double>0</a:double></Value></Attribute></Attributes><ChildElements/><ElementName>origin</ElementName><required>false</required><RPYAttribute z:Ref="i609"/><XYZAttribute z:Ref="i608"/><isCustomized>false</isCustomized></URDFElement><URDFElement z:Id="i610" i:type="Mass"><Attributes><Attribute z:Id="i611"><AttributeType>value</AttributeType><IsRequired>true</IsRequired><Value i:type="a:double" xmlns:a="http://www.w3.org/2001/XMLSchema">0.014877012011074478</Value></Attribute></Attributes><ChildElements/><ElementName>mass</ElementName><required>false</required><ValueAttribute z:Ref="i611"/></URDFElement><URDFElement z:Id="i612" i:type="Inertia"><Attributes><Attribute z:Id="i613"><AttributeType>ixx</AttributeType><IsRequired>true</IsRequired><Value i:type="a:double" xmlns:a="http://www.w3.org/2001/XMLSchema">1.5308537792914316E-06</Value></Attribute><Attribute z:Id="i614"><AttributeType>ixy</AttributeType><IsRequired>true</IsRequired><Value i:type="a:double" xmlns:a="http://www.w3.org/2001/XMLSchema">-8.6265278990240147E-09</Value></Attribute><Attribute z:Id="i615"><AttributeType>ixz</AttributeType><IsRequired>true</IsRequired><Value i:type="a:double" xmlns:a="http://www.w3.org/2001/XMLSchema">-2.9884743750497326E-22</Value></Attribute><Attribute z:Id="i616"><AttributeType>iyy</AttributeType><IsRequired>true</IsRequired><Value i:type="a:double" xmlns:a="http://www.w3.org/2001/XMLSchema">2.5755114735153528E-06</Value></Attribute><Attribute z:Id="i617"><AttributeType>iyz</AttributeType><IsRequired>true</IsRequired><Value i:type="a:double" xmlns:a="http://www.w3.org/2001/XMLSchema">2.9678183146938534E-21</Value></Attribute><Attribute z:Id="i618"><AttributeType>izz</AttributeType><IsRequired>true</IsRequired><Value i:type="a:double" xmlns:a="http://www.w3.org/2001/XMLSchema">1.530782548389517E-06</Value></Attribute></Attributes><ChildElements/><ElementName>inertia</ElementName><required>false</required><IxxAttribute z:Ref="i613"/><IxyAttribute z:Ref="i614"/><IxzAttribute z:Ref="i615"/><IyyAttribute z:Ref="i616"/><IyzAttribute z:Ref="i617"/><IzzAttribute z:Ref="i618"/></URDFElement></ChildElements><ElementName>inertial</ElementName><required>false</required><Inertia z:Ref="i612"/><Mass z:Ref="i610"/><Origin z:Ref="i607"/></URDFElement><URDFElement z:Id="i619" i:type="Visual"><Attributes/><ChildElements><URDFElement z:Id="i620" i:type="Origin"><Attributes><Attribute z:Id="i621"><AttributeType>xyz</AttributeType><IsRequired>true</IsRequired><Value i:type="a:ArrayOfdouble" xmlns:a="http://schemas.microsoft.com/2003/10/Serialization/Arrays"><a:double>0</a:double><a:double>0</a:double><a:double>0</a:double></Value></Attribute><Attribute z:Id="i622"><AttributeType>rpy</AttributeType><IsRequired>true</IsRequired><Value i:type="a:ArrayOfdouble" xmlns:a="http://schemas.microsoft.com/2003/10/Serialization/Arrays"><a:double>0</a:double><a:double>0</a:double><a:double>0</a:double></Value></Attribute></Attributes><ChildElements/><ElementName>origin</ElementName><required>false</required><RPYAttribute z:Ref="i622"/><XYZAttribute z:Ref="i621"/><isCustomized>false</isCustomized></URDFElement><URDFElement z:Id="i623" i:type="Geometry"><Attributes/><ChildElements><URDFElement z:Id="i624" i:type="Mesh"><Attributes><Attribute z:Id="i625"><AttributeType>filename</AttributeType><IsRequired>true</IsRequired><Value i:nil="true"/></Attribute></Attributes><ChildElements/><ElementName>mesh</ElementName><required>false</required><FilenameAttribute z:Ref="i625"/></URDFElement></ChildElements><ElementName>geometry</ElementName><required>true</required><Mesh z:Ref="i624"/></URDFElement><URDFElement z:Id="i626" i:type="Material"><Attributes><Attribute z:Id="i627"><AttributeType>name</AttributeType><IsRequired>true</IsRequired><Value i:type="a:string" xmlns:a="http://www.w3.org/2001/XMLSchema"/></Attribute></Attributes><ChildElements><URDFElement z:Id="i628" i:type="Color"><Attributes><Attribute z:Id="i629"><AttributeType>rgba</AttributeType><IsRequired>true</IsRequired><Value i:type="a:ArrayOfdouble" xmlns:a="http://schemas.microsoft.com/2003/10/Serialization/Arrays"><a:double>0.792156862745098</a:double><a:double>0.81960784313725488</a:double><a:double>0.93333333333333335</a:double><a:double>1</a:double></Value></Attribute></Attributes><ChildElements/><ElementName>color</ElementName><required>false</required><RGBAAttribute z:Ref="i629"/></URDFElement><URDFElement z:Id="i630" i:type="Texture"><Attributes><Attribute z:Id="i631"><AttributeType>filename</AttributeType><IsRequired>true</IsRequired><Value i:nil="true"/></Attribute></Attributes><ChildElements/><ElementName>texture</ElementName><required>false</required><FilenameAttribute z:Ref="i631"/><wFilename/></URDFElement></ChildElements><ElementName>material</ElementName><required>false</required><Color z:Ref="i628"/><NameAttribute z:Ref="i627"/><Texture z:Ref="i630"/></URDFElement></ChildElements><ElementName>visual</ElementName><required>false</required><Geometry z:Ref="i623"/><Material z:Ref="i626"/><Origin z:Ref="i620"/></URDFElement><URDFElement z:Id="i632" i:type="Collision"><Attributes/><ChildElements><URDFElement z:Id="i633" i:type="Origin"><Attributes><Attribute z:Id="i634"><AttributeType>xyz</AttributeType><IsRequired>true</IsRequired><Value i:type="a:ArrayOfdouble" xmlns:a="http://schemas.microsoft.com/2003/10/Serialization/Arrays"><a:double>0</a:double><a:double>0</a:double><a:double>0</a:double></Value></Attribute><Attribute z:Id="i635"><AttributeType>rpy</AttributeType><IsRequired>true</IsRequired><Value i:type="a:ArrayOfdouble" xmlns:a="http://schemas.microsoft.com/2003/10/Serialization/Arrays"><a:double>0</a:double><a:double>0</a:double><a:double>0</a:double></Value></Attribute></Attributes><ChildElements/><ElementName>origin</ElementName><required>false</required><RPYAttribute z:Ref="i635"/><XYZAttribute z:Ref="i634"/><isCustomized>false</isCustomized></URDFElement><URDFElement z:Id="i636" i:type="Geometry"><Attributes/><ChildElements><URDFElement z:Id="i637" i:type="Mesh"><Attributes><Attribute z:Id="i638"><AttributeType>filename</AttributeType><IsRequired>true</IsRequired><Value i:nil="true"/></Attribute></Attributes><ChildElements/><ElementName>mesh</ElementName><required>false</required><FilenameAttribute z:Ref="i638"/></URDFElement></ChildElements><ElementName>geometry</ElementName><required>true</required><Mesh z:Ref="i637"/></URDFElement></ChildElements><ElementName>collision</ElementName><required>false</required><Geometry z:Ref="i636"/><Origin z:Ref="i633"/></URDFElement><URDFElement z:Id="i639" i:type="Joint"><Attributes><Attribute z:Id="i640"><AttributeType>name</AttributeType><IsRequired>true</IsRequired><Value i:type="a:string" xmlns:a="http://www.w3.org/2001/XMLSchema">caster4</Value></Attribute><Attribute z:Id="i641"><AttributeType>type</AttributeType><IsRequired>true</IsRequired><Value i:type="a:string" xmlns:a="http://www.w3.org/2001/XMLSchema">fixed</Value></Attribute></Attributes><ChildElements><URDFElement z:Id="i642" i:type="Origin"><Attributes><Attribute z:Id="i643"><AttributeType>xyz</AttributeType><IsRequired>true</IsRequired><Value i:type="a:ArrayOfdouble" xmlns:a="http://schemas.microsoft.com/2003/10/Serialization/Arrays"><a:double>-0.2301</a:double><a:double>0.093947</a:double><a:double>-0.06645</a:double></Value></Attribute><Attribute z:Id="i644"><AttributeType>rpy</AttributeType><IsRequired>true</IsRequired><Value i:type="a:ArrayOfdouble" xmlns:a="http://schemas.microsoft.com/2003/10/Serialization/Arrays"><a:double>0</a:double><a:double>0</a:double><a:double>0</a:double></Value></Attribute></Attributes><ChildElements/><ElementName>origin</ElementName><required>false</required><RPYAttribute z:Ref="i644"/><XYZAttribute z:Ref="i643"/><isCustomized>false</isCustomized></URDFElement><URDFElement z:Id="i645" i:type="ParentLink"><Attributes><Attribute z:Id="i646"><AttributeType>link</AttributeType><IsRequired>true</IsRequired><Value i:type="a:string" xmlns:a="http://www.w3.org/2001/XMLSchema">base_link</Value></Attribute></Attributes><ChildElements/><ElementName>parent</ElementName><required>true</required><NameAttribute z:Ref="i646"/></URDFElement><URDFElement z:Id="i647" i:type="ChildLink"><Attributes><Attribute z:Id="i648"><AttributeType>link</AttributeType><IsRequired>true</IsRequired><Value i:type="a:string" xmlns:a="http://www.w3.org/2001/XMLSchema">caster4_link</Value></Attribute></Attributes><ChildElements/><ElementName>child</ElementName><required>true</required><NameAttribute z:Ref="i648"/></URDFElement><URDFElement z:Id="i649" i:type="Axis"><Attributes><Attribute z:Id="i650"><AttributeType>xyz</AttributeType><IsRequired>true</IsRequired><Value i:type="a:ArrayOfdouble" xmlns:a="http://schemas.microsoft.com/2003/10/Serialization/Arrays"><a:double>0</a:double><a:double>0</a:double><a:double>0</a:double></Value></Attribute></Attributes><ChildElements/><ElementName>axis</ElementName><required>false</required><XYZAttribute z:Ref="i650"/></URDFElement><URDFElement z:Id="i651" i:type="Limit"><Attributes><Attribute z:Id="i652"><AttributeType>lower</AttributeType><IsRequired>false</IsRequired><Value i:nil="true"/></Attribute><Attribute z:Id="i653"><AttributeType>upper</AttributeType><IsRequired>false</IsRequired><Value i:nil="true"/></Attribute><Attribute z:Id="i654"><AttributeType>effort</AttributeType><IsRequired>true</IsRequired><Value i:nil="true"/></Attribute><Attribute z:Id="i655"><AttributeType>velocity</AttributeType><IsRequired>true</IsRequired><Value i:nil="true"/></Attribute></Attributes><ChildElements/><ElementName>limit</ElementName><required>false</required><EffortAttribute z:Ref="i654"/><LowerAttribute z:Ref="i652"/><UpperAttribute z:Ref="i653"/><VelocityAttribute z:Ref="i655"/></URDFElement><URDFElement z:Id="i656" i:type="Calibration"><Attributes><Attribute z:Id="i657"><AttributeType>rising</AttributeType><IsRequired>false</IsRequired><Value i:nil="true"/></Attribute><Attribute z:Id="i658"><AttributeType>falling</AttributeType><IsRequired>false</IsRequired><Value i:nil="true"/></Attribute></Attributes><ChildElements/><ElementName>calibration</ElementName><required>false</required><FallingAttribute z:Ref="i658"/><RisingAttribute z:Ref="i657"/></URDFElement><URDFElement z:Id="i659" i:type="Dynamics"><Attributes><Attribute z:Id="i660"><AttributeType>damping</AttributeType><IsRequired>false</IsRequired><Value i:nil="true"/></Attribute><Attribute z:Id="i661"><AttributeType>friction</AttributeType><IsRequired>false</IsRequired><Value i:nil="true"/></Attribute></Attributes><ChildElements/><ElementName>dynamics</ElementName><required>false</required><DampingAttribute z:Ref="i660"/><FrictionAttribute z:Ref="i661"/></URDFElement><URDFElement z:Id="i662" i:type="SafetyController"><Attributes><Attribute z:Id="i663"><AttributeType>soft_upper_limit</AttributeType><IsRequired>false</IsRequired><Value i:nil="true"/></Attribute><Attribute z:Id="i664"><AttributeType>soft_lower_limit</AttributeType><IsRequired>false</IsRequired><Value i:nil="true"/></Attribute><Attribute z:Id="i665"><AttributeType>k_position</AttributeType><IsRequired>false</IsRequired><Value i:nil="true"/></Attribute><Attribute z:Id="i666"><AttributeType>k_velocity</AttributeType><IsRequired>true</IsRequired><Value i:nil="true"/></Attribute></Attributes><ChildElements/><ElementName>safety_controller</ElementName><required>false</required><KPositionAttribute z:Ref="i665"/><KVelocityAttribute z:Ref="i666"/><SoftLowerAttribute z:Ref="i664"/><SoftUpperAttribute z:Ref="i663"/></URDFElement><URDFElement z:Id="i667" i:type="Mimic"><Attributes><Attribute z:Id="i668"><AttributeType>joint</AttributeType><IsRequired>true</IsRequired><Value i:nil="true"/></Attribute><Attribute z:Id="i669"><AttributeType>multiplier</AttributeType><IsRequired>false</IsRequired><Value i:nil="true"/></Attribute><Attribute z:Id="i670"><AttributeType>offset</AttributeType><IsRequired>false</IsRequired><Value i:nil="true"/></Attribute></Attributes><ChildElements/><ElementName>mimic</ElementName><required>false</required><JointNameAttribute z:Ref="i668"/><MultiplierAttribute z:Ref="i669"/><OffsetAttribute z:Ref="i670"/></URDFElement></ChildElements><ElementName>joint</ElementName><required>false</required><Axis z:Ref="i649"/><AxisName/><Calibration z:Ref="i656"/><Child z:Ref="i647"/><CoordinateSystemName>Coordinate System28</CoordinateSystemName><Dynamics z:Ref="i659"/><Limit z:Ref="i651"/><Mimic z:Ref="i667"/><NameAttribute z:Ref="i640"/><Origin z:Ref="i642"/><Parent z:Ref="i645"/><Safety z:Ref="i662"/><TypeAttribute z:Ref="i641"/></URDFElement></ChildElements><ElementName>link</ElementName><required>true</required><Children/><Collision z:Ref="i632"/><Inertial z:Ref="i606"/><Joint z:Ref="i639"/><NameAttribute z:Ref="i605"/><Parent z:Ref="i1"/><STLQualityFine>false</STLQualityFine><SWComponentPIDs xmlns:a="http://schemas.microsoft.com/2003/10/Serialization/Arrays"><a:base64Binary>aEIAAAUAAAD//v+GYwB1AG0AXwBkAGEAaAB1AG8AbgBnAF8AdAByAHUAbwBjAF8AcwBhAHUALQA2AEAAcgBvAGIAbwBWADMAKAB1AHIAZABmAF8AYwBoAGEAbgBnAGUAZAApAC8AcwB1AHMAcABlAG4AcwBpAG8AbgBfAHYAMgAtADEAQABjAHUAbQBfAGQAYQBoAHUAbwBuAGcAXwB0AHIAdQBvAGMAXwBzAGEAdQAvAGIAYQBuAGgAZABhAGgAdQBvAG4AZwAtADEAQABzAHUAcwBwAGUAbgBzAGkAbwBuAF8AdgAyAC8AYgBhAG4AaABfAGUAYQBzAHkALQAxAEAAYgBhAG4AaABkAGEAaAB1AG8AbgBnAAQAAAAQAAAAAQAAAAQAAAAgBgAAKwAAAHQAAABBAAAA</a:base64Binary></SWComponentPIDs><SWMainComponentPID i:nil="true"/><Visual z:Ref="i619"/><isFixedFrame>false</isFixedFrame><isIncomplete>false</isIncomplete></Link></Children><Collision z:Ref="i29"/><Inertial z:Ref="i3"/><Joint z:Ref="i36"/><NameAttribute z:Ref="i2"/><Parent i:nil="true"/><STLQualityFine>false</STLQualityFine><SWComponentPIDs xmlns:a="http://schemas.microsoft.com/2003/10/Serialization/Arrays"><a:base64Binary>aEIAAAUAAAD//v8mYwB1AG0AXwBiAGEAbgBoAF8AeABlAF8AbABvAG4ALQAzAEAAcgBvAGIAbwBWADMAKAB1AHIAZABmAF8AYwBoAGEAbgBnAGUAZAApAAQAAAAQAAAAAQAAAAEAAACMAQAA</a:base64Binary><a:base64Binary>aEIAAAUAAAD//v8bMgAwAG0AbQAtADIAQAByAG8AYgBvAFYAMwAoAHUAcgBkAGYAXwBjAGgAYQBuAGcAZQBkACkABAAAABAAAAABAAAAAQAAACkCAAA=</a:base64Binary><a:base64Binary>aEIAAAUAAAD//v8bMgAwAG0AbQAtADgAQAByAG8AYgBvAFYAMwAoAHUAcgBkAGYAXwBjAGgAYQBuAGcAZQBkACkABAAAABAAAAABAAAAAQAAAC8CAAA=</a:base64Binary><a:base64Binary>aEIAAAUAAAD//v8gbQBvAHQAbwByAEEAeABpAHMALQAxAEAAcgBvAGIAbwBWADMAKAB1AHIAZABmAF8AYwBoAGEAbgBnAGUAZAApAAQAAAAQAAAAAQAAAAEAAACrAgAA</a:base64Binary><a:base64Binary>aEIAAAUAAAD//v8jbABpAGQAYQByAF8AcAB1AHMAaAB1AHAALQAxAEAAcgBvAGIAbwBWADMAKAB1AHIAZABmAF8AYwBoAGEAbgBnAGUAZAApAAQAAAAQAAAAAQAAAAEAAACHBAAA</a:base64Binary><a:base64Binary>aEIAAAUAAAD//v8ncwB0AGEAbgBkAG8AZgBmAF8ATQAyAF8AMgAwAG0AbQAtADEAQAByAG8AYgBvAFYAMwAoAHUAcgBkAGYAXwBjAGgAYQBuAGcAZQBkACkABAAAABAAAAABAAAAAQAAAMkEAAA=</a:base64Binary><a:base64Binary>aEIAAAUAAAD//v8ncwB0AGEAbgBkAG8AZgBmAF8ATQAyAF8AMgAwAG0AbQAtADMAQAByAG8AYgBvAFYAMwAoAHUAcgBkAGYAXwBjAGgAYQBuAGcAZQBkACkABAAAABAAAAABAAAAAQAAANAEAAA=</a:base64Binary><a:base64Binary>aEIAAAUAAAD//v8ncwB0AGEAbgBkAG8AZgBmAF8ATQAyAF8AMgAwAG0AbQAtADQAQAByAG8AYgBvAFYAMwAoAHUAcgBkAGYAXwBjAGgAYQBuAGcAZQBkACkABAAAABAAAAABAAAAAQAAANYEAAA=</a:base64Binary><a:base64Binary>aEIAAAUAAAD//v8ncwB0AGEAbgBkAG8AZgBmAF8ATQAyAF8AMgAwAG0AbQAtADUAQAByAG8AYgBvAFYAMwAoAHUAcgBkAGYAXwBjAGgAYQBuAGcAZQBkACkABAAAABAAAAABAAAAAQAAANkEAAA=</a:base64Binary><a:base64Binary>aEIAAAUAAAD//v8eYgBhAHQAdABlAHIAeQAtADEAQAByAG8AYgBvAFYAMwAoAHUAcgBkAGYAXwBjAGgAYQBuAGcAZQBkACkABAAAABAAAAABAAAAAQAAANwEAAA=</a:base64Binary><a:base64Binary>aEIAAAUAAAD//v8oaABvAHYAZQByAGIAbwBhAHIAZABfAGQAcgBpAHYAZQByAC0AMQBAAHIAbwBiAG8AVgAzACgAdQByAGQAZgBfAGMAaABhAG4AZwBlAGQAKQAEAAAAEAAAAAEAAAABAAAA3QQAAA==</a:base64Binary><a:base64Binary>aEIAAAUAAAD//v8oYwB1AG0AXwByAGUAbABhAHkAXwBtAHkANABuAF8ANABwAC0AMQBAAHIAbwBiAG8AVgAzACgAdQByAGQAZgBfAGMAaABhAG4AZwBlAGQAKQAEAAAAEAAAAAEAAAABAAAA4QQAAA==</a:base64Binary><a:base64Binary>aEIAAAUAAAD//v8jbABpAGQAYQByAF8AcAB1AHMAaAB1AHAALQAzAEAAcgBvAGIAbwBWADMAKAB1AHIAZABmAF8AYwBoAGEAbgBnAGUAZAApAAQAAAAQAAAAAQAAAAEAAAATBQAA</a:base64Binary><a:base64Binary>aEIAAAUAAAD//v8oMwA2AHYAXwAxADIAdgBfAGMAbwBuAHYAZQByAHQAZQByAC0AMQBAAHIAbwBiAG8AVgAzACgAdQByAGQAZgBfAGMAaABhAG4AZwBlAGQAKQAEAAAAEAAAAAEAAAABAAAAIAUAAA==</a:base64Binary><a:base64Binary>aEIAAAUAAAD//v8jcgBlAG0AbwB0AGUAXwByAGUAbABhAHkALQAxAEAAcgBvAGIAbwBWADMAKAB1AHIAZABmAF8AYwBoAGEAbgBnAGUAZAApAAQAAAAQAAAAAQAAAAEAAAAxBQAA</a:base64Binary><a:base64Binary>aEIAAAUAAAD//v8lYQBsAHUAbQBpAG4AaQB1AG0AXwBiAGEAcwBlAC0AMQBAAHIAbwBiAG8AVgAzACgAdQByAGQAZgBfAGMAaABhAG4AZwBlAGQAKQAEAAAAEAAAAAEAAAABAAAANQUAAA==</a:base64Binary><a:base64Binary>aEIAAAUAAAD//v8icABpAF8AaABhAG4AZwBfAGkAbQB1AC0AMQBAAHIAbwBiAG8AVgAzACgAdQByAGQAZgBfAGMAaABhAG4AZwBlAGQAKQAEAAAAEAAAAAEAAAABAAAAWwUAAA==</a:base64Binary><a:base64Binary>aEIAAAUAAAD//v8jVwBFAEkARABVACAAVABCADIANQBYAFgALQAxAEAAcgBvAGIAbwBWADMAKAB1AHIAZABmAF8AYwBoAGEAbgBnAGUAZAApAAQAAAAQAAAAAQAAAAEAAAB4BQAA</a:base64Binary><a:base64Binary>aEIAAAUAAAD//v8rHwRABD4ERAQ4BDsETAQgAFYALQBzAGwAbwB0ACAAMgAwAHgANAAwAC0AMQBAAHIAbwBiAG8AVgAzACgAdQByAGQAZgBfAGMAaABhAG4AZwBlAGQAKQAEAAAAEAAAAAEAAAABAAAAfgUAAA==</a:base64Binary><a:base64Binary>aEIAAAUAAAD//v8rHwRABD4ERAQ4BDsETAQgAFYALQBzAGwAbwB0ACAAMgAwAHgANAAwAC0AMwBAAHIAbwBiAG8AVgAzACgAdQByAGQAZgBfAGMAaABhAG4AZwBlAGQAKQAEAAAAEAAAAAEAAAABAAAAgAUAAA==</a:base64Binary><a:base64Binary>aEIAAAUAAAD//v88MgAwAHgAMgAwAF8AYQBsAHUAbQBpAG4AdQBtAF8AZQB4AHQAcgB1AHMAaQBvAG4AXwBwAHIAbwBmAGkAbABlACAAMgA2AGMAbQAtADEAQAByAG8AYgBvAFYAMwAoAHUAcgBkAGYAXwBjAGgAYQBuAGcAZQBkACkABAAAABAAAAABAAAAAQAAAJkFAAA=</a:base64Binary><a:base64Binary>aEIAAAUAAAD//v8cMgAwAG0AbQAtADEAMABAAHIAbwBiAG8AVgAzACgAdQByAGQAZgBfAGMAaABhAG4AZwBlAGQAKQAEAAAAEAAAAAEAAAABAAAAygUAAA==</a:base64Binary><a:base64Binary>aEIAAAUAAAD//v8mYwB1AG0AXwBiAGEAbgBoAF8AeABlAF8AbABvAG4ALQA1AEAAcgBvAGIAbwBWADMAKAB1AHIAZABmAF8AYwBoAGEAbgBnAGUAZAApAAQAAAAQAAAAAQAAAAEAAADLBQAA</a:base64Binary><a:base64Binary>aEIAAAUAAAD//v8gbQBvAHQAbwByAEEAeABpAHMALQA0AEAAcgBvAGIAbwBWADMAKAB1AHIAZABmAF8AYwBoAGEAbgBnAGUAZAApAAQAAAAQAAAAAQAAAAEAAADMBQAA</a:base64Binary><a:base64Binary>aEIAAAUAAAD//v8cMgAwAG0AbQAtADEAMQBAAHIAbwBiAG8AVgAzACgAdQByAGQAZgBfAGMAaABhAG4AZwBlAGQAKQAEAAAAEAAAAAEAAAABAAAAzQUAAA==</a:base64Binary><a:base64Binary>aEIAAAUAAAD//v8sYwB1AG0AXwBkAGEAaAB1AG8AbgBnAF8AdAByAHUAbwBjAF8AcwBhAHUALQA1AEAAcgBvAGIAbwBWADMAKAB1AHIAZABmAF8AYwBoAGEAbgBnAGUAZAApAAQAAAAQAAAAAQAAAAEAAAAZBgAA</a:base64Binary><a:base64Binary>aEIAAAUAAAD//v8sYwB1AG0AXwBkAGEAaAB1AG8AbgBnAF8AdAByAHUAbwBjAF8AcwBhAHUALQA2AEAAcgBvAGIAbwBWADMAKAB1AHIAZABmAF8AYwBoAGEAbgBnAGUAZAApAAQAAAAQAAAAAQAAAAEAAAAgBgAA</a:base64Binary><a:base64Binary>aEIAAAUAAAD//v8kZgB1AGwAbABfAGMAbwB2AGUAcgBfAHYAMgAtADEAQAByAG8AYgBvAFYAMwAoAHUAcgBkAGYAXwBjAGgAYQBuAGcAZQBkACkABAAAABAAAAABAAAAAQAAAFwGAAA=</a:base64Binary><a:base64Binary>aEIAAAUAAAD//v8pYwBvAHYAZQByAF8AagBvAGkAbgB0AF8AdgAzAC4AMQAuADIALQAxAEAAcgBvAGIAbwBWADMAKAB1AHIAZABmAF8AYwBoAGEAbgBnAGUAZAApAAQAAAAQAAAAAQAAAAEAAACjBgAA</a:base64Binary><a:base64Binary>aEIAAAUAAAD//v8ZagAxAC0AMQBAAHIAbwBiAG8AVgAzACgAdQByAGQAZgBfAGMAaABhAG4AZwBlAGQAKQAEAAAAEAAAAAEAAAABAAAArAYAAA==</a:base64Binary><a:base64Binary>aEIAAAUAAAD//v8ZagAxAC0AMgBAAHIAbwBiAG8AVgAzACgAdQByAGQAZgBfAGMAaABhAG4AZwBlAGQAKQAEAAAAEAAAAAEAAAABAAAArQYAAA==</a:base64Binary><a:base64Binary>aEIAAAUAAAD//v8ebQBhAHQAeABlAG8AMQAtADEAQAByAG8AYgBvAFYAMwAoAHUAcgBkAGYAXwBjAGgAYQBuAGcAZQBkACkABAAAABAAAAABAAAAAQAAAL0GAAA=</a:base64Binary><a:base64Binary>aEIAAAUAAAD//v8tQQByAGMAYQBkAGUAIABQAHUAcwBoACAAYgB1AHQAdABvAG4AIABhAHMAbQAtADIAQAByAG8AYgBvAFYAMwAoAHUAcgBkAGYAXwBjAGgAYQBuAGcAZQBkACkABAAAABAAAAABAAAAAQAAAM8GAAA=</a:base64Binary><a:base64Binary>aEIAAAUAAAD//v86UwB0AG8AcAAgAFMAdwBpAHQAYwBoACAAUAB1AHMAaAAgAEIAdQB0AHQAbwBuACAATABBAFkAMwA3ACAAKABQAEIAQwApAC0AMwBAAHIAbwBiAG8AVgAzACgAdQByAGQAZgBfAGMAaABhAG4AZwBlAGQAKQAEAAAAEAAAAAEAAAABAAAA9wYAAA==</a:base64Binary><a:base64Binary>aEIAAAUAAAD//v8sYwBvAHYAZQByAF8AdQBwAF8AdgAyAF8AbABpAG4AaABfAG0AaQBjAGEALQAxAEAAcgBvAGIAbwBWADMAKAB1AHIAZABmAF8AYwBoAGEAbgBnAGUAZAApAAQAAAAQAAAAAQAAAAEAAADZBwAA</a:base64Binary><a:base64Binary>aEIAAAUAAAD//v8eYQBsAGkAYgBhAGIAYQAtADEAQAByAG8AYgBvAFYAMwAoAHUAcgBkAGYAXwBjAGgAYQBuAGcAZQBkACkABAAAABAAAAABAAAAAQAAADYIAAA=</a:base64Binary><a:base64Binary>aEIAAAUAAAD//v8aYwBoAGUALQAxAEAAcgBvAGIAbwBWADMAKAB1AHIAZABmAF8AYwBoAGEAbgBnAGUAZAApAAQAAAAQAAAAAQAAAAEAAAA8CAAA</a:base64Binary><a:base64Binary>aEIAAAUAAAD//v8aYwBoAGUALQAyAEAAcgBvAGIAbwBWADMAKAB1AHIAZABmAF8AYwBoAGEAbgBnAGUAZAApAAQAAAAQAAAAAQAAAAEAAABQCAAA</a:base64Binary><a:base64Binary>aEIAAAUAAAD//v8aYwBoAGUALQAzAEAAcgBvAGIAbwBWADMAKAB1AHIAZABmAF8AYwBoAGEAbgBnAGUAZAApAAQAAAAQAAAAAQAAAAEAAABZCAAA</a:base64Binary><a:base64Binary>aEIAAAUAAAD//v8aYwBoAGUALQA0AEAAcgBvAGIAbwBWADMAKAB1AHIAZABmAF8AYwBoAGEAbgBnAGUAZAApAAQAAAAQAAAAAQAAAAEAAABhCAAA</a:base64Binary><a:base64Binary>aEIAAAUAAAD//v8aYwBoAGUALQA1AEAAcgBvAGIAbwBWADMAKAB1AHIAZABmAF8AYwBoAGEAbgBnAGUAZAApAAQAAAAQAAAAAQAAAAEAAABpCAAA</a:base64Binary><a:base64Binary>aEIAAAUAAAD//v8aYwBoAGUALQA2AEAAcgBvAGIAbwBWADMAKAB1AHIAZABmAF8AYwBoAGEAbgBnAGUAZAApAAQAAAAQAAAAAQAAAAEAAABxCAAA</a:base64Binary><a:base64Binary>aEIAAAUAAAD//v8lZwBhAF8AbQBpAG4AaQBwAGMAXwBjAG8AbQBwAC0AMQBAAHIAbwBiAG8AVgAzACgAdQByAGQAZgBfAGMAaABhAG4AZwBlAGQAKQAEAAAAEAAAAAEAAAABAAAAxggAAA==</a:base64Binary><a:base64Binary>aEIAAAUAAAD//v8jZwBhAF8AbQBpAG4AaQBwAGMAXwB2ADIALQAyAEAAcgBvAGIAbwBWADMAKAB1AHIAZABmAF8AYwBoAGEAbgBnAGUAZAApAAQAAAAQAAAAAQAAAAEAAACxCAAA</a:base64Binary><a:base64Binary>aEIAAAUAAAD//v8jZwBhAF8AbQBpAG4AaQBwAGMAXwB2ADIALQAxAEAAcgBvAGIAbwBWADMAKAB1AHIAZABmAF8AYwBoAGEAbgBnAGUAZAApAAQAAAAQAAAAAQAAAAEAAACwCAAA</a:base64Binary><a:base64Binary>aEIAAAUAAAD//v8eaABvAHAAXwBwAGkAbgAtADEAQAByAG8AYgBvAFYAMwAoAHUAcgBkAGYAXwBjAGgAYQBuAGcAZQBkACkABAAAABAAAAABAAAAAQAAAN8IAAA=</a:base64Binary><a:base64Binary>aEIAAAUAAAD//v8fbgBhAG4AZwBfAGMAYQBtAC0AMQBAAHIAbwBiAG8AVgAzACgAdQByAGQAZgBfAGMAaABhAG4AZwBlAGQAKQAEAAAAEAAAAAEAAAABAAAA6ggAAA==</a:base64Binary><a:base64Binary>aEIAAAUAAAD//v81ZwBhAF8AYwBvAG0ALQAxAEAAcgBvAGIAbwBWADMAKAB1AHIAZABmAF8AYwBoAGEAbgBnAGUAZAApAC8AMgAwAHgAMgAwAF8AYQBsAHUAXwBkAG8AYwAxAC0AMgBAAGcAYQBfAGMAbwBtAAQAAAAQAAAAAQAAAAIAAAANCQAAGwAAAA==</a:base64Binary><a:base64Binary>aEIAAAUAAAD//v81ZwBhAF8AYwBvAG0ALQAxAEAAcgBvAGIAbwBWADMAKAB1AHIAZABmAF8AYwBoAGEAbgBnAGUAZAApAC8AMgAwAHgAMgAwAF8AYQBsAHUAXwBkAG8AYwAxAC0AMQBAAGcAYQBfAGMAbwBtAAQAAAAQAAAAAQAAAAIAAAANCQAAGgAAAA==</a:base64Binary><a:base64Binary>aEIAAAUAAAD//v8uZwBhAF8AYwBvAG0ALQAxAEAAcgBvAGIAbwBWADMAKAB1AHIAZABmAF8AYwBoAGEAbgBnAGUAZAApAC8AdABhAGIAbABlAHQAMgAtADEAQABnAGEAXwBjAG8AbQAEAAAAEAAAAAEAAAACAAAADQkAACcAAAA=</a:base64Binary><a:base64Binary>aEIAAAUAAAD//v8uZwBhAF8AYwBvAG0ALQAxAEAAcgBvAGIAbwBWADMAKAB1AHIAZABmAF8AYwBoAGEAbgBnAGUAZAApAC8AdABhAGIAbABlAHQAMQAtADEAQABnAGEAXwBjAG8AbQAEAAAAEAAAAAEAAAACAAAADQkAABwAAAA=</a:base64Binary><a:base64Binary>aEIAAAUAAAD//v8yZwBhAF8AYwBvAG0ALQAxAEAAcgBvAGIAbwBWADMAKAB1AHIAZABmAF8AYwBoAGEAbgBnAGUAZAApAC8AbQBpAGMAYQBfAHQAYQBiAGwAZQB0AC0AMQBAAGcAYQBfAGMAbwBtAAQAAAAQAAAAAQAAAAIAAAANCQAALAAAAA==</a:base64Binary><a:base64Binary>aEIAAAUAAAD//v9HZwBhAF8AYwBvAG0ALQAxAEAAcgBvAGIAbwBWADMAKAB1AHIAZABmAF8AYwBoAGEAbgBnAGUAZAApAC8AbwBwAF8AdABhAGIALQAxAEAAZwBhAF8AYwBvAG0ALwBmAHIAbwBuAHQAXwBvAHAAXwB0AGEAYgBsAGUAdAAzAC0AMgBAAG8AcABfAHQAYQBiAAQAAAAQAAAAAQAAAAMAAAANCQAAMAAAABoAAAA=</a:base64Binary><a:base64Binary>aEIAAAUAAAD//v9GZwBhAF8AYwBvAG0ALQAxAEAAcgBvAGIAbwBWADMAKAB1AHIAZABmAF8AYwBoAGEAbgBnAGUAZAApAC8AbwBwAF8AdABhAGIALQAxAEAAZwBhAF8AYwBvAG0ALwBiAGEAYwBrAF8AbwBwAF8AdABhAGIAbABlAHQAMwAtADIAQABvAHAAXwB0AGEAYgAEAAAAEAAAAAEAAAADAAAADQkAADAAAAAbAAAA</a:base64Binary><a:base64Binary>aEIAAAUAAAD//v83ZwBhAF8AYwBvAG0ALQAxAEAAcgBvAGIAbwBWADMAKAB1AHIAZABmAF8AYwBoAGEAbgBnAGUAZAApAC8AMgAwAHgAMgAwAF8AYQBsAHUAXwBuAGcAYQBuAGcAMQAtADEAQABnAGEAXwBjAG8AbQAEAAAAEAAAAAEAAAACAAAADQkAABkAAAA=</a:base64Binary><a:base64Binary>aEIAAAUAAAD//v8faABvAHAAXwBuAGEAbgBvAC0AMQBAAHIAbwBiAG8AVgAzACgAdQByAGQAZgBfAGMAaABhAG4AZwBlAGQAKQAEAAAAEAAAAAEAAAABAAAANAkAAA==</a:base64Binary></SWComponentPIDs><SWMainComponentPID i:nil="true"/><Visual z:Ref="i16"/><isFixedFrame>false</isFixedFrame><isIncomplete>false</isIncomplete></Link>
2025-06-26 14:59:22,931 INFO  ExportHelperExtension.cs: 347 - Creating joint lidar_link
2025-06-26 14:59:22,936 INFO  ExportHelperExtension.cs: 1397 - Fixing components for base_link
2025-06-26 14:59:22,937 INFO  ExportHelperExtension.cs: 1402 - Fixing 396
2025-06-26 14:59:22,937 INFO  ExportHelperExtension.cs: 1402 - Fixing 553
2025-06-26 14:59:22,938 INFO  ExportHelperExtension.cs: 1402 - Fixing 559
2025-06-26 14:59:22,938 INFO  ExportHelperExtension.cs: 1402 - Fixing 683
2025-06-26 14:59:22,938 INFO  ExportHelperExtension.cs: 1402 - Fixing 1159
2025-06-26 14:59:22,939 INFO  ExportHelperExtension.cs: 1402 - Fixing 1225
2025-06-26 14:59:22,939 INFO  ExportHelperExtension.cs: 1402 - Fixing 1232
2025-06-26 14:59:22,939 INFO  ExportHelperExtension.cs: 1402 - Fixing 1238
2025-06-26 14:59:22,939 INFO  ExportHelperExtension.cs: 1402 - Fixing 1241
2025-06-26 14:59:22,940 INFO  ExportHelperExtension.cs: 1402 - Fixing 1244
2025-06-26 14:59:22,940 INFO  ExportHelperExtension.cs: 1402 - Fixing 1245
2025-06-26 14:59:22,940 INFO  ExportHelperExtension.cs: 1402 - Fixing 1249
2025-06-26 14:59:22,940 INFO  ExportHelperExtension.cs: 1402 - Fixing 1299
2025-06-26 14:59:22,941 INFO  ExportHelperExtension.cs: 1402 - Fixing 1312
2025-06-26 14:59:22,941 INFO  ExportHelperExtension.cs: 1402 - Fixing 1329
2025-06-26 14:59:22,941 INFO  ExportHelperExtension.cs: 1402 - Fixing 1333
2025-06-26 14:59:22,941 INFO  ExportHelperExtension.cs: 1409 - Component 1333 is already fixed
2025-06-26 14:59:22,942 INFO  ExportHelperExtension.cs: 1402 - Fixing 1371
2025-06-26 14:59:22,942 INFO  ExportHelperExtension.cs: 1402 - Fixing 1400
2025-06-26 14:59:22,943 INFO  ExportHelperExtension.cs: 1402 - Fixing 1406
2025-06-26 14:59:22,943 INFO  ExportHelperExtension.cs: 1402 - Fixing 1408
2025-06-26 14:59:22,943 INFO  ExportHelperExtension.cs: 1409 - Component 1408 is already fixed
2025-06-26 14:59:22,943 INFO  ExportHelperExtension.cs: 1402 - Fixing 1433
2025-06-26 14:59:22,944 INFO  ExportHelperExtension.cs: 1402 - Fixing 1482
2025-06-26 14:59:22,944 INFO  ExportHelperExtension.cs: 1402 - Fixing 1483
2025-06-26 14:59:22,944 INFO  ExportHelperExtension.cs: 1402 - Fixing 1484
2025-06-26 14:59:22,945 INFO  ExportHelperExtension.cs: 1402 - Fixing 1485
2025-06-26 14:59:22,945 INFO  ExportHelperExtension.cs: 1402 - Fixing 1561
2025-06-26 14:59:22,945 INFO  ExportHelperExtension.cs: 1402 - Fixing 1568
2025-06-26 14:59:22,946 INFO  ExportHelperExtension.cs: 1402 - Fixing 1628
2025-06-26 14:59:22,946 INFO  ExportHelperExtension.cs: 1402 - Fixing 1699
2025-06-26 14:59:22,946 INFO  ExportHelperExtension.cs: 1402 - Fixing 1708
2025-06-26 14:59:22,946 INFO  ExportHelperExtension.cs: 1402 - Fixing 1709
2025-06-26 14:59:22,947 INFO  ExportHelperExtension.cs: 1402 - Fixing 1725
2025-06-26 14:59:22,947 INFO  ExportHelperExtension.cs: 1402 - Fixing 1743
2025-06-26 14:59:22,947 INFO  ExportHelperExtension.cs: 1402 - Fixing 1783
2025-06-26 14:59:22,947 INFO  ExportHelperExtension.cs: 1402 - Fixing 2009
2025-06-26 14:59:22,948 INFO  ExportHelperExtension.cs: 1402 - Fixing 2102
2025-06-26 14:59:22,948 INFO  ExportHelperExtension.cs: 1402 - Fixing 2108
2025-06-26 14:59:22,948 INFO  ExportHelperExtension.cs: 1402 - Fixing 2128
2025-06-26 14:59:22,948 INFO  ExportHelperExtension.cs: 1402 - Fixing 2137
2025-06-26 14:59:22,949 INFO  ExportHelperExtension.cs: 1402 - Fixing 2145
2025-06-26 14:59:22,949 INFO  ExportHelperExtension.cs: 1402 - Fixing 2153
2025-06-26 14:59:22,949 INFO  ExportHelperExtension.cs: 1402 - Fixing 2161
2025-06-26 14:59:22,950 INFO  ExportHelperExtension.cs: 1402 - Fixing 2246
2025-06-26 14:59:22,950 INFO  ExportHelperExtension.cs: 1402 - Fixing 2225
2025-06-26 14:59:22,950 INFO  ExportHelperExtension.cs: 1402 - Fixing 2224
2025-06-26 14:59:22,950 INFO  ExportHelperExtension.cs: 1402 - Fixing 2271
2025-06-26 14:59:22,951 INFO  ExportHelperExtension.cs: 1402 - Fixing 2282
2025-06-26 14:59:22,951 INFO  ExportHelperExtension.cs: 1402 - Fixing 27
2025-06-26 14:59:22,951 INFO  ExportHelperExtension.cs: 1402 - Fixing 26
2025-06-26 14:59:22,951 INFO  ExportHelperExtension.cs: 1402 - Fixing 25
2025-06-26 14:59:22,952 INFO  ExportHelperExtension.cs: 1402 - Fixing 2356
2025-06-26 14:59:22,952 INFO  ExportHelperExtension.cs: 1402 - Fixing 2414
2025-06-26 14:59:22,952 INFO  ExportHelperExtension.cs: 1402 - Fixing 2415
2025-06-26 14:59:22,952 INFO  ExportHelperExtension.cs: 1402 - Fixing 2424
2025-06-26 14:59:24,504 INFO  ExportHelperExtension.cs: 832 - R1: 0, 0
2025-06-26 14:59:24,505 INFO  ExportHelperExtension.cs: 841 - R2: 0, 0
2025-06-26 14:59:24,505 INFO  ExportHelperExtension.cs: 849 - L1: 0
2025-06-26 14:59:24,505 INFO  ExportHelperExtension.cs: 857 - L2: 0
2025-06-26 14:59:24,635 INFO  ExportHelperExtension.cs: 1352 - Unfixing component 396
2025-06-26 14:59:24,639 INFO  ExportHelperExtension.cs: 1352 - Unfixing component 553
2025-06-26 14:59:24,639 INFO  ExportHelperExtension.cs: 1352 - Unfixing component 559
2025-06-26 14:59:24,640 INFO  ExportHelperExtension.cs: 1352 - Unfixing component 683
2025-06-26 14:59:24,640 INFO  ExportHelperExtension.cs: 1352 - Unfixing component 1159
2025-06-26 14:59:24,640 INFO  ExportHelperExtension.cs: 1352 - Unfixing component 1225
2025-06-26 14:59:24,640 INFO  ExportHelperExtension.cs: 1352 - Unfixing component 1232
2025-06-26 14:59:24,640 INFO  ExportHelperExtension.cs: 1352 - Unfixing component 1238
2025-06-26 14:59:24,641 INFO  ExportHelperExtension.cs: 1352 - Unfixing component 1241
2025-06-26 14:59:24,641 INFO  ExportHelperExtension.cs: 1352 - Unfixing component 1244
2025-06-26 14:59:24,642 INFO  ExportHelperExtension.cs: 1352 - Unfixing component 1245
2025-06-26 14:59:24,642 INFO  ExportHelperExtension.cs: 1352 - Unfixing component 1249
2025-06-26 14:59:24,642 INFO  ExportHelperExtension.cs: 1352 - Unfixing component 1299
2025-06-26 14:59:24,642 INFO  ExportHelperExtension.cs: 1352 - Unfixing component 1312
2025-06-26 14:59:24,642 INFO  ExportHelperExtension.cs: 1352 - Unfixing component 1329
2025-06-26 14:59:24,643 INFO  ExportHelperExtension.cs: 1352 - Unfixing component 1371
2025-06-26 14:59:24,643 INFO  ExportHelperExtension.cs: 1352 - Unfixing component 1400
2025-06-26 14:59:24,643 INFO  ExportHelperExtension.cs: 1352 - Unfixing component 1406
2025-06-26 14:59:24,644 INFO  ExportHelperExtension.cs: 1352 - Unfixing component 1433
2025-06-26 14:59:24,645 INFO  ExportHelperExtension.cs: 1352 - Unfixing component 1482
2025-06-26 14:59:24,645 INFO  ExportHelperExtension.cs: 1352 - Unfixing component 1483
2025-06-26 14:59:24,645 INFO  ExportHelperExtension.cs: 1352 - Unfixing component 1484
2025-06-26 14:59:24,645 INFO  ExportHelperExtension.cs: 1352 - Unfixing component 1485
2025-06-26 14:59:24,646 INFO  ExportHelperExtension.cs: 1352 - Unfixing component 1561
2025-06-26 14:59:24,646 INFO  ExportHelperExtension.cs: 1352 - Unfixing component 1568
2025-06-26 14:59:24,646 INFO  ExportHelperExtension.cs: 1352 - Unfixing component 1628
2025-06-26 14:59:24,646 INFO  ExportHelperExtension.cs: 1352 - Unfixing component 1699
2025-06-26 14:59:24,647 INFO  ExportHelperExtension.cs: 1352 - Unfixing component 1708
2025-06-26 14:59:24,647 INFO  ExportHelperExtension.cs: 1352 - Unfixing component 1709
2025-06-26 14:59:24,647 INFO  ExportHelperExtension.cs: 1352 - Unfixing component 1725
2025-06-26 14:59:24,648 INFO  ExportHelperExtension.cs: 1352 - Unfixing component 1743
2025-06-26 14:59:24,648 INFO  ExportHelperExtension.cs: 1352 - Unfixing component 1783
2025-06-26 14:59:24,648 INFO  ExportHelperExtension.cs: 1352 - Unfixing component 2009
2025-06-26 14:59:24,648 INFO  ExportHelperExtension.cs: 1352 - Unfixing component 2102
2025-06-26 14:59:24,649 INFO  ExportHelperExtension.cs: 1352 - Unfixing component 2108
2025-06-26 14:59:24,649 INFO  ExportHelperExtension.cs: 1352 - Unfixing component 2128
2025-06-26 14:59:24,649 INFO  ExportHelperExtension.cs: 1352 - Unfixing component 2137
2025-06-26 14:59:24,649 INFO  ExportHelperExtension.cs: 1352 - Unfixing component 2145
2025-06-26 14:59:24,650 INFO  ExportHelperExtension.cs: 1352 - Unfixing component 2153
2025-06-26 14:59:24,650 INFO  ExportHelperExtension.cs: 1352 - Unfixing component 2161
2025-06-26 14:59:24,650 INFO  ExportHelperExtension.cs: 1352 - Unfixing component 2246
2025-06-26 14:59:24,651 INFO  ExportHelperExtension.cs: 1352 - Unfixing component 2225
2025-06-26 14:59:24,651 INFO  ExportHelperExtension.cs: 1352 - Unfixing component 2224
2025-06-26 14:59:24,651 INFO  ExportHelperExtension.cs: 1352 - Unfixing component 2271
2025-06-26 14:59:24,651 INFO  ExportHelperExtension.cs: 1352 - Unfixing component 2282
2025-06-26 14:59:24,652 INFO  ExportHelperExtension.cs: 1352 - Unfixing component 27
2025-06-26 14:59:24,652 INFO  ExportHelperExtension.cs: 1352 - Unfixing component 26
2025-06-26 14:59:24,652 INFO  ExportHelperExtension.cs: 1352 - Unfixing component 25
2025-06-26 14:59:24,653 INFO  ExportHelperExtension.cs: 1352 - Unfixing component 2356
2025-06-26 14:59:24,653 INFO  ExportHelperExtension.cs: 1352 - Unfixing component 2414
2025-06-26 14:59:24,653 INFO  ExportHelperExtension.cs: 1352 - Unfixing component 2415
2025-06-26 14:59:24,654 INFO  ExportHelperExtension.cs: 1352 - Unfixing component 2424
2025-06-26 14:59:26,671 WARN  ExportHelperExtension.cs: 351 - Creating joint from parent base_link to child lidar_link failed
2025-06-26 14:59:26,966 INFO  ExportHelperExtension.cs: 347 - Creating joint imu_link
2025-06-26 14:59:26,967 INFO  ExportHelperExtension.cs: 1397 - Fixing components for base_link
2025-06-26 14:59:26,967 INFO  ExportHelperExtension.cs: 1402 - Fixing 396
2025-06-26 14:59:26,968 INFO  ExportHelperExtension.cs: 1402 - Fixing 553
2025-06-26 14:59:26,968 INFO  ExportHelperExtension.cs: 1402 - Fixing 559
2025-06-26 14:59:26,968 INFO  ExportHelperExtension.cs: 1402 - Fixing 683
2025-06-26 14:59:26,969 INFO  ExportHelperExtension.cs: 1402 - Fixing 1159
2025-06-26 14:59:26,969 INFO  ExportHelperExtension.cs: 1402 - Fixing 1225
2025-06-26 14:59:26,969 INFO  ExportHelperExtension.cs: 1402 - Fixing 1232
2025-06-26 14:59:26,970 INFO  ExportHelperExtension.cs: 1402 - Fixing 1238
2025-06-26 14:59:26,970 INFO  ExportHelperExtension.cs: 1402 - Fixing 1241
2025-06-26 14:59:26,970 INFO  ExportHelperExtension.cs: 1402 - Fixing 1244
2025-06-26 14:59:26,971 INFO  ExportHelperExtension.cs: 1402 - Fixing 1245
2025-06-26 14:59:26,971 INFO  ExportHelperExtension.cs: 1402 - Fixing 1249
2025-06-26 14:59:26,972 INFO  ExportHelperExtension.cs: 1402 - Fixing 1299
2025-06-26 14:59:26,972 INFO  ExportHelperExtension.cs: 1402 - Fixing 1312
2025-06-26 14:59:26,972 INFO  ExportHelperExtension.cs: 1402 - Fixing 1329
2025-06-26 14:59:26,973 INFO  ExportHelperExtension.cs: 1402 - Fixing 1333
2025-06-26 14:59:26,973 INFO  ExportHelperExtension.cs: 1409 - Component 1333 is already fixed
2025-06-26 14:59:26,974 INFO  ExportHelperExtension.cs: 1402 - Fixing 1371
2025-06-26 14:59:26,974 INFO  ExportHelperExtension.cs: 1402 - Fixing 1400
2025-06-26 14:59:26,974 INFO  ExportHelperExtension.cs: 1402 - Fixing 1406
2025-06-26 14:59:26,974 INFO  ExportHelperExtension.cs: 1402 - Fixing 1408
2025-06-26 14:59:26,975 INFO  ExportHelperExtension.cs: 1409 - Component 1408 is already fixed
2025-06-26 14:59:26,975 INFO  ExportHelperExtension.cs: 1402 - Fixing 1433
2025-06-26 14:59:26,976 INFO  ExportHelperExtension.cs: 1402 - Fixing 1482
2025-06-26 14:59:26,976 INFO  ExportHelperExtension.cs: 1402 - Fixing 1483
2025-06-26 14:59:26,976 INFO  ExportHelperExtension.cs: 1402 - Fixing 1484
2025-06-26 14:59:26,977 INFO  ExportHelperExtension.cs: 1402 - Fixing 1485
2025-06-26 14:59:26,977 INFO  ExportHelperExtension.cs: 1402 - Fixing 1561
2025-06-26 14:59:26,977 INFO  ExportHelperExtension.cs: 1402 - Fixing 1568
2025-06-26 14:59:26,978 INFO  ExportHelperExtension.cs: 1402 - Fixing 1628
2025-06-26 14:59:26,978 INFO  ExportHelperExtension.cs: 1402 - Fixing 1699
2025-06-26 14:59:26,978 INFO  ExportHelperExtension.cs: 1402 - Fixing 1708
2025-06-26 14:59:26,979 INFO  ExportHelperExtension.cs: 1402 - Fixing 1709
2025-06-26 14:59:26,979 INFO  ExportHelperExtension.cs: 1402 - Fixing 1725
2025-06-26 14:59:26,979 INFO  ExportHelperExtension.cs: 1402 - Fixing 1743
2025-06-26 14:59:26,980 INFO  ExportHelperExtension.cs: 1402 - Fixing 1783
2025-06-26 14:59:26,980 INFO  ExportHelperExtension.cs: 1402 - Fixing 2009
2025-06-26 14:59:26,980 INFO  ExportHelperExtension.cs: 1402 - Fixing 2102
2025-06-26 14:59:26,981 INFO  ExportHelperExtension.cs: 1402 - Fixing 2108
2025-06-26 14:59:26,981 INFO  ExportHelperExtension.cs: 1402 - Fixing 2128
2025-06-26 14:59:26,982 INFO  ExportHelperExtension.cs: 1402 - Fixing 2137
2025-06-26 14:59:26,982 INFO  ExportHelperExtension.cs: 1402 - Fixing 2145
2025-06-26 14:59:26,982 INFO  ExportHelperExtension.cs: 1402 - Fixing 2153
2025-06-26 14:59:26,982 INFO  ExportHelperExtension.cs: 1402 - Fixing 2161
2025-06-26 14:59:26,983 INFO  ExportHelperExtension.cs: 1402 - Fixing 2246
2025-06-26 14:59:26,983 INFO  ExportHelperExtension.cs: 1402 - Fixing 2225
2025-06-26 14:59:26,983 INFO  ExportHelperExtension.cs: 1402 - Fixing 2224
2025-06-26 14:59:26,983 INFO  ExportHelperExtension.cs: 1402 - Fixing 2271
2025-06-26 14:59:26,984 INFO  ExportHelperExtension.cs: 1402 - Fixing 2282
2025-06-26 14:59:26,984 INFO  ExportHelperExtension.cs: 1402 - Fixing 27
2025-06-26 14:59:26,987 INFO  ExportHelperExtension.cs: 1402 - Fixing 26
2025-06-26 14:59:26,989 INFO  ExportHelperExtension.cs: 1402 - Fixing 25
2025-06-26 14:59:26,989 INFO  ExportHelperExtension.cs: 1402 - Fixing 2356
2025-06-26 14:59:26,991 INFO  ExportHelperExtension.cs: 1402 - Fixing 2414
2025-06-26 14:59:26,991 INFO  ExportHelperExtension.cs: 1402 - Fixing 2415
2025-06-26 14:59:26,992 INFO  ExportHelperExtension.cs: 1402 - Fixing 2424
2025-06-26 14:59:28,985 INFO  : 0 - R1: 1, System.__ComObject, 1, System.Double[]
2025-06-26 14:59:28,990 INFO  ExportHelperExtension.cs: 841 - R2: 0, 0
2025-06-26 14:59:28,992 INFO  ExportHelperExtension.cs: 849 - L1: 0
2025-06-26 14:59:28,992 INFO  ExportHelperExtension.cs: 857 - L2: 0
2025-06-26 14:59:28,999 INFO  ExportHelperExtension.cs: 1352 - Unfixing component 396
2025-06-26 14:59:28,999 INFO  ExportHelperExtension.cs: 1352 - Unfixing component 553
2025-06-26 14:59:28,999 INFO  ExportHelperExtension.cs: 1352 - Unfixing component 559
2025-06-26 14:59:29,000 INFO  ExportHelperExtension.cs: 1352 - Unfixing component 683
2025-06-26 14:59:29,000 INFO  ExportHelperExtension.cs: 1352 - Unfixing component 1159
2025-06-26 14:59:29,000 INFO  ExportHelperExtension.cs: 1352 - Unfixing component 1225
2025-06-26 14:59:29,001 INFO  ExportHelperExtension.cs: 1352 - Unfixing component 1232
2025-06-26 14:59:29,001 INFO  ExportHelperExtension.cs: 1352 - Unfixing component 1238
2025-06-26 14:59:29,001 INFO  ExportHelperExtension.cs: 1352 - Unfixing component 1241
2025-06-26 14:59:29,001 INFO  ExportHelperExtension.cs: 1352 - Unfixing component 1244
2025-06-26 14:59:29,002 INFO  ExportHelperExtension.cs: 1352 - Unfixing component 1245
2025-06-26 14:59:29,002 INFO  ExportHelperExtension.cs: 1352 - Unfixing component 1249
2025-06-26 14:59:29,002 INFO  ExportHelperExtension.cs: 1352 - Unfixing component 1299
2025-06-26 14:59:29,003 INFO  ExportHelperExtension.cs: 1352 - Unfixing component 1312
2025-06-26 14:59:29,003 INFO  ExportHelperExtension.cs: 1352 - Unfixing component 1329
2025-06-26 14:59:29,003 INFO  ExportHelperExtension.cs: 1352 - Unfixing component 1371
2025-06-26 14:59:29,003 INFO  ExportHelperExtension.cs: 1352 - Unfixing component 1400
2025-06-26 14:59:29,004 INFO  ExportHelperExtension.cs: 1352 - Unfixing component 1406
2025-06-26 14:59:29,004 INFO  ExportHelperExtension.cs: 1352 - Unfixing component 1433
2025-06-26 14:59:29,004 INFO  ExportHelperExtension.cs: 1352 - Unfixing component 1482
2025-06-26 14:59:29,005 INFO  ExportHelperExtension.cs: 1352 - Unfixing component 1483
2025-06-26 14:59:29,005 INFO  ExportHelperExtension.cs: 1352 - Unfixing component 1484
2025-06-26 14:59:29,005 INFO  ExportHelperExtension.cs: 1352 - Unfixing component 1485
2025-06-26 14:59:29,005 INFO  ExportHelperExtension.cs: 1352 - Unfixing component 1561
2025-06-26 14:59:29,006 INFO  ExportHelperExtension.cs: 1352 - Unfixing component 1568
2025-06-26 14:59:29,006 INFO  ExportHelperExtension.cs: 1352 - Unfixing component 1628
2025-06-26 14:59:29,006 INFO  ExportHelperExtension.cs: 1352 - Unfixing component 1699
2025-06-26 14:59:29,006 INFO  ExportHelperExtension.cs: 1352 - Unfixing component 1708
2025-06-26 14:59:29,007 INFO  ExportHelperExtension.cs: 1352 - Unfixing component 1709
2025-06-26 14:59:29,007 INFO  ExportHelperExtension.cs: 1352 - Unfixing component 1725
2025-06-26 14:59:29,007 INFO  ExportHelperExtension.cs: 1352 - Unfixing component 1743
2025-06-26 14:59:29,007 INFO  ExportHelperExtension.cs: 1352 - Unfixing component 1783
2025-06-26 14:59:29,008 INFO  ExportHelperExtension.cs: 1352 - Unfixing component 2009
2025-06-26 14:59:29,008 INFO  ExportHelperExtension.cs: 1352 - Unfixing component 2102
2025-06-26 14:59:29,008 INFO  ExportHelperExtension.cs: 1352 - Unfixing component 2108
2025-06-26 14:59:29,008 INFO  ExportHelperExtension.cs: 1352 - Unfixing component 2128
2025-06-26 14:59:29,008 INFO  ExportHelperExtension.cs: 1352 - Unfixing component 2137
2025-06-26 14:59:29,009 INFO  ExportHelperExtension.cs: 1352 - Unfixing component 2145
2025-06-26 14:59:29,009 INFO  ExportHelperExtension.cs: 1352 - Unfixing component 2153
2025-06-26 14:59:29,009 INFO  ExportHelperExtension.cs: 1352 - Unfixing component 2161
2025-06-26 14:59:29,009 INFO  ExportHelperExtension.cs: 1352 - Unfixing component 2246
2025-06-26 14:59:29,010 INFO  ExportHelperExtension.cs: 1352 - Unfixing component 2225
2025-06-26 14:59:29,011 INFO  ExportHelperExtension.cs: 1352 - Unfixing component 2224
2025-06-26 14:59:29,011 INFO  ExportHelperExtension.cs: 1352 - Unfixing component 2271
2025-06-26 14:59:29,011 INFO  ExportHelperExtension.cs: 1352 - Unfixing component 2282
2025-06-26 14:59:29,011 INFO  ExportHelperExtension.cs: 1352 - Unfixing component 27
2025-06-26 14:59:29,012 INFO  ExportHelperExtension.cs: 1352 - Unfixing component 26
2025-06-26 14:59:29,012 INFO  ExportHelperExtension.cs: 1352 - Unfixing component 25
2025-06-26 14:59:29,012 INFO  ExportHelperExtension.cs: 1352 - Unfixing component 2356
2025-06-26 14:59:29,012 INFO  ExportHelperExtension.cs: 1352 - Unfixing component 2414
2025-06-26 14:59:29,012 INFO  ExportHelperExtension.cs: 1352 - Unfixing component 2415
2025-06-26 14:59:29,013 INFO  ExportHelperExtension.cs: 1352 - Unfixing component 2424
2025-06-26 14:59:33,214 WARN  ExportHelperExtension.cs: 351 - Creating joint from parent base_link to child imu_link failed
2025-06-26 14:59:33,219 INFO  ExportHelperExtension.cs: 347 - Creating joint right_wheel_link
2025-06-26 14:59:33,310 WARN  ExportHelperExtension.cs: 351 - Creating joint from parent base_link to child right_wheel_link failed
2025-06-26 14:59:33,427 INFO  ExportHelperExtension.cs: 347 - Creating joint left_wheel_link
2025-06-26 14:59:33,706 WARN  ExportHelperExtension.cs: 351 - Creating joint from parent base_link to child left_wheel_link failed
2025-06-26 14:59:33,838 INFO  ExportHelperExtension.cs: 347 - Creating joint camera_link
2025-06-26 14:59:33,839 INFO  ExportHelperExtension.cs: 1397 - Fixing components for base_link
2025-06-26 14:59:33,839 INFO  ExportHelperExtension.cs: 1402 - Fixing 396
2025-06-26 14:59:33,839 INFO  ExportHelperExtension.cs: 1402 - Fixing 553
2025-06-26 14:59:33,840 INFO  ExportHelperExtension.cs: 1402 - Fixing 559
2025-06-26 14:59:33,840 INFO  ExportHelperExtension.cs: 1402 - Fixing 683
2025-06-26 14:59:33,840 INFO  ExportHelperExtension.cs: 1402 - Fixing 1159
2025-06-26 14:59:33,840 INFO  ExportHelperExtension.cs: 1402 - Fixing 1225
2025-06-26 14:59:33,841 INFO  ExportHelperExtension.cs: 1402 - Fixing 1232
2025-06-26 14:59:33,841 INFO  ExportHelperExtension.cs: 1402 - Fixing 1238
2025-06-26 14:59:33,841 INFO  ExportHelperExtension.cs: 1402 - Fixing 1241
2025-06-26 14:59:33,841 INFO  ExportHelperExtension.cs: 1402 - Fixing 1244
2025-06-26 14:59:33,842 INFO  ExportHelperExtension.cs: 1402 - Fixing 1245
2025-06-26 14:59:33,842 INFO  ExportHelperExtension.cs: 1402 - Fixing 1249
2025-06-26 14:59:33,842 INFO  ExportHelperExtension.cs: 1402 - Fixing 1299
2025-06-26 14:59:33,842 INFO  ExportHelperExtension.cs: 1402 - Fixing 1312
2025-06-26 14:59:33,851 INFO  ExportHelperExtension.cs: 1402 - Fixing 1329
2025-06-26 14:59:33,852 INFO  ExportHelperExtension.cs: 1402 - Fixing 1333
2025-06-26 14:59:33,852 INFO  ExportHelperExtension.cs: 1409 - Component 1333 is already fixed
2025-06-26 14:59:33,852 INFO  ExportHelperExtension.cs: 1402 - Fixing 1371
2025-06-26 14:59:33,853 INFO  ExportHelperExtension.cs: 1402 - Fixing 1400
2025-06-26 14:59:33,853 INFO  ExportHelperExtension.cs: 1402 - Fixing 1406
2025-06-26 14:59:33,853 INFO  ExportHelperExtension.cs: 1402 - Fixing 1408
2025-06-26 14:59:33,853 INFO  ExportHelperExtension.cs: 1409 - Component 1408 is already fixed
2025-06-26 14:59:33,854 INFO  ExportHelperExtension.cs: 1402 - Fixing 1433
2025-06-26 14:59:33,854 INFO  ExportHelperExtension.cs: 1402 - Fixing 1482
2025-06-26 14:59:33,854 INFO  ExportHelperExtension.cs: 1402 - Fixing 1483
2025-06-26 14:59:33,854 INFO  ExportHelperExtension.cs: 1402 - Fixing 1484
2025-06-26 14:59:33,855 INFO  ExportHelperExtension.cs: 1402 - Fixing 1485
2025-06-26 14:59:33,855 INFO  ExportHelperExtension.cs: 1402 - Fixing 1561
2025-06-26 14:59:33,855 INFO  ExportHelperExtension.cs: 1402 - Fixing 1568
2025-06-26 14:59:33,856 INFO  ExportHelperExtension.cs: 1402 - Fixing 1628
2025-06-26 14:59:33,856 INFO  ExportHelperExtension.cs: 1402 - Fixing 1699
2025-06-26 14:59:33,856 INFO  ExportHelperExtension.cs: 1402 - Fixing 1708
2025-06-26 14:59:33,856 INFO  ExportHelperExtension.cs: 1402 - Fixing 1709
2025-06-26 14:59:33,857 INFO  ExportHelperExtension.cs: 1402 - Fixing 1725
2025-06-26 14:59:33,857 INFO  ExportHelperExtension.cs: 1402 - Fixing 1743
2025-06-26 14:59:33,857 INFO  ExportHelperExtension.cs: 1402 - Fixing 1783
2025-06-26 14:59:33,857 INFO  ExportHelperExtension.cs: 1402 - Fixing 2009
2025-06-26 14:59:33,858 INFO  ExportHelperExtension.cs: 1402 - Fixing 2102
2025-06-26 14:59:33,858 INFO  ExportHelperExtension.cs: 1402 - Fixing 2108
2025-06-26 14:59:33,858 INFO  ExportHelperExtension.cs: 1402 - Fixing 2128
2025-06-26 14:59:33,858 INFO  ExportHelperExtension.cs: 1402 - Fixing 2137
2025-06-26 14:59:33,859 INFO  ExportHelperExtension.cs: 1402 - Fixing 2145
2025-06-26 14:59:33,859 INFO  ExportHelperExtension.cs: 1402 - Fixing 2153
2025-06-26 14:59:33,859 INFO  ExportHelperExtension.cs: 1402 - Fixing 2161
2025-06-26 14:59:33,859 INFO  ExportHelperExtension.cs: 1402 - Fixing 2246
2025-06-26 14:59:33,860 INFO  ExportHelperExtension.cs: 1402 - Fixing 2225
2025-06-26 14:59:33,860 INFO  ExportHelperExtension.cs: 1402 - Fixing 2224
2025-06-26 14:59:33,860 INFO  ExportHelperExtension.cs: 1402 - Fixing 2271
2025-06-26 14:59:33,860 INFO  ExportHelperExtension.cs: 1402 - Fixing 2282
2025-06-26 14:59:33,861 INFO  ExportHelperExtension.cs: 1402 - Fixing 27
2025-06-26 14:59:33,861 INFO  ExportHelperExtension.cs: 1402 - Fixing 26
2025-06-26 14:59:33,861 INFO  ExportHelperExtension.cs: 1402 - Fixing 25
2025-06-26 14:59:33,861 INFO  ExportHelperExtension.cs: 1402 - Fixing 2356
2025-06-26 14:59:33,862 INFO  ExportHelperExtension.cs: 1402 - Fixing 2414
2025-06-26 14:59:33,862 INFO  ExportHelperExtension.cs: 1402 - Fixing 2415
2025-06-26 14:59:33,862 INFO  ExportHelperExtension.cs: 1402 - Fixing 2424
2025-06-26 14:59:35,765 INFO  ExportHelperExtension.cs: 832 - R1: 0, 0
2025-06-26 14:59:35,766 INFO  ExportHelperExtension.cs: 841 - R2: 0, 0
2025-06-26 14:59:35,766 INFO  ExportHelperExtension.cs: 849 - L1: 0
2025-06-26 14:59:35,766 INFO  ExportHelperExtension.cs: 857 - L2: 0
2025-06-26 14:59:35,768 INFO  ExportHelperExtension.cs: 1352 - Unfixing component 396
2025-06-26 14:59:35,768 INFO  ExportHelperExtension.cs: 1352 - Unfixing component 553
2025-06-26 14:59:35,768 INFO  ExportHelperExtension.cs: 1352 - Unfixing component 559
2025-06-26 14:59:35,769 INFO  ExportHelperExtension.cs: 1352 - Unfixing component 683
2025-06-26 14:59:35,769 INFO  ExportHelperExtension.cs: 1352 - Unfixing component 1159
2025-06-26 14:59:35,769 INFO  ExportHelperExtension.cs: 1352 - Unfixing component 1225
2025-06-26 14:59:35,769 INFO  ExportHelperExtension.cs: 1352 - Unfixing component 1232
2025-06-26 14:59:35,770 INFO  ExportHelperExtension.cs: 1352 - Unfixing component 1238
2025-06-26 14:59:35,770 INFO  ExportHelperExtension.cs: 1352 - Unfixing component 1241
2025-06-26 14:59:35,770 INFO  ExportHelperExtension.cs: 1352 - Unfixing component 1244
2025-06-26 14:59:35,770 INFO  ExportHelperExtension.cs: 1352 - Unfixing component 1245
2025-06-26 14:59:35,771 INFO  ExportHelperExtension.cs: 1352 - Unfixing component 1249
2025-06-26 14:59:35,771 INFO  ExportHelperExtension.cs: 1352 - Unfixing component 1299
2025-06-26 14:59:35,771 INFO  ExportHelperExtension.cs: 1352 - Unfixing component 1312
2025-06-26 14:59:35,772 INFO  ExportHelperExtension.cs: 1352 - Unfixing component 1329
2025-06-26 14:59:35,773 INFO  ExportHelperExtension.cs: 1352 - Unfixing component 1371
2025-06-26 14:59:35,773 INFO  ExportHelperExtension.cs: 1352 - Unfixing component 1400
2025-06-26 14:59:35,773 INFO  ExportHelperExtension.cs: 1352 - Unfixing component 1406
2025-06-26 14:59:35,774 INFO  ExportHelperExtension.cs: 1352 - Unfixing component 1433
2025-06-26 14:59:35,774 INFO  ExportHelperExtension.cs: 1352 - Unfixing component 1482
2025-06-26 14:59:35,774 INFO  ExportHelperExtension.cs: 1352 - Unfixing component 1483
2025-06-26 14:59:35,775 INFO  ExportHelperExtension.cs: 1352 - Unfixing component 1484
2025-06-26 14:59:35,775 INFO  ExportHelperExtension.cs: 1352 - Unfixing component 1485
2025-06-26 14:59:35,775 INFO  ExportHelperExtension.cs: 1352 - Unfixing component 1561
2025-06-26 14:59:35,775 INFO  ExportHelperExtension.cs: 1352 - Unfixing component 1568
2025-06-26 14:59:35,776 INFO  ExportHelperExtension.cs: 1352 - Unfixing component 1628
2025-06-26 14:59:35,776 INFO  ExportHelperExtension.cs: 1352 - Unfixing component 1699
2025-06-26 14:59:35,776 INFO  ExportHelperExtension.cs: 1352 - Unfixing component 1708
2025-06-26 14:59:35,776 INFO  ExportHelperExtension.cs: 1352 - Unfixing component 1709
2025-06-26 14:59:35,777 INFO  ExportHelperExtension.cs: 1352 - Unfixing component 1725
2025-06-26 14:59:35,777 INFO  ExportHelperExtension.cs: 1352 - Unfixing component 1743
2025-06-26 14:59:35,777 INFO  ExportHelperExtension.cs: 1352 - Unfixing component 1783
2025-06-26 14:59:35,778 INFO  ExportHelperExtension.cs: 1352 - Unfixing component 2009
2025-06-26 14:59:35,778 INFO  ExportHelperExtension.cs: 1352 - Unfixing component 2102
2025-06-26 14:59:35,778 INFO  ExportHelperExtension.cs: 1352 - Unfixing component 2108
2025-06-26 14:59:35,778 INFO  ExportHelperExtension.cs: 1352 - Unfixing component 2128
2025-06-26 14:59:35,779 INFO  ExportHelperExtension.cs: 1352 - Unfixing component 2137
2025-06-26 14:59:35,779 INFO  ExportHelperExtension.cs: 1352 - Unfixing component 2145
2025-06-26 14:59:35,779 INFO  ExportHelperExtension.cs: 1352 - Unfixing component 2153
2025-06-26 14:59:35,780 INFO  ExportHelperExtension.cs: 1352 - Unfixing component 2161
2025-06-26 14:59:35,780 INFO  ExportHelperExtension.cs: 1352 - Unfixing component 2246
2025-06-26 14:59:35,780 INFO  ExportHelperExtension.cs: 1352 - Unfixing component 2225
2025-06-26 14:59:35,780 INFO  ExportHelperExtension.cs: 1352 - Unfixing component 2224
2025-06-26 14:59:35,781 INFO  ExportHelperExtension.cs: 1352 - Unfixing component 2271
2025-06-26 14:59:35,781 INFO  ExportHelperExtension.cs: 1352 - Unfixing component 2282
2025-06-26 14:59:35,781 INFO  ExportHelperExtension.cs: 1352 - Unfixing component 27
2025-06-26 14:59:35,782 INFO  ExportHelperExtension.cs: 1352 - Unfixing component 26
2025-06-26 14:59:35,782 INFO  ExportHelperExtension.cs: 1352 - Unfixing component 25
2025-06-26 14:59:35,782 INFO  ExportHelperExtension.cs: 1352 - Unfixing component 2356
2025-06-26 14:59:35,782 INFO  ExportHelperExtension.cs: 1352 - Unfixing component 2414
2025-06-26 14:59:35,783 INFO  ExportHelperExtension.cs: 1352 - Unfixing component 2415
2025-06-26 14:59:35,783 INFO  ExportHelperExtension.cs: 1352 - Unfixing component 2424
2025-06-26 14:59:37,093 WARN  ExportHelperExtension.cs: 351 - Creating joint from parent base_link to child camera_link failed
2025-06-26 14:59:37,418 INFO  ExportHelperExtension.cs: 1125 - Retrieving features of type [CoordSys] from roboV3(urdf_changed).SLDASM
2025-06-26 14:59:37,720 INFO  ExportHelperExtension.cs: 1136 - Found 313 in roboV3(urdf_changed).SLDASM
2025-06-26 14:59:37,722 INFO  ExportHelperExtension.cs: 1145 - Found 18 features of type [CoordSys] in roboV3(urdf_changed).SLDASM
2025-06-26 14:59:37,723 INFO  ExportHelperExtension.cs: 1148 - Proceeding through assembly components
2025-06-26 14:59:37,724 INFO  ExportHelperExtension.cs: 1160 - 60 components to check
2025-06-26 14:59:37,724 INFO  ExportHelperExtension.cs: 1125 - Retrieving features of type [CoordSys] from alibaba-1
2025-06-26 14:59:37,724 INFO  ExportHelperExtension.cs: 1136 - Found 35 in alibaba-1
2025-06-26 14:59:37,725 INFO  ExportHelperExtension.cs: 1145 - Found 0 features of type [CoordSys] in alibaba-1
2025-06-26 14:59:37,725 INFO  ExportHelperExtension.cs: 1125 - Retrieving features of type [CoordSys] from Stop Switch Push Button LAY37 (PBC)-3
2025-06-26 14:59:37,726 INFO  ExportHelperExtension.cs: 1136 - Found 63 in Stop Switch Push Button LAY37 (PBC)-3
2025-06-26 14:59:37,727 INFO  ExportHelperExtension.cs: 1145 - Found 0 features of type [CoordSys] in Stop Switch Push Button LAY37 (PBC)-3
2025-06-26 14:59:37,727 INFO  ExportHelperExtension.cs: 1125 - Retrieving features of type [CoordSys] from che-2
2025-06-26 14:59:37,728 INFO  ExportHelperExtension.cs: 1136 - Found 25 in che-2
2025-06-26 14:59:37,728 INFO  ExportHelperExtension.cs: 1145 - Found 0 features of type [CoordSys] in che-2
2025-06-26 14:59:37,728 INFO  ExportHelperExtension.cs: 1125 - Retrieving features of type [CoordSys] from che-3
2025-06-26 14:59:37,729 INFO  ExportHelperExtension.cs: 1136 - Found 25 in che-3
2025-06-26 14:59:37,729 INFO  ExportHelperExtension.cs: 1145 - Found 0 features of type [CoordSys] in che-3
2025-06-26 14:59:37,730 INFO  ExportHelperExtension.cs: 1125 - Retrieving features of type [CoordSys] from ga_minipc_v2-2
2025-06-26 14:59:37,730 INFO  ExportHelperExtension.cs: 1136 - Found 31 in ga_minipc_v2-2
2025-06-26 14:59:37,732 INFO  ExportHelperExtension.cs: 1145 - Found 0 features of type [CoordSys] in ga_minipc_v2-2
2025-06-26 14:59:37,732 INFO  ExportHelperExtension.cs: 1125 - Retrieving features of type [CoordSys] from hop_pin-1
2025-06-26 14:59:37,733 INFO  ExportHelperExtension.cs: 1136 - Found 27 in hop_pin-1
2025-06-26 14:59:37,733 INFO  ExportHelperExtension.cs: 1145 - Found 0 features of type [CoordSys] in hop_pin-1
2025-06-26 14:59:37,733 INFO  ExportHelperExtension.cs: 1125 - Retrieving features of type [CoordSys] from che-4
2025-06-26 14:59:37,734 INFO  ExportHelperExtension.cs: 1136 - Found 25 in che-4
2025-06-26 14:59:37,734 INFO  ExportHelperExtension.cs: 1145 - Found 0 features of type [CoordSys] in che-4
2025-06-26 14:59:37,734 INFO  ExportHelperExtension.cs: 1125 - Retrieving features of type [CoordSys] from che-1
2025-06-26 14:59:37,735 INFO  ExportHelperExtension.cs: 1136 - Found 25 in che-1
2025-06-26 14:59:37,735 INFO  ExportHelperExtension.cs: 1145 - Found 0 features of type [CoordSys] in che-1
2025-06-26 14:59:37,736 INFO  ExportHelperExtension.cs: 1125 - Retrieving features of type [CoordSys] from nang_cam-1
2025-06-26 14:59:37,736 INFO  ExportHelperExtension.cs: 1136 - Found 25 in nang_cam-1
2025-06-26 14:59:37,736 INFO  ExportHelperExtension.cs: 1145 - Found 0 features of type [CoordSys] in nang_cam-1
2025-06-26 14:59:37,737 INFO  ExportHelperExtension.cs: 1125 - Retrieving features of type [CoordSys] from hop_nano-1
2025-06-26 14:59:37,737 INFO  ExportHelperExtension.cs: 1136 - Found 35 in hop_nano-1
2025-06-26 14:59:37,738 INFO  ExportHelperExtension.cs: 1145 - Found 0 features of type [CoordSys] in hop_nano-1
2025-06-26 14:59:37,738 INFO  ExportHelperExtension.cs: 1125 - Retrieving features of type [CoordSys] from op_tablet-1
2025-06-26 14:59:37,738 INFO  ExportHelperExtension.cs: 1136 - Found 37 in op_tablet-1
2025-06-26 14:59:37,739 INFO  ExportHelperExtension.cs: 1145 - Found 0 features of type [CoordSys] in op_tablet-1
2025-06-26 14:59:37,739 INFO  ExportHelperExtension.cs: 1125 - Retrieving features of type [CoordSys] from ga_minipc_v2-1
2025-06-26 14:59:37,740 INFO  ExportHelperExtension.cs: 1136 - Found 31 in ga_minipc_v2-1
2025-06-26 14:59:37,740 INFO  ExportHelperExtension.cs: 1145 - Found 0 features of type [CoordSys] in ga_minipc_v2-1
2025-06-26 14:59:37,740 INFO  ExportHelperExtension.cs: 1125 - Retrieving features of type [CoordSys] from cover_up_v2_linh_mica-1
2025-06-26 14:59:37,741 INFO  ExportHelperExtension.cs: 1136 - Found 28 in cover_up_v2_linh_mica-1
2025-06-26 14:59:37,741 INFO  ExportHelperExtension.cs: 1145 - Found 0 features of type [CoordSys] in cover_up_v2_linh_mica-1
2025-06-26 14:59:37,741 INFO  ExportHelperExtension.cs: 1125 - Retrieving features of type [CoordSys] from ga_minipc_comp-1
2025-06-26 14:59:37,741 INFO  ExportHelperExtension.cs: 1136 - Found 40 in ga_minipc_comp-1
2025-06-26 14:59:37,742 INFO  ExportHelperExtension.cs: 1145 - Found 0 features of type [CoordSys] in ga_minipc_comp-1
2025-06-26 14:59:37,742 INFO  ExportHelperExtension.cs: 1125 - Retrieving features of type [CoordSys] from ga_com-1
2025-06-26 14:59:37,742 INFO  ExportHelperExtension.cs: 1136 - Found 33 in ga_com-1
2025-06-26 14:59:37,743 INFO  ExportHelperExtension.cs: 1145 - Found 0 features of type [CoordSys] in ga_com-1
2025-06-26 14:59:37,743 INFO  ExportHelperExtension.cs: 1125 - Retrieving features of type [CoordSys] from kegoc_tab1-1
2025-06-26 14:59:37,743 INFO  ExportHelperExtension.cs: 1136 - Found 25 in kegoc_tab1-1
2025-06-26 14:59:37,744 INFO  ExportHelperExtension.cs: 1145 - Found 0 features of type [CoordSys] in kegoc_tab1-1
2025-06-26 14:59:37,744 INFO  ExportHelperExtension.cs: 1125 - Retrieving features of type [CoordSys] from che-6
2025-06-26 14:59:37,744 INFO  ExportHelperExtension.cs: 1136 - Found 25 in che-6
2025-06-26 14:59:37,745 INFO  ExportHelperExtension.cs: 1145 - Found 0 features of type [CoordSys] in che-6
2025-06-26 14:59:37,745 INFO  ExportHelperExtension.cs: 1125 - Retrieving features of type [CoordSys] from kegoc_tab2-1
2025-06-26 14:59:37,745 INFO  ExportHelperExtension.cs: 1136 - Found 25 in kegoc_tab2-1
2025-06-26 14:59:37,745 INFO  ExportHelperExtension.cs: 1145 - Found 0 features of type [CoordSys] in kegoc_tab2-1
2025-06-26 14:59:37,746 INFO  ExportHelperExtension.cs: 1125 - Retrieving features of type [CoordSys] from che-5
2025-06-26 14:59:37,746 INFO  ExportHelperExtension.cs: 1136 - Found 25 in che-5
2025-06-26 14:59:37,746 INFO  ExportHelperExtension.cs: 1145 - Found 0 features of type [CoordSys] in che-5
2025-06-26 14:59:37,747 INFO  ExportHelperExtension.cs: 1125 - Retrieving features of type [CoordSys] from final kinect-1
2025-06-26 14:59:37,747 INFO  ExportHelperExtension.cs: 1136 - Found 27 in final kinect-1
2025-06-26 14:59:37,747 INFO  ExportHelperExtension.cs: 1145 - Found 0 features of type [CoordSys] in final kinect-1
2025-06-26 14:59:37,748 INFO  ExportHelperExtension.cs: 1125 - Retrieving features of type [CoordSys] from cover_up_v2_linh-1
2025-06-26 14:59:37,748 INFO  ExportHelperExtension.cs: 1136 - Found 26 in cover_up_v2_linh-1
2025-06-26 14:59:37,748 INFO  ExportHelperExtension.cs: 1145 - Found 0 features of type [CoordSys] in cover_up_v2_linh-1
2025-06-26 14:59:37,748 INFO  ExportHelperExtension.cs: 1125 - Retrieving features of type [CoordSys] from battery-1
2025-06-26 14:59:37,749 INFO  ExportHelperExtension.cs: 1136 - Found 28 in battery-1
2025-06-26 14:59:37,749 INFO  ExportHelperExtension.cs: 1145 - Found 0 features of type [CoordSys] in battery-1
2025-06-26 14:59:37,749 INFO  ExportHelperExtension.cs: 1125 - Retrieving features of type [CoordSys] from standoff_M2_20mm-3
2025-06-26 14:59:37,750 INFO  ExportHelperExtension.cs: 1136 - Found 31 in standoff_M2_20mm-3
2025-06-26 14:59:37,750 INFO  ExportHelperExtension.cs: 1145 - Found 0 features of type [CoordSys] in standoff_M2_20mm-3
2025-06-26 14:59:37,750 INFO  ExportHelperExtension.cs: 1125 - Retrieving features of type [CoordSys] from cum_banh_xe_lon-3
2025-06-26 14:59:37,751 INFO  ExportHelperExtension.cs: 1136 - Found 27 in cum_banh_xe_lon-3
2025-06-26 14:59:37,751 INFO  ExportHelperExtension.cs: 1145 - Found 0 features of type [CoordSys] in cum_banh_xe_lon-3
2025-06-26 14:59:37,751 INFO  ExportHelperExtension.cs: 1125 - Retrieving features of type [CoordSys] from motorAxis-1
2025-06-26 14:59:37,752 INFO  ExportHelperExtension.cs: 1136 - Found 30 in motorAxis-1
2025-06-26 14:59:37,752 INFO  ExportHelperExtension.cs: 1145 - Found 0 features of type [CoordSys] in motorAxis-1
2025-06-26 14:59:37,752 INFO  ExportHelperExtension.cs: 1125 - Retrieving features of type [CoordSys] from standoff_M2_20mm-4
2025-06-26 14:59:37,752 INFO  ExportHelperExtension.cs: 1136 - Found 31 in standoff_M2_20mm-4
2025-06-26 14:59:37,753 INFO  ExportHelperExtension.cs: 1145 - Found 0 features of type [CoordSys] in standoff_M2_20mm-4
2025-06-26 14:59:37,753 INFO  ExportHelperExtension.cs: 1125 - Retrieving features of type [CoordSys] from X3_Lidar-1
2025-06-26 14:59:37,754 INFO  ExportHelperExtension.cs: 1136 - Found 90 in X3_Lidar-1
2025-06-26 14:59:37,754 INFO  ExportHelperExtension.cs: 1145 - Found 0 features of type [CoordSys] in X3_Lidar-1
2025-06-26 14:59:37,754 INFO  ExportHelperExtension.cs: 1125 - Retrieving features of type [CoordSys] from 20x20_aluminum_extrusion_profile 26cm-1
2025-06-26 14:59:37,755 INFO  ExportHelperExtension.cs: 1136 - Found 25 in 20x20_aluminum_extrusion_profile 26cm-1
2025-06-26 14:59:37,755 INFO  ExportHelperExtension.cs: 1145 - Found 0 features of type [CoordSys] in 20x20_aluminum_extrusion_profile 26cm-1
2025-06-26 14:59:37,755 INFO  ExportHelperExtension.cs: 1125 - Retrieving features of type [CoordSys] from 20mm-8
2025-06-26 14:59:37,756 INFO  ExportHelperExtension.cs: 1136 - Found 40 in 20mm-8
2025-06-26 14:59:37,756 INFO  ExportHelperExtension.cs: 1145 - Found 0 features of type [CoordSys] in 20mm-8
2025-06-26 14:59:37,757 INFO  ExportHelperExtension.cs: 1125 - Retrieving features of type [CoordSys] from 20mm-2
2025-06-26 14:59:37,757 INFO  ExportHelperExtension.cs: 1136 - Found 40 in 20mm-2
2025-06-26 14:59:37,757 INFO  ExportHelperExtension.cs: 1145 - Found 0 features of type [CoordSys] in 20mm-2
2025-06-26 14:59:37,758 INFO  ExportHelperExtension.cs: 1125 - Retrieving features of type [CoordSys] from ??????? V-slot 20x40-1
2025-06-26 14:59:37,758 INFO  ExportHelperExtension.cs: 1136 - Found 30 in ??????? V-slot 20x40-1
2025-06-26 14:59:37,758 INFO  ExportHelperExtension.cs: 1145 - Found 0 features of type [CoordSys] in ??????? V-slot 20x40-1
2025-06-26 14:59:37,759 INFO  ExportHelperExtension.cs: 1125 - Retrieving features of type [CoordSys] from standoff_M2_20mm-5
2025-06-26 14:59:37,759 INFO  ExportHelperExtension.cs: 1136 - Found 31 in standoff_M2_20mm-5
2025-06-26 14:59:37,759 INFO  ExportHelperExtension.cs: 1145 - Found 0 features of type [CoordSys] in standoff_M2_20mm-5
2025-06-26 14:59:37,760 INFO  ExportHelperExtension.cs: 1125 - Retrieving features of type [CoordSys] from motoredit-3
2025-06-26 14:59:37,760 INFO  ExportHelperExtension.cs: 1136 - Found 40 in motoredit-3
2025-06-26 14:59:37,760 INFO  ExportHelperExtension.cs: 1145 - Found 0 features of type [CoordSys] in motoredit-3
2025-06-26 14:59:37,761 INFO  ExportHelperExtension.cs: 1125 - Retrieving features of type [CoordSys] from lidar_pushup-1
2025-06-26 14:59:37,761 INFO  ExportHelperExtension.cs: 1136 - Found 34 in lidar_pushup-1
2025-06-26 14:59:37,761 INFO  ExportHelperExtension.cs: 1145 - Found 0 features of type [CoordSys] in lidar_pushup-1
2025-06-26 14:59:37,762 INFO  ExportHelperExtension.cs: 1125 - Retrieving features of type [CoordSys] from standoff_M2_20mm-1
2025-06-26 14:59:37,762 INFO  ExportHelperExtension.cs: 1136 - Found 31 in standoff_M2_20mm-1
2025-06-26 14:59:37,762 INFO  ExportHelperExtension.cs: 1145 - Found 0 features of type [CoordSys] in standoff_M2_20mm-1
2025-06-26 14:59:37,763 INFO  ExportHelperExtension.cs: 1125 - Retrieving features of type [CoordSys] from hoverboard_driver-1
2025-06-26 14:59:37,763 INFO  ExportHelperExtension.cs: 1136 - Found 25 in hoverboard_driver-1
2025-06-26 14:59:37,763 INFO  ExportHelperExtension.cs: 1145 - Found 0 features of type [CoordSys] in hoverboard_driver-1
2025-06-26 14:59:37,763 INFO  ExportHelperExtension.cs: 1125 - Retrieving features of type [CoordSys] from cum_relay_my4n_4p-1
2025-06-26 14:59:37,764 INFO  ExportHelperExtension.cs: 1136 - Found 27 in cum_relay_my4n_4p-1
2025-06-26 14:59:37,772 INFO  ExportHelperExtension.cs: 1145 - Found 0 features of type [CoordSys] in cum_relay_my4n_4p-1
2025-06-26 14:59:37,773 INFO  ExportHelperExtension.cs: 1125 - Retrieving features of type [CoordSys] from lidar_pushup-3
2025-06-26 14:59:37,802 INFO  ExportHelperExtension.cs: 1136 - Found 34 in lidar_pushup-3
2025-06-26 14:59:37,803 INFO  ExportHelperExtension.cs: 1145 - Found 0 features of type [CoordSys] in lidar_pushup-3
2025-06-26 14:59:37,803 INFO  ExportHelperExtension.cs: 1125 - Retrieving features of type [CoordSys] from 36v_12v_converter-1
2025-06-26 14:59:37,804 INFO  ExportHelperExtension.cs: 1136 - Found 29 in 36v_12v_converter-1
2025-06-26 14:59:37,804 INFO  ExportHelperExtension.cs: 1145 - Found 0 features of type [CoordSys] in 36v_12v_converter-1
2025-06-26 14:59:37,804 INFO  ExportHelperExtension.cs: 1125 - Retrieving features of type [CoordSys] from remote_relay-1
2025-06-26 14:59:37,805 INFO  ExportHelperExtension.cs: 1136 - Found 28 in remote_relay-1
2025-06-26 14:59:37,805 INFO  ExportHelperExtension.cs: 1145 - Found 0 features of type [CoordSys] in remote_relay-1
2025-06-26 14:59:37,805 INFO  ExportHelperExtension.cs: 1125 - Retrieving features of type [CoordSys] from pi_hang_imu-1
2025-06-26 14:59:37,806 INFO  ExportHelperExtension.cs: 1136 - Found 33 in pi_hang_imu-1
2025-06-26 14:59:37,806 INFO  ExportHelperExtension.cs: 1145 - Found 0 features of type [CoordSys] in pi_hang_imu-1
2025-06-26 14:59:37,806 INFO  ExportHelperExtension.cs: 1125 - Retrieving features of type [CoordSys] from ??????? V-slot 20x40-3
2025-06-26 14:59:37,807 INFO  ExportHelperExtension.cs: 1136 - Found 30 in ??????? V-slot 20x40-3
2025-06-26 14:59:37,807 INFO  ExportHelperExtension.cs: 1145 - Found 0 features of type [CoordSys] in ??????? V-slot 20x40-3
2025-06-26 14:59:37,807 INFO  ExportHelperExtension.cs: 1125 - Retrieving features of type [CoordSys] from aluminium_base-1
2025-06-26 14:59:37,808 INFO  ExportHelperExtension.cs: 1136 - Found 35 in aluminium_base-1
2025-06-26 14:59:37,808 INFO  ExportHelperExtension.cs: 1145 - Found 0 features of type [CoordSys] in aluminium_base-1
2025-06-26 14:59:37,808 INFO  ExportHelperExtension.cs: 1125 - Retrieving features of type [CoordSys] from WEIDU TB25XX-1
2025-06-26 14:59:37,809 INFO  ExportHelperExtension.cs: 1136 - Found 101 in WEIDU TB25XX-1
2025-06-26 14:59:37,809 INFO  ExportHelperExtension.cs: 1145 - Found 0 features of type [CoordSys] in WEIDU TB25XX-1
2025-06-26 14:59:37,810 INFO  ExportHelperExtension.cs: 1125 - Retrieving features of type [CoordSys] from cum_banh_xe_lon-5
2025-06-26 14:59:37,810 INFO  ExportHelperExtension.cs: 1136 - Found 27 in cum_banh_xe_lon-5
2025-06-26 14:59:37,810 INFO  ExportHelperExtension.cs: 1145 - Found 0 features of type [CoordSys] in cum_banh_xe_lon-5
2025-06-26 14:59:37,810 INFO  ExportHelperExtension.cs: 1125 - Retrieving features of type [CoordSys] from motorAxis-4
2025-06-26 14:59:37,811 INFO  ExportHelperExtension.cs: 1136 - Found 30 in motorAxis-4
2025-06-26 14:59:37,811 INFO  ExportHelperExtension.cs: 1145 - Found 0 features of type [CoordSys] in motorAxis-4
2025-06-26 14:59:37,811 INFO  ExportHelperExtension.cs: 1125 - Retrieving features of type [CoordSys] from 20mm-11
2025-06-26 14:59:37,812 INFO  ExportHelperExtension.cs: 1136 - Found 40 in 20mm-11
2025-06-26 14:59:37,812 INFO  ExportHelperExtension.cs: 1145 - Found 0 features of type [CoordSys] in 20mm-11
2025-06-26 14:59:37,812 INFO  ExportHelperExtension.cs: 1125 - Retrieving features of type [CoordSys] from cum_dahuong_truoc_sau-5
2025-06-26 14:59:37,813 INFO  ExportHelperExtension.cs: 1136 - Found 53 in cum_dahuong_truoc_sau-5
2025-06-26 14:59:37,813 INFO  ExportHelperExtension.cs: 1145 - Found 0 features of type [CoordSys] in cum_dahuong_truoc_sau-5
2025-06-26 14:59:37,813 INFO  ExportHelperExtension.cs: 1125 - Retrieving features of type [CoordSys] from cum_dahuong_truoc_sau-6
2025-06-26 14:59:37,814 INFO  ExportHelperExtension.cs: 1136 - Found 53 in cum_dahuong_truoc_sau-6
2025-06-26 14:59:37,814 INFO  ExportHelperExtension.cs: 1145 - Found 0 features of type [CoordSys] in cum_dahuong_truoc_sau-6
2025-06-26 14:59:37,814 INFO  ExportHelperExtension.cs: 1125 - Retrieving features of type [CoordSys] from full_cover_v2-1
2025-06-26 14:59:37,815 INFO  ExportHelperExtension.cs: 1136 - Found 29 in full_cover_v2-1
2025-06-26 14:59:37,815 INFO  ExportHelperExtension.cs: 1145 - Found 0 features of type [CoordSys] in full_cover_v2-1
2025-06-26 14:59:37,815 INFO  ExportHelperExtension.cs: 1125 - Retrieving features of type [CoordSys] from cover_up_v2-1
2025-06-26 14:59:37,816 INFO  ExportHelperExtension.cs: 1136 - Found 26 in cover_up_v2-1
2025-06-26 14:59:37,816 INFO  ExportHelperExtension.cs: 1145 - Found 0 features of type [CoordSys] in cover_up_v2-1
2025-06-26 14:59:37,816 INFO  ExportHelperExtension.cs: 1125 - Retrieving features of type [CoordSys] from j1-1
2025-06-26 14:59:37,816 INFO  ExportHelperExtension.cs: 1136 - Found 32 in j1-1
2025-06-26 14:59:37,817 INFO  ExportHelperExtension.cs: 1145 - Found 0 features of type [CoordSys] in j1-1
2025-06-26 14:59:37,817 INFO  ExportHelperExtension.cs: 1125 - Retrieving features of type [CoordSys] from j1-2
2025-06-26 14:59:37,817 INFO  ExportHelperExtension.cs: 1136 - Found 32 in j1-2
2025-06-26 14:59:37,818 INFO  ExportHelperExtension.cs: 1145 - Found 0 features of type [CoordSys] in j1-2
2025-06-26 14:59:37,818 INFO  ExportHelperExtension.cs: 1125 - Retrieving features of type [CoordSys] from 20mm-10
2025-06-26 14:59:37,819 INFO  ExportHelperExtension.cs: 1136 - Found 40 in 20mm-10
2025-06-26 14:59:37,819 INFO  ExportHelperExtension.cs: 1145 - Found 0 features of type [CoordSys] in 20mm-10
2025-06-26 14:59:37,820 INFO  ExportHelperExtension.cs: 1125 - Retrieving features of type [CoordSys] from cover_joint_v3.1.2-1
2025-06-26 14:59:37,820 INFO  ExportHelperExtension.cs: 1136 - Found 35 in cover_joint_v3.1.2-1
2025-06-26 14:59:37,820 INFO  ExportHelperExtension.cs: 1145 - Found 0 features of type [CoordSys] in cover_joint_v3.1.2-1
2025-06-26 14:59:37,820 INFO  ExportHelperExtension.cs: 1125 - Retrieving features of type [CoordSys] from motoredit-4
2025-06-26 14:59:37,821 INFO  ExportHelperExtension.cs: 1136 - Found 40 in motoredit-4
2025-06-26 14:59:37,822 INFO  ExportHelperExtension.cs: 1145 - Found 0 features of type [CoordSys] in motoredit-4
2025-06-26 14:59:37,822 INFO  ExportHelperExtension.cs: 1125 - Retrieving features of type [CoordSys] from matxeo1-1
2025-06-26 14:59:37,822 INFO  ExportHelperExtension.cs: 1136 - Found 27 in matxeo1-1
2025-06-26 14:59:37,823 INFO  ExportHelperExtension.cs: 1145 - Found 0 features of type [CoordSys] in matxeo1-1
2025-06-26 14:59:37,823 INFO  ExportHelperExtension.cs: 1125 - Retrieving features of type [CoordSys] from Arcade Push button asm-2
2025-06-26 14:59:37,823 INFO  ExportHelperExtension.cs: 1136 - Found 56 in Arcade Push button asm-2
2025-06-26 14:59:37,824 INFO  ExportHelperExtension.cs: 1145 - Found 0 features of type [CoordSys] in Arcade Push button asm-2
2025-06-26 14:59:37,824 INFO  ExportHelperExtension.cs: 1125 - Retrieving features of type [CoordSys] from imu_40do-1
2025-06-26 14:59:37,824 INFO  ExportHelperExtension.cs: 1136 - Found 25 in imu_40do-1
2025-06-26 14:59:37,825 INFO  ExportHelperExtension.cs: 1145 - Found 0 features of type [CoordSys] in imu_40do-1
2025-06-26 14:59:37,825 INFO  ExportHelperExtension.cs: 1125 - Retrieving features of type [CoordSys] from trodong-1
2025-06-26 14:59:37,826 INFO  ExportHelperExtension.cs: 1136 - Found 25 in trodong-1
2025-06-26 14:59:37,826 INFO  ExportHelperExtension.cs: 1145 - Found 0 features of type [CoordSys] in trodong-1
2025-06-26 14:59:37,826 INFO  ExportHelperExtension.cs: 1125 - Retrieving features of type [RefAxis] from roboV3(urdf_changed).SLDASM
2025-06-26 14:59:37,827 INFO  ExportHelperExtension.cs: 1136 - Found 313 in roboV3(urdf_changed).SLDASM
2025-06-26 14:59:37,828 INFO  ExportHelperExtension.cs: 1145 - Found 12 features of type [RefAxis] in roboV3(urdf_changed).SLDASM
2025-06-26 14:59:37,828 INFO  ExportHelperExtension.cs: 1148 - Proceeding through assembly components
2025-06-26 14:59:37,829 INFO  ExportHelperExtension.cs: 1160 - 60 components to check
2025-06-26 14:59:37,829 INFO  ExportHelperExtension.cs: 1125 - Retrieving features of type [RefAxis] from alibaba-1
2025-06-26 14:59:37,829 INFO  ExportHelperExtension.cs: 1136 - Found 35 in alibaba-1
2025-06-26 14:59:37,830 INFO  ExportHelperExtension.cs: 1145 - Found 0 features of type [RefAxis] in alibaba-1
2025-06-26 14:59:37,830 INFO  ExportHelperExtension.cs: 1125 - Retrieving features of type [RefAxis] from Stop Switch Push Button LAY37 (PBC)-3
2025-06-26 14:59:37,830 INFO  ExportHelperExtension.cs: 1136 - Found 63 in Stop Switch Push Button LAY37 (PBC)-3
2025-06-26 14:59:37,831 INFO  ExportHelperExtension.cs: 1145 - Found 0 features of type [RefAxis] in Stop Switch Push Button LAY37 (PBC)-3
2025-06-26 14:59:37,831 INFO  ExportHelperExtension.cs: 1125 - Retrieving features of type [RefAxis] from che-2
2025-06-26 14:59:37,831 INFO  ExportHelperExtension.cs: 1136 - Found 25 in che-2
2025-06-26 14:59:37,832 INFO  ExportHelperExtension.cs: 1145 - Found 0 features of type [RefAxis] in che-2
2025-06-26 14:59:37,832 INFO  ExportHelperExtension.cs: 1125 - Retrieving features of type [RefAxis] from che-3
2025-06-26 14:59:37,832 INFO  ExportHelperExtension.cs: 1136 - Found 25 in che-3
2025-06-26 14:59:37,833 INFO  ExportHelperExtension.cs: 1145 - Found 0 features of type [RefAxis] in che-3
2025-06-26 14:59:37,833 INFO  ExportHelperExtension.cs: 1125 - Retrieving features of type [RefAxis] from ga_minipc_v2-2
2025-06-26 14:59:37,834 INFO  ExportHelperExtension.cs: 1136 - Found 31 in ga_minipc_v2-2
2025-06-26 14:59:37,834 INFO  ExportHelperExtension.cs: 1145 - Found 0 features of type [RefAxis] in ga_minipc_v2-2
2025-06-26 14:59:37,835 INFO  ExportHelperExtension.cs: 1125 - Retrieving features of type [RefAxis] from hop_pin-1
2025-06-26 14:59:37,835 INFO  ExportHelperExtension.cs: 1136 - Found 27 in hop_pin-1
2025-06-26 14:59:37,835 INFO  ExportHelperExtension.cs: 1145 - Found 0 features of type [RefAxis] in hop_pin-1
2025-06-26 14:59:37,835 INFO  ExportHelperExtension.cs: 1125 - Retrieving features of type [RefAxis] from che-4
2025-06-26 14:59:37,836 INFO  ExportHelperExtension.cs: 1136 - Found 25 in che-4
2025-06-26 14:59:37,836 INFO  ExportHelperExtension.cs: 1145 - Found 0 features of type [RefAxis] in che-4
2025-06-26 14:59:37,837 INFO  ExportHelperExtension.cs: 1125 - Retrieving features of type [RefAxis] from che-1
2025-06-26 14:59:37,837 INFO  ExportHelperExtension.cs: 1136 - Found 25 in che-1
2025-06-26 14:59:37,837 INFO  ExportHelperExtension.cs: 1145 - Found 0 features of type [RefAxis] in che-1
2025-06-26 14:59:37,838 INFO  ExportHelperExtension.cs: 1125 - Retrieving features of type [RefAxis] from nang_cam-1
2025-06-26 14:59:37,838 INFO  ExportHelperExtension.cs: 1136 - Found 25 in nang_cam-1
2025-06-26 14:59:37,839 INFO  ExportHelperExtension.cs: 1145 - Found 0 features of type [RefAxis] in nang_cam-1
2025-06-26 14:59:37,839 INFO  ExportHelperExtension.cs: 1125 - Retrieving features of type [RefAxis] from hop_nano-1
2025-06-26 14:59:37,840 INFO  ExportHelperExtension.cs: 1136 - Found 35 in hop_nano-1
2025-06-26 14:59:37,840 INFO  ExportHelperExtension.cs: 1145 - Found 0 features of type [RefAxis] in hop_nano-1
2025-06-26 14:59:37,840 INFO  ExportHelperExtension.cs: 1125 - Retrieving features of type [RefAxis] from op_tablet-1
2025-06-26 14:59:37,841 INFO  ExportHelperExtension.cs: 1136 - Found 37 in op_tablet-1
2025-06-26 14:59:37,842 INFO  ExportHelperExtension.cs: 1145 - Found 0 features of type [RefAxis] in op_tablet-1
2025-06-26 14:59:37,842 INFO  ExportHelperExtension.cs: 1125 - Retrieving features of type [RefAxis] from ga_minipc_v2-1
2025-06-26 14:59:37,842 INFO  ExportHelperExtension.cs: 1136 - Found 31 in ga_minipc_v2-1
2025-06-26 14:59:37,843 INFO  ExportHelperExtension.cs: 1145 - Found 0 features of type [RefAxis] in ga_minipc_v2-1
2025-06-26 14:59:37,843 INFO  ExportHelperExtension.cs: 1125 - Retrieving features of type [RefAxis] from cover_up_v2_linh_mica-1
2025-06-26 14:59:37,844 INFO  ExportHelperExtension.cs: 1136 - Found 28 in cover_up_v2_linh_mica-1
2025-06-26 14:59:37,849 INFO  ExportHelperExtension.cs: 1145 - Found 0 features of type [RefAxis] in cover_up_v2_linh_mica-1
2025-06-26 14:59:37,850 INFO  ExportHelperExtension.cs: 1125 - Retrieving features of type [RefAxis] from ga_minipc_comp-1
2025-06-26 14:59:37,851 INFO  ExportHelperExtension.cs: 1136 - Found 40 in ga_minipc_comp-1
2025-06-26 14:59:37,851 INFO  ExportHelperExtension.cs: 1145 - Found 0 features of type [RefAxis] in ga_minipc_comp-1
2025-06-26 14:59:37,852 INFO  ExportHelperExtension.cs: 1125 - Retrieving features of type [RefAxis] from ga_com-1
2025-06-26 14:59:37,852 INFO  ExportHelperExtension.cs: 1136 - Found 33 in ga_com-1
2025-06-26 14:59:37,852 INFO  ExportHelperExtension.cs: 1145 - Found 0 features of type [RefAxis] in ga_com-1
2025-06-26 14:59:37,853 INFO  ExportHelperExtension.cs: 1125 - Retrieving features of type [RefAxis] from kegoc_tab1-1
2025-06-26 14:59:37,853 INFO  ExportHelperExtension.cs: 1136 - Found 25 in kegoc_tab1-1
2025-06-26 14:59:37,853 INFO  ExportHelperExtension.cs: 1145 - Found 0 features of type [RefAxis] in kegoc_tab1-1
2025-06-26 14:59:37,853 INFO  ExportHelperExtension.cs: 1125 - Retrieving features of type [RefAxis] from che-6
2025-06-26 14:59:37,854 INFO  ExportHelperExtension.cs: 1136 - Found 25 in che-6
2025-06-26 14:59:37,854 INFO  ExportHelperExtension.cs: 1145 - Found 0 features of type [RefAxis] in che-6
2025-06-26 14:59:37,854 INFO  ExportHelperExtension.cs: 1125 - Retrieving features of type [RefAxis] from kegoc_tab2-1
2025-06-26 14:59:37,855 INFO  ExportHelperExtension.cs: 1136 - Found 25 in kegoc_tab2-1
2025-06-26 14:59:37,855 INFO  ExportHelperExtension.cs: 1145 - Found 0 features of type [RefAxis] in kegoc_tab2-1
2025-06-26 14:59:37,856 INFO  ExportHelperExtension.cs: 1125 - Retrieving features of type [RefAxis] from che-5
2025-06-26 14:59:37,856 INFO  ExportHelperExtension.cs: 1136 - Found 25 in che-5
2025-06-26 14:59:37,856 INFO  ExportHelperExtension.cs: 1145 - Found 0 features of type [RefAxis] in che-5
2025-06-26 14:59:37,856 INFO  ExportHelperExtension.cs: 1125 - Retrieving features of type [RefAxis] from final kinect-1
2025-06-26 14:59:37,857 INFO  ExportHelperExtension.cs: 1136 - Found 27 in final kinect-1
2025-06-26 14:59:37,857 INFO  ExportHelperExtension.cs: 1145 - Found 0 features of type [RefAxis] in final kinect-1
2025-06-26 14:59:37,857 INFO  ExportHelperExtension.cs: 1125 - Retrieving features of type [RefAxis] from cover_up_v2_linh-1
2025-06-26 14:59:37,858 INFO  ExportHelperExtension.cs: 1136 - Found 26 in cover_up_v2_linh-1
2025-06-26 14:59:37,858 INFO  ExportHelperExtension.cs: 1145 - Found 0 features of type [RefAxis] in cover_up_v2_linh-1
2025-06-26 14:59:37,858 INFO  ExportHelperExtension.cs: 1125 - Retrieving features of type [RefAxis] from battery-1
2025-06-26 14:59:37,859 INFO  ExportHelperExtension.cs: 1136 - Found 28 in battery-1
2025-06-26 14:59:37,859 INFO  ExportHelperExtension.cs: 1145 - Found 0 features of type [RefAxis] in battery-1
2025-06-26 14:59:37,859 INFO  ExportHelperExtension.cs: 1125 - Retrieving features of type [RefAxis] from standoff_M2_20mm-3
2025-06-26 14:59:37,860 INFO  ExportHelperExtension.cs: 1136 - Found 31 in standoff_M2_20mm-3
2025-06-26 14:59:37,860 INFO  ExportHelperExtension.cs: 1145 - Found 0 features of type [RefAxis] in standoff_M2_20mm-3
2025-06-26 14:59:37,860 INFO  ExportHelperExtension.cs: 1125 - Retrieving features of type [RefAxis] from cum_banh_xe_lon-3
2025-06-26 14:59:37,860 INFO  ExportHelperExtension.cs: 1136 - Found 27 in cum_banh_xe_lon-3
2025-06-26 14:59:37,861 INFO  ExportHelperExtension.cs: 1145 - Found 0 features of type [RefAxis] in cum_banh_xe_lon-3
2025-06-26 14:59:37,861 INFO  ExportHelperExtension.cs: 1125 - Retrieving features of type [RefAxis] from motorAxis-1
2025-06-26 14:59:37,862 INFO  ExportHelperExtension.cs: 1136 - Found 30 in motorAxis-1
2025-06-26 14:59:37,862 INFO  ExportHelperExtension.cs: 1145 - Found 0 features of type [RefAxis] in motorAxis-1
2025-06-26 14:59:37,862 INFO  ExportHelperExtension.cs: 1125 - Retrieving features of type [RefAxis] from standoff_M2_20mm-4
2025-06-26 14:59:37,862 INFO  ExportHelperExtension.cs: 1136 - Found 31 in standoff_M2_20mm-4
2025-06-26 14:59:37,863 INFO  ExportHelperExtension.cs: 1145 - Found 0 features of type [RefAxis] in standoff_M2_20mm-4
2025-06-26 14:59:37,863 INFO  ExportHelperExtension.cs: 1125 - Retrieving features of type [RefAxis] from X3_Lidar-1
2025-06-26 14:59:37,864 INFO  ExportHelperExtension.cs: 1136 - Found 90 in X3_Lidar-1
2025-06-26 14:59:37,864 INFO  ExportHelperExtension.cs: 1145 - Found 0 features of type [RefAxis] in X3_Lidar-1
2025-06-26 14:59:37,865 INFO  ExportHelperExtension.cs: 1125 - Retrieving features of type [RefAxis] from 20x20_aluminum_extrusion_profile 26cm-1
2025-06-26 14:59:37,865 INFO  ExportHelperExtension.cs: 1136 - Found 25 in 20x20_aluminum_extrusion_profile 26cm-1
2025-06-26 14:59:37,865 INFO  ExportHelperExtension.cs: 1145 - Found 0 features of type [RefAxis] in 20x20_aluminum_extrusion_profile 26cm-1
2025-06-26 14:59:37,865 INFO  ExportHelperExtension.cs: 1125 - Retrieving features of type [RefAxis] from 20mm-8
2025-06-26 14:59:37,865 INFO  ExportHelperExtension.cs: 1136 - Found 40 in 20mm-8
2025-06-26 14:59:37,866 INFO  ExportHelperExtension.cs: 1145 - Found 0 features of type [RefAxis] in 20mm-8
2025-06-26 14:59:37,866 INFO  ExportHelperExtension.cs: 1125 - Retrieving features of type [RefAxis] from 20mm-2
2025-06-26 14:59:37,867 INFO  ExportHelperExtension.cs: 1136 - Found 40 in 20mm-2
2025-06-26 14:59:37,867 INFO  ExportHelperExtension.cs: 1145 - Found 0 features of type [RefAxis] in 20mm-2
2025-06-26 14:59:37,867 INFO  ExportHelperExtension.cs: 1125 - Retrieving features of type [RefAxis] from ??????? V-slot 20x40-1
2025-06-26 14:59:37,868 INFO  ExportHelperExtension.cs: 1136 - Found 30 in ??????? V-slot 20x40-1
2025-06-26 14:59:37,868 INFO  ExportHelperExtension.cs: 1145 - Found 0 features of type [RefAxis] in ??????? V-slot 20x40-1
2025-06-26 14:59:37,868 INFO  ExportHelperExtension.cs: 1125 - Retrieving features of type [RefAxis] from standoff_M2_20mm-5
2025-06-26 14:59:37,869 INFO  ExportHelperExtension.cs: 1136 - Found 31 in standoff_M2_20mm-5
2025-06-26 14:59:37,869 INFO  ExportHelperExtension.cs: 1145 - Found 0 features of type [RefAxis] in standoff_M2_20mm-5
2025-06-26 14:59:37,869 INFO  ExportHelperExtension.cs: 1125 - Retrieving features of type [RefAxis] from motoredit-3
2025-06-26 14:59:37,869 INFO  ExportHelperExtension.cs: 1136 - Found 40 in motoredit-3
2025-06-26 14:59:37,870 INFO  ExportHelperExtension.cs: 1145 - Found 0 features of type [RefAxis] in motoredit-3
2025-06-26 14:59:37,870 INFO  ExportHelperExtension.cs: 1125 - Retrieving features of type [RefAxis] from lidar_pushup-1
2025-06-26 14:59:37,870 INFO  ExportHelperExtension.cs: 1136 - Found 34 in lidar_pushup-1
2025-06-26 14:59:37,871 INFO  ExportHelperExtension.cs: 1145 - Found 1 features of type [RefAxis] in lidar_pushup-1
2025-06-26 14:59:37,871 INFO  ExportHelperExtension.cs: 1125 - Retrieving features of type [RefAxis] from standoff_M2_20mm-1
2025-06-26 14:59:37,871 INFO  ExportHelperExtension.cs: 1136 - Found 31 in standoff_M2_20mm-1
2025-06-26 14:59:37,872 INFO  ExportHelperExtension.cs: 1145 - Found 0 features of type [RefAxis] in standoff_M2_20mm-1
2025-06-26 14:59:37,872 INFO  ExportHelperExtension.cs: 1125 - Retrieving features of type [RefAxis] from hoverboard_driver-1
2025-06-26 14:59:37,872 INFO  ExportHelperExtension.cs: 1136 - Found 25 in hoverboard_driver-1
2025-06-26 14:59:37,873 INFO  ExportHelperExtension.cs: 1145 - Found 0 features of type [RefAxis] in hoverboard_driver-1
2025-06-26 14:59:37,873 INFO  ExportHelperExtension.cs: 1125 - Retrieving features of type [RefAxis] from cum_relay_my4n_4p-1
2025-06-26 14:59:37,873 INFO  ExportHelperExtension.cs: 1136 - Found 27 in cum_relay_my4n_4p-1
2025-06-26 14:59:37,873 INFO  ExportHelperExtension.cs: 1145 - Found 0 features of type [RefAxis] in cum_relay_my4n_4p-1
2025-06-26 14:59:37,874 INFO  ExportHelperExtension.cs: 1125 - Retrieving features of type [RefAxis] from lidar_pushup-3
2025-06-26 14:59:37,874 INFO  ExportHelperExtension.cs: 1136 - Found 34 in lidar_pushup-3
2025-06-26 14:59:37,874 INFO  ExportHelperExtension.cs: 1145 - Found 1 features of type [RefAxis] in lidar_pushup-3
2025-06-26 14:59:37,875 INFO  ExportHelperExtension.cs: 1125 - Retrieving features of type [RefAxis] from 36v_12v_converter-1
2025-06-26 14:59:37,875 INFO  ExportHelperExtension.cs: 1136 - Found 29 in 36v_12v_converter-1
2025-06-26 14:59:37,875 INFO  ExportHelperExtension.cs: 1145 - Found 0 features of type [RefAxis] in 36v_12v_converter-1
2025-06-26 14:59:37,876 INFO  ExportHelperExtension.cs: 1125 - Retrieving features of type [RefAxis] from remote_relay-1
2025-06-26 14:59:37,876 INFO  ExportHelperExtension.cs: 1136 - Found 28 in remote_relay-1
2025-06-26 14:59:37,876 INFO  ExportHelperExtension.cs: 1145 - Found 0 features of type [RefAxis] in remote_relay-1
2025-06-26 14:59:37,877 INFO  ExportHelperExtension.cs: 1125 - Retrieving features of type [RefAxis] from pi_hang_imu-1
2025-06-26 14:59:37,877 INFO  ExportHelperExtension.cs: 1136 - Found 33 in pi_hang_imu-1
2025-06-26 14:59:37,877 INFO  ExportHelperExtension.cs: 1145 - Found 4 features of type [RefAxis] in pi_hang_imu-1
2025-06-26 14:59:37,878 INFO  ExportHelperExtension.cs: 1125 - Retrieving features of type [RefAxis] from ??????? V-slot 20x40-3
2025-06-26 14:59:37,878 INFO  ExportHelperExtension.cs: 1136 - Found 30 in ??????? V-slot 20x40-3
2025-06-26 14:59:37,878 INFO  ExportHelperExtension.cs: 1145 - Found 0 features of type [RefAxis] in ??????? V-slot 20x40-3
2025-06-26 14:59:37,878 INFO  ExportHelperExtension.cs: 1125 - Retrieving features of type [RefAxis] from aluminium_base-1
2025-06-26 14:59:37,879 INFO  ExportHelperExtension.cs: 1136 - Found 35 in aluminium_base-1
2025-06-26 14:59:37,879 INFO  ExportHelperExtension.cs: 1145 - Found 0 features of type [RefAxis] in aluminium_base-1
2025-06-26 14:59:37,880 INFO  ExportHelperExtension.cs: 1125 - Retrieving features of type [RefAxis] from WEIDU TB25XX-1
2025-06-26 14:59:37,880 INFO  ExportHelperExtension.cs: 1136 - Found 101 in WEIDU TB25XX-1
2025-06-26 14:59:37,881 INFO  ExportHelperExtension.cs: 1145 - Found 0 features of type [RefAxis] in WEIDU TB25XX-1
2025-06-26 14:59:37,881 INFO  ExportHelperExtension.cs: 1125 - Retrieving features of type [RefAxis] from cum_banh_xe_lon-5
2025-06-26 14:59:37,882 INFO  ExportHelperExtension.cs: 1136 - Found 27 in cum_banh_xe_lon-5
2025-06-26 14:59:37,882 INFO  ExportHelperExtension.cs: 1145 - Found 0 features of type [RefAxis] in cum_banh_xe_lon-5
2025-06-26 14:59:37,882 INFO  ExportHelperExtension.cs: 1125 - Retrieving features of type [RefAxis] from motorAxis-4
2025-06-26 14:59:37,883 INFO  ExportHelperExtension.cs: 1136 - Found 30 in motorAxis-4
2025-06-26 14:59:37,883 INFO  ExportHelperExtension.cs: 1145 - Found 0 features of type [RefAxis] in motorAxis-4
2025-06-26 14:59:37,883 INFO  ExportHelperExtension.cs: 1125 - Retrieving features of type [RefAxis] from 20mm-11
2025-06-26 14:59:37,883 INFO  ExportHelperExtension.cs: 1136 - Found 40 in 20mm-11
2025-06-26 14:59:37,884 INFO  ExportHelperExtension.cs: 1145 - Found 0 features of type [RefAxis] in 20mm-11
2025-06-26 14:59:37,884 INFO  ExportHelperExtension.cs: 1125 - Retrieving features of type [RefAxis] from cum_dahuong_truoc_sau-5
2025-06-26 14:59:37,884 INFO  ExportHelperExtension.cs: 1136 - Found 53 in cum_dahuong_truoc_sau-5
2025-06-26 14:59:37,885 INFO  ExportHelperExtension.cs: 1145 - Found 0 features of type [RefAxis] in cum_dahuong_truoc_sau-5
2025-06-26 14:59:37,885 INFO  ExportHelperExtension.cs: 1125 - Retrieving features of type [RefAxis] from cum_dahuong_truoc_sau-6
2025-06-26 14:59:37,885 INFO  ExportHelperExtension.cs: 1136 - Found 53 in cum_dahuong_truoc_sau-6
2025-06-26 14:59:37,886 INFO  ExportHelperExtension.cs: 1145 - Found 0 features of type [RefAxis] in cum_dahuong_truoc_sau-6
2025-06-26 14:59:37,886 INFO  ExportHelperExtension.cs: 1125 - Retrieving features of type [RefAxis] from full_cover_v2-1
2025-06-26 14:59:37,886 INFO  ExportHelperExtension.cs: 1136 - Found 29 in full_cover_v2-1
2025-06-26 14:59:37,887 INFO  ExportHelperExtension.cs: 1145 - Found 0 features of type [RefAxis] in full_cover_v2-1
2025-06-26 14:59:37,887 INFO  ExportHelperExtension.cs: 1125 - Retrieving features of type [RefAxis] from cover_up_v2-1
2025-06-26 14:59:37,910 INFO  ExportHelperExtension.cs: 1136 - Found 26 in cover_up_v2-1
2025-06-26 14:59:37,911 INFO  ExportHelperExtension.cs: 1145 - Found 0 features of type [RefAxis] in cover_up_v2-1
2025-06-26 14:59:37,911 INFO  ExportHelperExtension.cs: 1125 - Retrieving features of type [RefAxis] from j1-1
2025-06-26 14:59:37,911 INFO  ExportHelperExtension.cs: 1136 - Found 32 in j1-1
2025-06-26 14:59:37,912 INFO  ExportHelperExtension.cs: 1145 - Found 0 features of type [RefAxis] in j1-1
2025-06-26 14:59:37,912 INFO  ExportHelperExtension.cs: 1125 - Retrieving features of type [RefAxis] from j1-2
2025-06-26 14:59:37,912 INFO  ExportHelperExtension.cs: 1136 - Found 32 in j1-2
2025-06-26 14:59:37,913 INFO  ExportHelperExtension.cs: 1145 - Found 0 features of type [RefAxis] in j1-2
2025-06-26 14:59:37,913 INFO  ExportHelperExtension.cs: 1125 - Retrieving features of type [RefAxis] from 20mm-10
2025-06-26 14:59:37,913 INFO  ExportHelperExtension.cs: 1136 - Found 40 in 20mm-10
2025-06-26 14:59:37,914 INFO  ExportHelperExtension.cs: 1145 - Found 0 features of type [RefAxis] in 20mm-10
2025-06-26 14:59:37,914 INFO  ExportHelperExtension.cs: 1125 - Retrieving features of type [RefAxis] from cover_joint_v3.1.2-1
2025-06-26 14:59:37,914 INFO  ExportHelperExtension.cs: 1136 - Found 35 in cover_joint_v3.1.2-1
2025-06-26 14:59:37,915 INFO  ExportHelperExtension.cs: 1145 - Found 0 features of type [RefAxis] in cover_joint_v3.1.2-1
2025-06-26 14:59:37,915 INFO  ExportHelperExtension.cs: 1125 - Retrieving features of type [RefAxis] from motoredit-4
2025-06-26 14:59:37,915 INFO  ExportHelperExtension.cs: 1136 - Found 40 in motoredit-4
2025-06-26 14:59:37,916 INFO  ExportHelperExtension.cs: 1145 - Found 0 features of type [RefAxis] in motoredit-4
2025-06-26 14:59:37,916 INFO  ExportHelperExtension.cs: 1125 - Retrieving features of type [RefAxis] from matxeo1-1
2025-06-26 14:59:37,916 INFO  ExportHelperExtension.cs: 1136 - Found 27 in matxeo1-1
2025-06-26 14:59:37,917 INFO  ExportHelperExtension.cs: 1145 - Found 0 features of type [RefAxis] in matxeo1-1
2025-06-26 14:59:37,917 INFO  ExportHelperExtension.cs: 1125 - Retrieving features of type [RefAxis] from Arcade Push button asm-2
2025-06-26 14:59:37,917 INFO  ExportHelperExtension.cs: 1136 - Found 56 in Arcade Push button asm-2
2025-06-26 14:59:37,918 INFO  ExportHelperExtension.cs: 1145 - Found 0 features of type [RefAxis] in Arcade Push button asm-2
2025-06-26 14:59:37,918 INFO  ExportHelperExtension.cs: 1125 - Retrieving features of type [RefAxis] from imu_40do-1
2025-06-26 14:59:37,918 INFO  ExportHelperExtension.cs: 1136 - Found 25 in imu_40do-1
2025-06-26 14:59:37,919 INFO  ExportHelperExtension.cs: 1145 - Found 0 features of type [RefAxis] in imu_40do-1
2025-06-26 14:59:37,919 INFO  ExportHelperExtension.cs: 1125 - Retrieving features of type [RefAxis] from trodong-1
2025-06-26 14:59:37,919 INFO  ExportHelperExtension.cs: 1136 - Found 25 in trodong-1
2025-06-26 14:59:37,920 INFO  ExportHelperExtension.cs: 1145 - Found 0 features of type [RefAxis] in trodong-1
2025-06-26 14:59:37,975 INFO  ExportPropertyManager.cs: 1142 - AfterClose called. This method no longer throws an Exception. It just silently does nothing. Ok, except for this logging message
2025-06-26 15:00:53,564 INFO  AssemblyExportForm.cs: 253 - Completing URDF export
2025-06-26 15:00:53,572 INFO  ConfigurationSerialization.cs: 276 - URDF Configuration found
<Link z:Id="i1" xmlns="http://schemas.datacontract.org/2004/07/SW2URDF" xmlns:i="http://www.w3.org/2001/XMLSchema-instance" xmlns:z="http://schemas.microsoft.com/2003/10/Serialization/"><Attributes><Attribute z:Id="i2"><AttributeType>name</AttributeType><IsRequired>true</IsRequired><Value i:type="a:string" xmlns:a="http://www.w3.org/2001/XMLSchema">base_link</Value></Attribute></Attributes><ChildElements><URDFElement z:Id="i3" i:type="Inertial"><Attributes/><ChildElements><URDFElement z:Id="i4" i:type="Origin"><Attributes><Attribute z:Id="i5"><AttributeType>xyz</AttributeType><IsRequired>true</IsRequired><Value i:type="a:ArrayOfdouble" xmlns:a="http://schemas.microsoft.com/2003/10/Serialization/Arrays"><a:double>0.060987346543505905</a:double><a:double>-0.0042720180668343044</a:double><a:double>0.19200247731974768</a:double></Value></Attribute><Attribute z:Id="i6"><AttributeType>rpy</AttributeType><IsRequired>true</IsRequired><Value i:type="a:ArrayOfdouble" xmlns:a="http://schemas.microsoft.com/2003/10/Serialization/Arrays"><a:double>0</a:double><a:double>0</a:double><a:double>0</a:double></Value></Attribute></Attributes><ChildElements/><ElementName>origin</ElementName><required>false</required><RPYAttribute z:Ref="i6"/><XYZAttribute z:Ref="i5"/><isCustomized>false</isCustomized></URDFElement><URDFElement z:Id="i7" i:type="Mass"><Attributes><Attribute z:Id="i8"><AttributeType>value</AttributeType><IsRequired>true</IsRequired><Value i:type="a:double" xmlns:a="http://www.w3.org/2001/XMLSchema">10.746159077553559</Value></Attribute></Attributes><ChildElements/><ElementName>mass</ElementName><required>false</required><ValueAttribute z:Ref="i8"/></URDFElement><URDFElement z:Id="i9" i:type="Inertia"><Attributes><Attribute z:Id="i10"><AttributeType>ixx</AttributeType><IsRequired>true</IsRequired><Value i:type="a:double" xmlns:a="http://www.w3.org/2001/XMLSchema">0.065834870849578578</Value></Attribute><Attribute z:Id="i11"><AttributeType>ixy</AttributeType><IsRequired>true</IsRequired><Value i:type="a:double" xmlns:a="http://www.w3.org/2001/XMLSchema">-0.00023209205759734428</Value></Attribute><Attribute z:Id="i12"><AttributeType>ixz</AttributeType><IsRequired>true</IsRequired><Value i:type="a:double" xmlns:a="http://www.w3.org/2001/XMLSchema">0.0013281102483101161</Value></Attribute><Attribute z:Id="i13"><AttributeType>iyy</AttributeType><IsRequired>true</IsRequired><Value i:type="a:double" xmlns:a="http://www.w3.org/2001/XMLSchema">0.085268180604857441</Value></Attribute><Attribute z:Id="i14"><AttributeType>iyz</AttributeType><IsRequired>true</IsRequired><Value i:type="a:double" xmlns:a="http://www.w3.org/2001/XMLSchema">6.44620982702778E-06</Value></Attribute><Attribute z:Id="i15"><AttributeType>izz</AttributeType><IsRequired>true</IsRequired><Value i:type="a:double" xmlns:a="http://www.w3.org/2001/XMLSchema">0.079142439222943575</Value></Attribute></Attributes><ChildElements/><ElementName>inertia</ElementName><required>false</required><IxxAttribute z:Ref="i10"/><IxyAttribute z:Ref="i11"/><IxzAttribute z:Ref="i12"/><IyyAttribute z:Ref="i13"/><IyzAttribute z:Ref="i14"/><IzzAttribute z:Ref="i15"/></URDFElement></ChildElements><ElementName>inertial</ElementName><required>false</required><Inertia z:Ref="i9"/><Mass z:Ref="i7"/><Origin z:Ref="i4"/></URDFElement><URDFElement z:Id="i16" i:type="Visual"><Attributes/><ChildElements><URDFElement z:Id="i17" i:type="Origin"><Attributes><Attribute z:Id="i18"><AttributeType>xyz</AttributeType><IsRequired>true</IsRequired><Value i:type="a:ArrayOfdouble" xmlns:a="http://schemas.microsoft.com/2003/10/Serialization/Arrays"><a:double>0</a:double><a:double>0</a:double><a:double>0</a:double></Value></Attribute><Attribute z:Id="i19"><AttributeType>rpy</AttributeType><IsRequired>true</IsRequired><Value i:type="a:ArrayOfdouble" xmlns:a="http://schemas.microsoft.com/2003/10/Serialization/Arrays"><a:double>0</a:double><a:double>0</a:double><a:double>0</a:double></Value></Attribute></Attributes><ChildElements/><ElementName>origin</ElementName><required>false</required><RPYAttribute z:Ref="i19"/><XYZAttribute z:Ref="i18"/><isCustomized>false</isCustomized></URDFElement><URDFElement z:Id="i20" i:type="Geometry"><Attributes/><ChildElements><URDFElement z:Id="i21" i:type="Mesh"><Attributes><Attribute z:Id="i22"><AttributeType>filename</AttributeType><IsRequired>true</IsRequired><Value i:nil="true"/></Attribute></Attributes><ChildElements/><ElementName>mesh</ElementName><required>false</required><FilenameAttribute z:Ref="i22"/></URDFElement></ChildElements><ElementName>geometry</ElementName><required>true</required><Mesh z:Ref="i21"/></URDFElement><URDFElement z:Id="i23" i:type="Material"><Attributes><Attribute z:Id="i24"><AttributeType>name</AttributeType><IsRequired>true</IsRequired><Value i:type="a:string" xmlns:a="http://www.w3.org/2001/XMLSchema"/></Attribute></Attributes><ChildElements><URDFElement z:Id="i25" i:type="Color"><Attributes><Attribute z:Id="i26"><AttributeType>rgba</AttributeType><IsRequired>true</IsRequired><Value i:type="a:ArrayOfdouble" xmlns:a="http://schemas.microsoft.com/2003/10/Serialization/Arrays"><a:double>0.75294117647058822</a:double><a:double>0.75294117647058822</a:double><a:double>0.75294117647058822</a:double><a:double>1</a:double></Value></Attribute></Attributes><ChildElements/><ElementName>color</ElementName><required>false</required><RGBAAttribute z:Ref="i26"/></URDFElement><URDFElement z:Id="i27" i:type="Texture"><Attributes><Attribute z:Id="i28"><AttributeType>filename</AttributeType><IsRequired>true</IsRequired><Value i:nil="true"/></Attribute></Attributes><ChildElements/><ElementName>texture</ElementName><required>false</required><FilenameAttribute z:Ref="i28"/><wFilename/></URDFElement></ChildElements><ElementName>material</ElementName><required>false</required><Color z:Ref="i25"/><NameAttribute z:Ref="i24"/><Texture z:Ref="i27"/></URDFElement></ChildElements><ElementName>visual</ElementName><required>false</required><Geometry z:Ref="i20"/><Material z:Ref="i23"/><Origin z:Ref="i17"/></URDFElement><URDFElement z:Id="i29" i:type="Collision"><Attributes/><ChildElements><URDFElement z:Id="i30" i:type="Origin"><Attributes><Attribute z:Id="i31"><AttributeType>xyz</AttributeType><IsRequired>true</IsRequired><Value i:type="a:ArrayOfdouble" xmlns:a="http://schemas.microsoft.com/2003/10/Serialization/Arrays"><a:double>0</a:double><a:double>0</a:double><a:double>0</a:double></Value></Attribute><Attribute z:Id="i32"><AttributeType>rpy</AttributeType><IsRequired>true</IsRequired><Value i:type="a:ArrayOfdouble" xmlns:a="http://schemas.microsoft.com/2003/10/Serialization/Arrays"><a:double>0</a:double><a:double>0</a:double><a:double>0</a:double></Value></Attribute></Attributes><ChildElements/><ElementName>origin</ElementName><required>false</required><RPYAttribute z:Ref="i32"/><XYZAttribute z:Ref="i31"/><isCustomized>false</isCustomized></URDFElement><URDFElement z:Id="i33" i:type="Geometry"><Attributes/><ChildElements><URDFElement z:Id="i34" i:type="Mesh"><Attributes><Attribute z:Id="i35"><AttributeType>filename</AttributeType><IsRequired>true</IsRequired><Value i:nil="true"/></Attribute></Attributes><ChildElements/><ElementName>mesh</ElementName><required>false</required><FilenameAttribute z:Ref="i35"/></URDFElement></ChildElements><ElementName>geometry</ElementName><required>true</required><Mesh z:Ref="i34"/></URDFElement></ChildElements><ElementName>collision</ElementName><required>false</required><Geometry z:Ref="i33"/><Origin z:Ref="i30"/></URDFElement><URDFElement z:Id="i36" i:type="Joint"><Attributes><Attribute z:Id="i37"><AttributeType>name</AttributeType><IsRequired>true</IsRequired><Value i:type="a:string" xmlns:a="http://www.w3.org/2001/XMLSchema"/></Attribute><Attribute z:Id="i38"><AttributeType>type</AttributeType><IsRequired>true</IsRequired><Value i:type="a:string" xmlns:a="http://www.w3.org/2001/XMLSchema"/></Attribute></Attributes><ChildElements><URDFElement z:Id="i39" i:type="Origin"><Attributes><Attribute z:Id="i40"><AttributeType>xyz</AttributeType><IsRequired>true</IsRequired><Value i:type="a:ArrayOfdouble" xmlns:a="http://schemas.microsoft.com/2003/10/Serialization/Arrays"><a:double>0</a:double><a:double>0</a:double><a:double>0</a:double></Value></Attribute><Attribute z:Id="i41"><AttributeType>rpy</AttributeType><IsRequired>true</IsRequired><Value i:type="a:ArrayOfdouble" xmlns:a="http://schemas.microsoft.com/2003/10/Serialization/Arrays"><a:double>0</a:double><a:double>0</a:double><a:double>0</a:double></Value></Attribute></Attributes><ChildElements/><ElementName>origin</ElementName><required>false</required><RPYAttribute z:Ref="i41"/><XYZAttribute z:Ref="i40"/><isCustomized>false</isCustomized></URDFElement><URDFElement z:Id="i42" i:type="ParentLink"><Attributes><Attribute z:Id="i43"><AttributeType>link</AttributeType><IsRequired>true</IsRequired><Value i:type="a:string" xmlns:a="http://www.w3.org/2001/XMLSchema"/></Attribute></Attributes><ChildElements/><ElementName>parent</ElementName><required>true</required><NameAttribute z:Ref="i43"/></URDFElement><URDFElement z:Id="i44" i:type="ChildLink"><Attributes><Attribute z:Id="i45"><AttributeType>link</AttributeType><IsRequired>true</IsRequired><Value i:type="a:string" xmlns:a="http://www.w3.org/2001/XMLSchema"/></Attribute></Attributes><ChildElements/><ElementName>child</ElementName><required>true</required><NameAttribute z:Ref="i45"/></URDFElement><URDFElement z:Id="i46" i:type="Axis"><Attributes><Attribute z:Id="i47"><AttributeType>xyz</AttributeType><IsRequired>true</IsRequired><Value i:type="a:ArrayOfdouble" xmlns:a="http://schemas.microsoft.com/2003/10/Serialization/Arrays"><a:double>0</a:double><a:double>0</a:double><a:double>0</a:double></Value></Attribute></Attributes><ChildElements/><ElementName>axis</ElementName><required>false</required><XYZAttribute z:Ref="i47"/></URDFElement><URDFElement z:Id="i48" i:type="Limit"><Attributes><Attribute z:Id="i49"><AttributeType>lower</AttributeType><IsRequired>false</IsRequired><Value i:nil="true"/></Attribute><Attribute z:Id="i50"><AttributeType>upper</AttributeType><IsRequired>false</IsRequired><Value i:nil="true"/></Attribute><Attribute z:Id="i51"><AttributeType>effort</AttributeType><IsRequired>true</IsRequired><Value i:nil="true"/></Attribute><Attribute z:Id="i52"><AttributeType>velocity</AttributeType><IsRequired>true</IsRequired><Value i:nil="true"/></Attribute></Attributes><ChildElements/><ElementName>limit</ElementName><required>false</required><EffortAttribute z:Ref="i51"/><LowerAttribute z:Ref="i49"/><UpperAttribute z:Ref="i50"/><VelocityAttribute z:Ref="i52"/></URDFElement><URDFElement z:Id="i53" i:type="Calibration"><Attributes><Attribute z:Id="i54"><AttributeType>rising</AttributeType><IsRequired>false</IsRequired><Value i:nil="true"/></Attribute><Attribute z:Id="i55"><AttributeType>falling</AttributeType><IsRequired>false</IsRequired><Value i:nil="true"/></Attribute></Attributes><ChildElements/><ElementName>calibration</ElementName><required>false</required><FallingAttribute z:Ref="i55"/><RisingAttribute z:Ref="i54"/></URDFElement><URDFElement z:Id="i56" i:type="Dynamics"><Attributes><Attribute z:Id="i57"><AttributeType>damping</AttributeType><IsRequired>false</IsRequired><Value i:nil="true"/></Attribute><Attribute z:Id="i58"><AttributeType>friction</AttributeType><IsRequired>false</IsRequired><Value i:nil="true"/></Attribute></Attributes><ChildElements/><ElementName>dynamics</ElementName><required>false</required><DampingAttribute z:Ref="i57"/><FrictionAttribute z:Ref="i58"/></URDFElement><URDFElement z:Id="i59" i:type="SafetyController"><Attributes><Attribute z:Id="i60"><AttributeType>soft_upper_limit</AttributeType><IsRequired>false</IsRequired><Value i:nil="true"/></Attribute><Attribute z:Id="i61"><AttributeType>soft_lower_limit</AttributeType><IsRequired>false</IsRequired><Value i:nil="true"/></Attribute><Attribute z:Id="i62"><AttributeType>k_position</AttributeType><IsRequired>false</IsRequired><Value i:nil="true"/></Attribute><Attribute z:Id="i63"><AttributeType>k_velocity</AttributeType><IsRequired>true</IsRequired><Value i:nil="true"/></Attribute></Attributes><ChildElements/><ElementName>safety_controller</ElementName><required>false</required><KPositionAttribute z:Ref="i62"/><KVelocityAttribute z:Ref="i63"/><SoftLowerAttribute z:Ref="i61"/><SoftUpperAttribute z:Ref="i60"/></URDFElement><URDFElement z:Id="i64" i:type="Mimic"><Attributes><Attribute z:Id="i65"><AttributeType>joint</AttributeType><IsRequired>true</IsRequired><Value i:nil="true"/></Attribute><Attribute z:Id="i66"><AttributeType>multiplier</AttributeType><IsRequired>false</IsRequired><Value i:nil="true"/></Attribute><Attribute z:Id="i67"><AttributeType>offset</AttributeType><IsRequired>false</IsRequired><Value i:nil="true"/></Attribute></Attributes><ChildElements/><ElementName>mimic</ElementName><required>false</required><JointNameAttribute z:Ref="i65"/><MultiplierAttribute z:Ref="i66"/><OffsetAttribute z:Ref="i67"/></URDFElement></ChildElements><ElementName>joint</ElementName><required>false</required><Axis z:Ref="i46"/><AxisName/><Calibration z:Ref="i53"/><Child z:Ref="i44"/><CoordinateSystemName>Coordinate System1</CoordinateSystemName><Dynamics z:Ref="i56"/><Limit z:Ref="i48"/><Mimic z:Ref="i64"/><NameAttribute z:Ref="i37"/><Origin z:Ref="i39"/><Parent z:Ref="i42"/><Safety z:Ref="i59"/><TypeAttribute z:Ref="i38"/></URDFElement></ChildElements><ElementName>link</ElementName><required>true</required><Children><Link z:Id="i68"><Attributes><Attribute z:Id="i69"><AttributeType>name</AttributeType><IsRequired>true</IsRequired><Value i:type="a:string" xmlns:a="http://www.w3.org/2001/XMLSchema">lidar_link</Value></Attribute></Attributes><ChildElements><URDFElement z:Id="i70" i:type="Inertial"><Attributes/><ChildElements><URDFElement z:Id="i71" i:type="Origin"><Attributes><Attribute z:Id="i72"><AttributeType>xyz</AttributeType><IsRequired>true</IsRequired><Value i:type="a:ArrayOfdouble" xmlns:a="http://schemas.microsoft.com/2003/10/Serialization/Arrays"><a:double>0.01483831713663597</a:double><a:double>0.00044768343093459784</a:double><a:double>-0.021153620822649155</a:double></Value></Attribute><Attribute z:Id="i73"><AttributeType>rpy</AttributeType><IsRequired>true</IsRequired><Value i:type="a:ArrayOfdouble" xmlns:a="http://schemas.microsoft.com/2003/10/Serialization/Arrays"><a:double>0</a:double><a:double>0</a:double><a:double>0</a:double></Value></Attribute></Attributes><ChildElements/><ElementName>origin</ElementName><required>false</required><RPYAttribute z:Ref="i73"/><XYZAttribute z:Ref="i72"/><isCustomized>false</isCustomized></URDFElement><URDFElement z:Id="i74" i:type="Mass"><Attributes><Attribute z:Id="i75"><AttributeType>value</AttributeType><IsRequired>true</IsRequired><Value i:type="a:double" xmlns:a="http://www.w3.org/2001/XMLSchema">0.031240912740647893</Value></Attribute></Attributes><ChildElements/><ElementName>mass</ElementName><required>false</required><ValueAttribute z:Ref="i75"/></URDFElement><URDFElement z:Id="i76" i:type="Inertia"><Attributes><Attribute z:Id="i77"><AttributeType>ixx</AttributeType><IsRequired>true</IsRequired><Value i:type="a:double" xmlns:a="http://www.w3.org/2001/XMLSchema">8.8802637081098767E-06</Value></Attribute><Attribute z:Id="i78"><AttributeType>ixy</AttributeType><IsRequired>true</IsRequired><Value i:type="a:double" xmlns:a="http://www.w3.org/2001/XMLSchema">-1.7766449433050944E-07</Value></Attribute><Attribute z:Id="i79"><AttributeType>ixz</AttributeType><IsRequired>true</IsRequired><Value i:type="a:double" xmlns:a="http://www.w3.org/2001/XMLSchema">1.1302767991709002E-07</Value></Attribute><Attribute z:Id="i80"><AttributeType>iyy</AttributeType><IsRequired>true</IsRequired><Value i:type="a:double" xmlns:a="http://www.w3.org/2001/XMLSchema">1.4491001820543374E-05</Value></Attribute><Attribute z:Id="i81"><AttributeType>iyz</AttributeType><IsRequired>true</IsRequired><Value i:type="a:double" xmlns:a="http://www.w3.org/2001/XMLSchema">3.460761149958303E-08</Value></Attribute><Attribute z:Id="i82"><AttributeType>izz</AttributeType><IsRequired>true</IsRequired><Value i:type="a:double" xmlns:a="http://www.w3.org/2001/XMLSchema">2.2528909952026877E-05</Value></Attribute></Attributes><ChildElements/><ElementName>inertia</ElementName><required>false</required><IxxAttribute z:Ref="i77"/><IxyAttribute z:Ref="i78"/><IxzAttribute z:Ref="i79"/><IyyAttribute z:Ref="i80"/><IyzAttribute z:Ref="i81"/><IzzAttribute z:Ref="i82"/></URDFElement></ChildElements><ElementName>inertial</ElementName><required>false</required><Inertia z:Ref="i76"/><Mass z:Ref="i74"/><Origin z:Ref="i71"/></URDFElement><URDFElement z:Id="i83" i:type="Visual"><Attributes/><ChildElements><URDFElement z:Id="i84" i:type="Origin"><Attributes><Attribute z:Id="i85"><AttributeType>xyz</AttributeType><IsRequired>true</IsRequired><Value i:type="a:ArrayOfdouble" xmlns:a="http://schemas.microsoft.com/2003/10/Serialization/Arrays"><a:double>0</a:double><a:double>0</a:double><a:double>0</a:double></Value></Attribute><Attribute z:Id="i86"><AttributeType>rpy</AttributeType><IsRequired>true</IsRequired><Value i:type="a:ArrayOfdouble" xmlns:a="http://schemas.microsoft.com/2003/10/Serialization/Arrays"><a:double>0</a:double><a:double>0</a:double><a:double>0</a:double></Value></Attribute></Attributes><ChildElements/><ElementName>origin</ElementName><required>false</required><RPYAttribute z:Ref="i86"/><XYZAttribute z:Ref="i85"/><isCustomized>false</isCustomized></URDFElement><URDFElement z:Id="i87" i:type="Geometry"><Attributes/><ChildElements><URDFElement z:Id="i88" i:type="Mesh"><Attributes><Attribute z:Id="i89"><AttributeType>filename</AttributeType><IsRequired>true</IsRequired><Value i:nil="true"/></Attribute></Attributes><ChildElements/><ElementName>mesh</ElementName><required>false</required><FilenameAttribute z:Ref="i89"/></URDFElement></ChildElements><ElementName>geometry</ElementName><required>true</required><Mesh z:Ref="i88"/></URDFElement><URDFElement z:Id="i90" i:type="Material"><Attributes><Attribute z:Id="i91"><AttributeType>name</AttributeType><IsRequired>true</IsRequired><Value i:type="a:string" xmlns:a="http://www.w3.org/2001/XMLSchema"/></Attribute></Attributes><ChildElements><URDFElement z:Id="i92" i:type="Color"><Attributes><Attribute z:Id="i93"><AttributeType>rgba</AttributeType><IsRequired>true</IsRequired><Value i:type="a:ArrayOfdouble" xmlns:a="http://schemas.microsoft.com/2003/10/Serialization/Arrays"><a:double>0.792156862745098</a:double><a:double>0.81960784313725488</a:double><a:double>0.93333333333333335</a:double><a:double>1</a:double></Value></Attribute></Attributes><ChildElements/><ElementName>color</ElementName><required>false</required><RGBAAttribute z:Ref="i93"/></URDFElement><URDFElement z:Id="i94" i:type="Texture"><Attributes><Attribute z:Id="i95"><AttributeType>filename</AttributeType><IsRequired>true</IsRequired><Value i:nil="true"/></Attribute></Attributes><ChildElements/><ElementName>texture</ElementName><required>false</required><FilenameAttribute z:Ref="i95"/><wFilename/></URDFElement></ChildElements><ElementName>material</ElementName><required>false</required><Color z:Ref="i92"/><NameAttribute z:Ref="i91"/><Texture z:Ref="i94"/></URDFElement></ChildElements><ElementName>visual</ElementName><required>false</required><Geometry z:Ref="i87"/><Material z:Ref="i90"/><Origin z:Ref="i84"/></URDFElement><URDFElement z:Id="i96" i:type="Collision"><Attributes/><ChildElements><URDFElement z:Id="i97" i:type="Origin"><Attributes><Attribute z:Id="i98"><AttributeType>xyz</AttributeType><IsRequired>true</IsRequired><Value i:type="a:ArrayOfdouble" xmlns:a="http://schemas.microsoft.com/2003/10/Serialization/Arrays"><a:double>0</a:double><a:double>0</a:double><a:double>0</a:double></Value></Attribute><Attribute z:Id="i99"><AttributeType>rpy</AttributeType><IsRequired>true</IsRequired><Value i:type="a:ArrayOfdouble" xmlns:a="http://schemas.microsoft.com/2003/10/Serialization/Arrays"><a:double>0</a:double><a:double>0</a:double><a:double>0</a:double></Value></Attribute></Attributes><ChildElements/><ElementName>origin</ElementName><required>false</required><RPYAttribute z:Ref="i99"/><XYZAttribute z:Ref="i98"/><isCustomized>false</isCustomized></URDFElement><URDFElement z:Id="i100" i:type="Geometry"><Attributes/><ChildElements><URDFElement z:Id="i101" i:type="Mesh"><Attributes><Attribute z:Id="i102"><AttributeType>filename</AttributeType><IsRequired>true</IsRequired><Value i:nil="true"/></Attribute></Attributes><ChildElements/><ElementName>mesh</ElementName><required>false</required><FilenameAttribute z:Ref="i102"/></URDFElement></ChildElements><ElementName>geometry</ElementName><required>true</required><Mesh z:Ref="i101"/></URDFElement></ChildElements><ElementName>collision</ElementName><required>false</required><Geometry z:Ref="i100"/><Origin z:Ref="i97"/></URDFElement><URDFElement z:Id="i103" i:type="Joint"><Attributes><Attribute z:Id="i104"><AttributeType>name</AttributeType><IsRequired>true</IsRequired><Value i:type="a:string" xmlns:a="http://www.w3.org/2001/XMLSchema">lidar</Value></Attribute><Attribute z:Id="i105"><AttributeType>type</AttributeType><IsRequired>true</IsRequired><Value i:type="a:string" xmlns:a="http://www.w3.org/2001/XMLSchema">fixed</Value></Attribute></Attributes><ChildElements><URDFElement z:Id="i106" i:type="Origin"><Attributes><Attribute z:Id="i107"><AttributeType>xyz</AttributeType><IsRequired>true</IsRequired><Value i:type="a:ArrayOfdouble" xmlns:a="http://schemas.microsoft.com/2003/10/Serialization/Arrays"><a:double>0.15566672564358219</a:double><a:double>0.0011277706563345147</a:double><a:double>0.14609999999809897</a:double></Value></Attribute><Attribute z:Id="i108"><AttributeType>rpy</AttributeType><IsRequired>true</IsRequired><Value i:type="a:ArrayOfdouble" xmlns:a="http://schemas.microsoft.com/2003/10/Serialization/Arrays"><a:double>0</a:double><a:double>0</a:double><a:double>0</a:double></Value></Attribute></Attributes><ChildElements/><ElementName>origin</ElementName><required>false</required><RPYAttribute z:Ref="i108"/><XYZAttribute z:Ref="i107"/><isCustomized>false</isCustomized></URDFElement><URDFElement z:Id="i109" i:type="ParentLink"><Attributes><Attribute z:Id="i110"><AttributeType>link</AttributeType><IsRequired>true</IsRequired><Value i:type="a:string" xmlns:a="http://www.w3.org/2001/XMLSchema">base_link</Value></Attribute></Attributes><ChildElements/><ElementName>parent</ElementName><required>true</required><NameAttribute z:Ref="i110"/></URDFElement><URDFElement z:Id="i111" i:type="ChildLink"><Attributes><Attribute z:Id="i112"><AttributeType>link</AttributeType><IsRequired>true</IsRequired><Value i:type="a:string" xmlns:a="http://www.w3.org/2001/XMLSchema">lidar_link</Value></Attribute></Attributes><ChildElements/><ElementName>child</ElementName><required>true</required><NameAttribute z:Ref="i112"/></URDFElement><URDFElement z:Id="i113" i:type="Axis"><Attributes><Attribute z:Id="i114"><AttributeType>xyz</AttributeType><IsRequired>true</IsRequired><Value i:type="a:ArrayOfdouble" xmlns:a="http://schemas.microsoft.com/2003/10/Serialization/Arrays"><a:double>0</a:double><a:double>0</a:double><a:double>0</a:double></Value></Attribute></Attributes><ChildElements/><ElementName>axis</ElementName><required>false</required><XYZAttribute z:Ref="i114"/></URDFElement><URDFElement z:Id="i115" i:type="Limit"><Attributes><Attribute z:Id="i116"><AttributeType>lower</AttributeType><IsRequired>false</IsRequired><Value i:nil="true"/></Attribute><Attribute z:Id="i117"><AttributeType>upper</AttributeType><IsRequired>false</IsRequired><Value i:nil="true"/></Attribute><Attribute z:Id="i118"><AttributeType>effort</AttributeType><IsRequired>true</IsRequired><Value i:nil="true"/></Attribute><Attribute z:Id="i119"><AttributeType>velocity</AttributeType><IsRequired>true</IsRequired><Value i:nil="true"/></Attribute></Attributes><ChildElements/><ElementName>limit</ElementName><required>false</required><EffortAttribute z:Ref="i118"/><LowerAttribute z:Ref="i116"/><UpperAttribute z:Ref="i117"/><VelocityAttribute z:Ref="i119"/></URDFElement><URDFElement z:Id="i120" i:type="Calibration"><Attributes><Attribute z:Id="i121"><AttributeType>rising</AttributeType><IsRequired>false</IsRequired><Value i:nil="true"/></Attribute><Attribute z:Id="i122"><AttributeType>falling</AttributeType><IsRequired>false</IsRequired><Value i:nil="true"/></Attribute></Attributes><ChildElements/><ElementName>calibration</ElementName><required>false</required><FallingAttribute z:Ref="i122"/><RisingAttribute z:Ref="i121"/></URDFElement><URDFElement z:Id="i123" i:type="Dynamics"><Attributes><Attribute z:Id="i124"><AttributeType>damping</AttributeType><IsRequired>false</IsRequired><Value i:nil="true"/></Attribute><Attribute z:Id="i125"><AttributeType>friction</AttributeType><IsRequired>false</IsRequired><Value i:nil="true"/></Attribute></Attributes><ChildElements/><ElementName>dynamics</ElementName><required>false</required><DampingAttribute z:Ref="i124"/><FrictionAttribute z:Ref="i125"/></URDFElement><URDFElement z:Id="i126" i:type="SafetyController"><Attributes><Attribute z:Id="i127"><AttributeType>soft_upper_limit</AttributeType><IsRequired>false</IsRequired><Value i:nil="true"/></Attribute><Attribute z:Id="i128"><AttributeType>soft_lower_limit</AttributeType><IsRequired>false</IsRequired><Value i:nil="true"/></Attribute><Attribute z:Id="i129"><AttributeType>k_position</AttributeType><IsRequired>false</IsRequired><Value i:nil="true"/></Attribute><Attribute z:Id="i130"><AttributeType>k_velocity</AttributeType><IsRequired>true</IsRequired><Value i:nil="true"/></Attribute></Attributes><ChildElements/><ElementName>safety_controller</ElementName><required>false</required><KPositionAttribute z:Ref="i129"/><KVelocityAttribute z:Ref="i130"/><SoftLowerAttribute z:Ref="i128"/><SoftUpperAttribute z:Ref="i127"/></URDFElement><URDFElement z:Id="i131" i:type="Mimic"><Attributes><Attribute z:Id="i132"><AttributeType>joint</AttributeType><IsRequired>true</IsRequired><Value i:nil="true"/></Attribute><Attribute z:Id="i133"><AttributeType>multiplier</AttributeType><IsRequired>false</IsRequired><Value i:nil="true"/></Attribute><Attribute z:Id="i134"><AttributeType>offset</AttributeType><IsRequired>false</IsRequired><Value i:nil="true"/></Attribute></Attributes><ChildElements/><ElementName>mimic</ElementName><required>false</required><JointNameAttribute z:Ref="i132"/><MultiplierAttribute z:Ref="i133"/><OffsetAttribute z:Ref="i134"/></URDFElement></ChildElements><ElementName>joint</ElementName><required>false</required><Axis z:Ref="i113"/><AxisName>Automatically Generate</AxisName><Calibration z:Ref="i120"/><Child z:Ref="i111"/><CoordinateSystemName>Coordinate System2</CoordinateSystemName><Dynamics z:Ref="i123"/><Limit z:Ref="i115"/><Mimic z:Ref="i131"/><NameAttribute z:Ref="i104"/><Origin z:Ref="i106"/><Parent z:Ref="i109"/><Safety z:Ref="i126"/><TypeAttribute z:Ref="i105"/></URDFElement></ChildElements><ElementName>link</ElementName><required>true</required><Children/><Collision z:Ref="i96"/><Inertial z:Ref="i70"/><Joint z:Ref="i103"/><NameAttribute z:Ref="i69"/><Parent z:Ref="i1"/><STLQualityFine>false</STLQualityFine><SWComponentPIDs xmlns:a="http://schemas.microsoft.com/2003/10/Serialization/Arrays"><a:base64Binary>aEIAAAUAAAD//v8fWAAzAF8ATABpAGQAYQByAC0AMQBAAHIAbwBiAG8AVgAzACgAdQByAGQAZgBfAGMAaABhAG4AZwBlAGQAKQAEAAAAEAAAAAEAAAABAAAAiwQAAA==</a:base64Binary></SWComponentPIDs><SWMainComponentPID i:nil="true"/><Visual z:Ref="i83"/><isFixedFrame>false</isFixedFrame><isIncomplete>false</isIncomplete></Link><Link z:Id="i135"><Attributes><Attribute z:Id="i136"><AttributeType>name</AttributeType><IsRequired>true</IsRequired><Value i:type="a:string" xmlns:a="http://www.w3.org/2001/XMLSchema">imu_link</Value></Attribute></Attributes><ChildElements><URDFElement z:Id="i137" i:type="Inertial"><Attributes/><ChildElements><URDFElement z:Id="i138" i:type="Origin"><Attributes><Attribute z:Id="i139"><AttributeType>xyz</AttributeType><IsRequired>true</IsRequired><Value i:type="a:ArrayOfdouble" xmlns:a="http://schemas.microsoft.com/2003/10/Serialization/Arrays"><a:double>-0.00012898011774964413</a:double><a:double>-0.00019149559799944149</a:double><a:double>-0.0038407050934864406</a:double></Value></Attribute><Attribute z:Id="i140"><AttributeType>rpy</AttributeType><IsRequired>true</IsRequired><Value i:type="a:ArrayOfdouble" xmlns:a="http://schemas.microsoft.com/2003/10/Serialization/Arrays"><a:double>0</a:double><a:double>0</a:double><a:double>0</a:double></Value></Attribute></Attributes><ChildElements/><ElementName>origin</ElementName><required>false</required><RPYAttribute z:Ref="i140"/><XYZAttribute z:Ref="i139"/><isCustomized>false</isCustomized></URDFElement><URDFElement z:Id="i141" i:type="Mass"><Attributes><Attribute z:Id="i142"><AttributeType>value</AttributeType><IsRequired>true</IsRequired><Value i:type="a:double" xmlns:a="http://www.w3.org/2001/XMLSchema">0.00099989811898682879</Value></Attribute></Attributes><ChildElements/><ElementName>mass</ElementName><required>false</required><ValueAttribute z:Ref="i142"/></URDFElement><URDFElement z:Id="i143" i:type="Inertia"><Attributes><Attribute z:Id="i144"><AttributeType>ixx</AttributeType><IsRequired>true</IsRequired><Value i:type="a:double" xmlns:a="http://www.w3.org/2001/XMLSchema">2.5044771693541468E-08</Value></Attribute><Attribute z:Id="i145"><AttributeType>ixy</AttributeType><IsRequired>true</IsRequired><Value i:type="a:double" xmlns:a="http://www.w3.org/2001/XMLSchema">1.039650562469034E-10</Value></Attribute><Attribute z:Id="i146"><AttributeType>ixz</AttributeType><IsRequired>true</IsRequired><Value i:type="a:double" xmlns:a="http://www.w3.org/2001/XMLSchema">-2.68560481478177E-14</Value></Attribute><Attribute z:Id="i147"><AttributeType>iyy</AttributeType><IsRequired>true</IsRequired><Value i:type="a:double" xmlns:a="http://www.w3.org/2001/XMLSchema">1.2451353550853E-08</Value></Attribute><Attribute z:Id="i148"><AttributeType>iyz</AttributeType><IsRequired>true</IsRequired><Value i:type="a:double" xmlns:a="http://www.w3.org/2001/XMLSchema">-1.1856542325881859E-14</Value></Attribute><Attribute z:Id="i149"><AttributeType>izz</AttributeType><IsRequired>true</IsRequired><Value i:type="a:double" xmlns:a="http://www.w3.org/2001/XMLSchema">3.0637635311589823E-08</Value></Attribute></Attributes><ChildElements/><ElementName>inertia</ElementName><required>false</required><IxxAttribute z:Ref="i144"/><IxyAttribute z:Ref="i145"/><IxzAttribute z:Ref="i146"/><IyyAttribute z:Ref="i147"/><IyzAttribute z:Ref="i148"/><IzzAttribute z:Ref="i149"/></URDFElement></ChildElements><ElementName>inertial</ElementName><required>false</required><Inertia z:Ref="i143"/><Mass z:Ref="i141"/><Origin z:Ref="i138"/></URDFElement><URDFElement z:Id="i150" i:type="Visual"><Attributes/><ChildElements><URDFElement z:Id="i151" i:type="Origin"><Attributes><Attribute z:Id="i152"><AttributeType>xyz</AttributeType><IsRequired>true</IsRequired><Value i:type="a:ArrayOfdouble" xmlns:a="http://schemas.microsoft.com/2003/10/Serialization/Arrays"><a:double>0</a:double><a:double>0</a:double><a:double>0</a:double></Value></Attribute><Attribute z:Id="i153"><AttributeType>rpy</AttributeType><IsRequired>true</IsRequired><Value i:type="a:ArrayOfdouble" xmlns:a="http://schemas.microsoft.com/2003/10/Serialization/Arrays"><a:double>0</a:double><a:double>0</a:double><a:double>0</a:double></Value></Attribute></Attributes><ChildElements/><ElementName>origin</ElementName><required>false</required><RPYAttribute z:Ref="i153"/><XYZAttribute z:Ref="i152"/><isCustomized>false</isCustomized></URDFElement><URDFElement z:Id="i154" i:type="Geometry"><Attributes/><ChildElements><URDFElement z:Id="i155" i:type="Mesh"><Attributes><Attribute z:Id="i156"><AttributeType>filename</AttributeType><IsRequired>true</IsRequired><Value i:nil="true"/></Attribute></Attributes><ChildElements/><ElementName>mesh</ElementName><required>false</required><FilenameAttribute z:Ref="i156"/></URDFElement></ChildElements><ElementName>geometry</ElementName><required>true</required><Mesh z:Ref="i155"/></URDFElement><URDFElement z:Id="i157" i:type="Material"><Attributes><Attribute z:Id="i158"><AttributeType>name</AttributeType><IsRequired>true</IsRequired><Value i:type="a:string" xmlns:a="http://www.w3.org/2001/XMLSchema"/></Attribute></Attributes><ChildElements><URDFElement z:Id="i159" i:type="Color"><Attributes><Attribute z:Id="i160"><AttributeType>rgba</AttributeType><IsRequired>true</IsRequired><Value i:type="a:ArrayOfdouble" xmlns:a="http://schemas.microsoft.com/2003/10/Serialization/Arrays"><a:double>0.792156862745098</a:double><a:double>0.81960784313725488</a:double><a:double>0.93333333333333335</a:double><a:double>1</a:double></Value></Attribute></Attributes><ChildElements/><ElementName>color</ElementName><required>false</required><RGBAAttribute z:Ref="i160"/></URDFElement><URDFElement z:Id="i161" i:type="Texture"><Attributes><Attribute z:Id="i162"><AttributeType>filename</AttributeType><IsRequired>true</IsRequired><Value i:nil="true"/></Attribute></Attributes><ChildElements/><ElementName>texture</ElementName><required>false</required><FilenameAttribute z:Ref="i162"/><wFilename/></URDFElement></ChildElements><ElementName>material</ElementName><required>false</required><Color z:Ref="i159"/><NameAttribute z:Ref="i158"/><Texture z:Ref="i161"/></URDFElement></ChildElements><ElementName>visual</ElementName><required>false</required><Geometry z:Ref="i154"/><Material z:Ref="i157"/><Origin z:Ref="i151"/></URDFElement><URDFElement z:Id="i163" i:type="Collision"><Attributes/><ChildElements><URDFElement z:Id="i164" i:type="Origin"><Attributes><Attribute z:Id="i165"><AttributeType>xyz</AttributeType><IsRequired>true</IsRequired><Value i:type="a:ArrayOfdouble" xmlns:a="http://schemas.microsoft.com/2003/10/Serialization/Arrays"><a:double>0</a:double><a:double>0</a:double><a:double>0</a:double></Value></Attribute><Attribute z:Id="i166"><AttributeType>rpy</AttributeType><IsRequired>true</IsRequired><Value i:type="a:ArrayOfdouble" xmlns:a="http://schemas.microsoft.com/2003/10/Serialization/Arrays"><a:double>0</a:double><a:double>0</a:double><a:double>0</a:double></Value></Attribute></Attributes><ChildElements/><ElementName>origin</ElementName><required>false</required><RPYAttribute z:Ref="i166"/><XYZAttribute z:Ref="i165"/><isCustomized>false</isCustomized></URDFElement><URDFElement z:Id="i167" i:type="Geometry"><Attributes/><ChildElements><URDFElement z:Id="i168" i:type="Mesh"><Attributes><Attribute z:Id="i169"><AttributeType>filename</AttributeType><IsRequired>true</IsRequired><Value i:nil="true"/></Attribute></Attributes><ChildElements/><ElementName>mesh</ElementName><required>false</required><FilenameAttribute z:Ref="i169"/></URDFElement></ChildElements><ElementName>geometry</ElementName><required>true</required><Mesh z:Ref="i168"/></URDFElement></ChildElements><ElementName>collision</ElementName><required>false</required><Geometry z:Ref="i167"/><Origin z:Ref="i164"/></URDFElement><URDFElement z:Id="i170" i:type="Joint"><Attributes><Attribute z:Id="i171"><AttributeType>name</AttributeType><IsRequired>true</IsRequired><Value i:type="a:string" xmlns:a="http://www.w3.org/2001/XMLSchema">imu</Value></Attribute><Attribute z:Id="i172"><AttributeType>type</AttributeType><IsRequired>true</IsRequired><Value i:type="a:string" xmlns:a="http://www.w3.org/2001/XMLSchema">fixed</Value></Attribute></Attributes><ChildElements><URDFElement z:Id="i173" i:type="Origin"><Attributes><Attribute z:Id="i174"><AttributeType>xyz</AttributeType><IsRequired>true</IsRequired><Value i:type="a:ArrayOfdouble" xmlns:a="http://schemas.microsoft.com/2003/10/Serialization/Arrays"><a:double>0.12642893305504876</a:double><a:double>-0.10052307723426915</a:double><a:double>0.0330200000034927</a:double></Value></Attribute><Attribute z:Id="i175"><AttributeType>rpy</AttributeType><IsRequired>true</IsRequired><Value i:type="a:ArrayOfdouble" xmlns:a="http://schemas.microsoft.com/2003/10/Serialization/Arrays"><a:double>0</a:double><a:double>0</a:double><a:double>0</a:double></Value></Attribute></Attributes><ChildElements/><ElementName>origin</ElementName><required>false</required><RPYAttribute z:Ref="i175"/><XYZAttribute z:Ref="i174"/><isCustomized>false</isCustomized></URDFElement><URDFElement z:Id="i176" i:type="ParentLink"><Attributes><Attribute z:Id="i177"><AttributeType>link</AttributeType><IsRequired>true</IsRequired><Value i:type="a:string" xmlns:a="http://www.w3.org/2001/XMLSchema">base_link</Value></Attribute></Attributes><ChildElements/><ElementName>parent</ElementName><required>true</required><NameAttribute z:Ref="i177"/></URDFElement><URDFElement z:Id="i178" i:type="ChildLink"><Attributes><Attribute z:Id="i179"><AttributeType>link</AttributeType><IsRequired>true</IsRequired><Value i:type="a:string" xmlns:a="http://www.w3.org/2001/XMLSchema">imu_link</Value></Attribute></Attributes><ChildElements/><ElementName>child</ElementName><required>true</required><NameAttribute z:Ref="i179"/></URDFElement><URDFElement z:Id="i180" i:type="Axis"><Attributes><Attribute z:Id="i181"><AttributeType>xyz</AttributeType><IsRequired>true</IsRequired><Value i:type="a:ArrayOfdouble" xmlns:a="http://schemas.microsoft.com/2003/10/Serialization/Arrays"><a:double>0</a:double><a:double>0</a:double><a:double>0</a:double></Value></Attribute></Attributes><ChildElements/><ElementName>axis</ElementName><required>false</required><XYZAttribute z:Ref="i181"/></URDFElement><URDFElement z:Id="i182" i:type="Limit"><Attributes><Attribute z:Id="i183"><AttributeType>lower</AttributeType><IsRequired>false</IsRequired><Value i:nil="true"/></Attribute><Attribute z:Id="i184"><AttributeType>upper</AttributeType><IsRequired>false</IsRequired><Value i:nil="true"/></Attribute><Attribute z:Id="i185"><AttributeType>effort</AttributeType><IsRequired>true</IsRequired><Value i:nil="true"/></Attribute><Attribute z:Id="i186"><AttributeType>velocity</AttributeType><IsRequired>true</IsRequired><Value i:nil="true"/></Attribute></Attributes><ChildElements/><ElementName>limit</ElementName><required>false</required><EffortAttribute z:Ref="i185"/><LowerAttribute z:Ref="i183"/><UpperAttribute z:Ref="i184"/><VelocityAttribute z:Ref="i186"/></URDFElement><URDFElement z:Id="i187" i:type="Calibration"><Attributes><Attribute z:Id="i188"><AttributeType>rising</AttributeType><IsRequired>false</IsRequired><Value i:nil="true"/></Attribute><Attribute z:Id="i189"><AttributeType>falling</AttributeType><IsRequired>false</IsRequired><Value i:nil="true"/></Attribute></Attributes><ChildElements/><ElementName>calibration</ElementName><required>false</required><FallingAttribute z:Ref="i189"/><RisingAttribute z:Ref="i188"/></URDFElement><URDFElement z:Id="i190" i:type="Dynamics"><Attributes><Attribute z:Id="i191"><AttributeType>damping</AttributeType><IsRequired>false</IsRequired><Value i:nil="true"/></Attribute><Attribute z:Id="i192"><AttributeType>friction</AttributeType><IsRequired>false</IsRequired><Value i:nil="true"/></Attribute></Attributes><ChildElements/><ElementName>dynamics</ElementName><required>false</required><DampingAttribute z:Ref="i191"/><FrictionAttribute z:Ref="i192"/></URDFElement><URDFElement z:Id="i193" i:type="SafetyController"><Attributes><Attribute z:Id="i194"><AttributeType>soft_upper_limit</AttributeType><IsRequired>false</IsRequired><Value i:nil="true"/></Attribute><Attribute z:Id="i195"><AttributeType>soft_lower_limit</AttributeType><IsRequired>false</IsRequired><Value i:nil="true"/></Attribute><Attribute z:Id="i196"><AttributeType>k_position</AttributeType><IsRequired>false</IsRequired><Value i:nil="true"/></Attribute><Attribute z:Id="i197"><AttributeType>k_velocity</AttributeType><IsRequired>true</IsRequired><Value i:nil="true"/></Attribute></Attributes><ChildElements/><ElementName>safety_controller</ElementName><required>false</required><KPositionAttribute z:Ref="i196"/><KVelocityAttribute z:Ref="i197"/><SoftLowerAttribute z:Ref="i195"/><SoftUpperAttribute z:Ref="i194"/></URDFElement><URDFElement z:Id="i198" i:type="Mimic"><Attributes><Attribute z:Id="i199"><AttributeType>joint</AttributeType><IsRequired>true</IsRequired><Value i:nil="true"/></Attribute><Attribute z:Id="i200"><AttributeType>multiplier</AttributeType><IsRequired>false</IsRequired><Value i:nil="true"/></Attribute><Attribute z:Id="i201"><AttributeType>offset</AttributeType><IsRequired>false</IsRequired><Value i:nil="true"/></Attribute></Attributes><ChildElements/><ElementName>mimic</ElementName><required>false</required><JointNameAttribute z:Ref="i199"/><MultiplierAttribute z:Ref="i200"/><OffsetAttribute z:Ref="i201"/></URDFElement></ChildElements><ElementName>joint</ElementName><required>false</required><Axis z:Ref="i180"/><AxisName>Automatically Generate</AxisName><Calibration z:Ref="i187"/><Child z:Ref="i178"/><CoordinateSystemName>Coordinate System29_imu</CoordinateSystemName><Dynamics z:Ref="i190"/><Limit z:Ref="i182"/><Mimic z:Ref="i198"/><NameAttribute z:Ref="i171"/><Origin z:Ref="i173"/><Parent z:Ref="i176"/><Safety z:Ref="i193"/><TypeAttribute z:Ref="i172"/></URDFElement></ChildElements><ElementName>link</ElementName><required>true</required><Children/><Collision z:Ref="i163"/><Inertial z:Ref="i137"/><Joint z:Ref="i170"/><NameAttribute z:Ref="i136"/><Parent z:Ref="i1"/><STLQualityFine>false</STLQualityFine><SWComponentPIDs xmlns:a="http://schemas.microsoft.com/2003/10/Serialization/Arrays"><a:base64Binary>aEIAAAUAAAD//v8faQBtAHUAXwA0ADAAZABvAC0AMQBAAHIAbwBiAG8AVgAzACgAdQByAGQAZgBfAGMAaABhAG4AZwBlAGQAKQAEAAAAEAAAAAEAAAABAAAAdwkAAA==</a:base64Binary></SWComponentPIDs><SWMainComponentPID i:nil="true"/><Visual z:Ref="i150"/><isFixedFrame>false</isFixedFrame><isIncomplete>false</isIncomplete></Link><Link z:Id="i202"><Attributes><Attribute z:Id="i203"><AttributeType>name</AttributeType><IsRequired>true</IsRequired><Value i:type="a:string" xmlns:a="http://www.w3.org/2001/XMLSchema">right_wheel_link</Value></Attribute></Attributes><ChildElements><URDFElement z:Id="i204" i:type="Inertial"><Attributes/><ChildElements><URDFElement z:Id="i205" i:type="Origin"><Attributes><Attribute z:Id="i206"><AttributeType>xyz</AttributeType><IsRequired>true</IsRequired><Value i:type="a:ArrayOfdouble" xmlns:a="http://schemas.microsoft.com/2003/10/Serialization/Arrays"><a:double>0.00024358782977840221</a:double><a:double>-0.029500099045564304</a:double><a:double>8.011608043645424E-11</a:double></Value></Attribute><Attribute z:Id="i207"><AttributeType>rpy</AttributeType><IsRequired>true</IsRequired><Value i:type="a:ArrayOfdouble" xmlns:a="http://schemas.microsoft.com/2003/10/Serialization/Arrays"><a:double>0</a:double><a:double>0</a:double><a:double>0</a:double></Value></Attribute></Attributes><ChildElements/><ElementName>origin</ElementName><required>false</required><RPYAttribute z:Ref="i207"/><XYZAttribute z:Ref="i206"/><isCustomized>false</isCustomized></URDFElement><URDFElement z:Id="i208" i:type="Mass"><Attributes><Attribute z:Id="i209"><AttributeType>value</AttributeType><IsRequired>true</IsRequired><Value i:type="a:double" xmlns:a="http://www.w3.org/2001/XMLSchema">0.98170665090244014</Value></Attribute></Attributes><ChildElements/><ElementName>mass</ElementName><required>false</required><ValueAttribute z:Ref="i209"/></URDFElement><URDFElement z:Id="i210" i:type="Inertia"><Attributes><Attribute z:Id="i211"><AttributeType>ixx</AttributeType><IsRequired>true</IsRequired><Value i:type="a:double" xmlns:a="http://www.w3.org/2001/XMLSchema">0.0016529885173842311</Value></Attribute><Attribute z:Id="i212"><AttributeType>ixy</AttributeType><IsRequired>true</IsRequired><Value i:type="a:double" xmlns:a="http://www.w3.org/2001/XMLSchema">-1.0124915182156959E-05</Value></Attribute><Attribute z:Id="i213"><AttributeType>ixz</AttributeType><IsRequired>true</IsRequired><Value i:type="a:double" xmlns:a="http://www.w3.org/2001/XMLSchema">1.3027076084653395E-08</Value></Attribute><Attribute z:Id="i214"><AttributeType>iyy</AttributeType><IsRequired>true</IsRequired><Value i:type="a:double" xmlns:a="http://www.w3.org/2001/XMLSchema">0.0028786195096230549</Value></Attribute><Attribute z:Id="i215"><AttributeType>iyz</AttributeType><IsRequired>true</IsRequired><Value i:type="a:double" xmlns:a="http://www.w3.org/2001/XMLSchema">5.3288362587958524E-10</Value></Attribute><Attribute z:Id="i216"><AttributeType>izz</AttributeType><IsRequired>true</IsRequired><Value i:type="a:double" xmlns:a="http://www.w3.org/2001/XMLSchema">0.00165292257365774</Value></Attribute></Attributes><ChildElements/><ElementName>inertia</ElementName><required>false</required><IxxAttribute z:Ref="i211"/><IxyAttribute z:Ref="i212"/><IxzAttribute z:Ref="i213"/><IyyAttribute z:Ref="i214"/><IyzAttribute z:Ref="i215"/><IzzAttribute z:Ref="i216"/></URDFElement></ChildElements><ElementName>inertial</ElementName><required>false</required><Inertia z:Ref="i210"/><Mass z:Ref="i208"/><Origin z:Ref="i205"/></URDFElement><URDFElement z:Id="i217" i:type="Visual"><Attributes/><ChildElements><URDFElement z:Id="i218" i:type="Origin"><Attributes><Attribute z:Id="i219"><AttributeType>xyz</AttributeType><IsRequired>true</IsRequired><Value i:type="a:ArrayOfdouble" xmlns:a="http://schemas.microsoft.com/2003/10/Serialization/Arrays"><a:double>0</a:double><a:double>0</a:double><a:double>0</a:double></Value></Attribute><Attribute z:Id="i220"><AttributeType>rpy</AttributeType><IsRequired>true</IsRequired><Value i:type="a:ArrayOfdouble" xmlns:a="http://schemas.microsoft.com/2003/10/Serialization/Arrays"><a:double>0</a:double><a:double>0</a:double><a:double>0</a:double></Value></Attribute></Attributes><ChildElements/><ElementName>origin</ElementName><required>false</required><RPYAttribute z:Ref="i220"/><XYZAttribute z:Ref="i219"/><isCustomized>false</isCustomized></URDFElement><URDFElement z:Id="i221" i:type="Geometry"><Attributes/><ChildElements><URDFElement z:Id="i222" i:type="Mesh"><Attributes><Attribute z:Id="i223"><AttributeType>filename</AttributeType><IsRequired>true</IsRequired><Value i:nil="true"/></Attribute></Attributes><ChildElements/><ElementName>mesh</ElementName><required>false</required><FilenameAttribute z:Ref="i223"/></URDFElement></ChildElements><ElementName>geometry</ElementName><required>true</required><Mesh z:Ref="i222"/></URDFElement><URDFElement z:Id="i224" i:type="Material"><Attributes><Attribute z:Id="i225"><AttributeType>name</AttributeType><IsRequired>true</IsRequired><Value i:type="a:string" xmlns:a="http://www.w3.org/2001/XMLSchema"/></Attribute></Attributes><ChildElements><URDFElement z:Id="i226" i:type="Color"><Attributes><Attribute z:Id="i227"><AttributeType>rgba</AttributeType><IsRequired>true</IsRequired><Value i:type="a:ArrayOfdouble" xmlns:a="http://schemas.microsoft.com/2003/10/Serialization/Arrays"><a:double>0.2</a:double><a:double>0.2</a:double><a:double>0.2</a:double><a:double>1</a:double></Value></Attribute></Attributes><ChildElements/><ElementName>color</ElementName><required>false</required><RGBAAttribute z:Ref="i227"/></URDFElement><URDFElement z:Id="i228" i:type="Texture"><Attributes><Attribute z:Id="i229"><AttributeType>filename</AttributeType><IsRequired>true</IsRequired><Value i:nil="true"/></Attribute></Attributes><ChildElements/><ElementName>texture</ElementName><required>false</required><FilenameAttribute z:Ref="i229"/><wFilename/></URDFElement></ChildElements><ElementName>material</ElementName><required>false</required><Color z:Ref="i226"/><NameAttribute z:Ref="i225"/><Texture z:Ref="i228"/></URDFElement></ChildElements><ElementName>visual</ElementName><required>false</required><Geometry z:Ref="i221"/><Material z:Ref="i224"/><Origin z:Ref="i218"/></URDFElement><URDFElement z:Id="i230" i:type="Collision"><Attributes/><ChildElements><URDFElement z:Id="i231" i:type="Origin"><Attributes><Attribute z:Id="i232"><AttributeType>xyz</AttributeType><IsRequired>true</IsRequired><Value i:type="a:ArrayOfdouble" xmlns:a="http://schemas.microsoft.com/2003/10/Serialization/Arrays"><a:double>0</a:double><a:double>0</a:double><a:double>0</a:double></Value></Attribute><Attribute z:Id="i233"><AttributeType>rpy</AttributeType><IsRequired>true</IsRequired><Value i:type="a:ArrayOfdouble" xmlns:a="http://schemas.microsoft.com/2003/10/Serialization/Arrays"><a:double>0</a:double><a:double>0</a:double><a:double>0</a:double></Value></Attribute></Attributes><ChildElements/><ElementName>origin</ElementName><required>false</required><RPYAttribute z:Ref="i233"/><XYZAttribute z:Ref="i232"/><isCustomized>false</isCustomized></URDFElement><URDFElement z:Id="i234" i:type="Geometry"><Attributes/><ChildElements><URDFElement z:Id="i235" i:type="Mesh"><Attributes><Attribute z:Id="i236"><AttributeType>filename</AttributeType><IsRequired>true</IsRequired><Value i:nil="true"/></Attribute></Attributes><ChildElements/><ElementName>mesh</ElementName><required>false</required><FilenameAttribute z:Ref="i236"/></URDFElement></ChildElements><ElementName>geometry</ElementName><required>true</required><Mesh z:Ref="i235"/></URDFElement></ChildElements><ElementName>collision</ElementName><required>false</required><Geometry z:Ref="i234"/><Origin z:Ref="i231"/></URDFElement><URDFElement z:Id="i237" i:type="Joint"><Attributes><Attribute z:Id="i238"><AttributeType>name</AttributeType><IsRequired>true</IsRequired><Value i:type="a:string" xmlns:a="http://www.w3.org/2001/XMLSchema">right_wheel</Value></Attribute><Attribute z:Id="i239"><AttributeType>type</AttributeType><IsRequired>true</IsRequired><Value i:type="a:string" xmlns:a="http://www.w3.org/2001/XMLSchema">continuous</Value></Attribute></Attributes><ChildElements><URDFElement z:Id="i240" i:type="Origin"><Attributes><Attribute z:Id="i241"><AttributeType>xyz</AttributeType><IsRequired>true</IsRequired><Value i:type="a:ArrayOfdouble" xmlns:a="http://schemas.microsoft.com/2003/10/Serialization/Arrays"><a:double>0.0015756</a:double><a:double>-0.17502</a:double><a:double>0.015</a:double></Value></Attribute><Attribute z:Id="i242"><AttributeType>rpy</AttributeType><IsRequired>true</IsRequired><Value i:type="a:ArrayOfdouble" xmlns:a="http://schemas.microsoft.com/2003/10/Serialization/Arrays"><a:double>0</a:double><a:double>0</a:double><a:double>0</a:double></Value></Attribute></Attributes><ChildElements/><ElementName>origin</ElementName><required>false</required><RPYAttribute z:Ref="i242"/><XYZAttribute z:Ref="i241"/><isCustomized>false</isCustomized></URDFElement><URDFElement z:Id="i243" i:type="ParentLink"><Attributes><Attribute z:Id="i244"><AttributeType>link</AttributeType><IsRequired>true</IsRequired><Value i:type="a:string" xmlns:a="http://www.w3.org/2001/XMLSchema">base_link</Value></Attribute></Attributes><ChildElements/><ElementName>parent</ElementName><required>true</required><NameAttribute z:Ref="i244"/></URDFElement><URDFElement z:Id="i245" i:type="ChildLink"><Attributes><Attribute z:Id="i246"><AttributeType>link</AttributeType><IsRequired>true</IsRequired><Value i:type="a:string" xmlns:a="http://www.w3.org/2001/XMLSchema">right_wheel_link</Value></Attribute></Attributes><ChildElements/><ElementName>child</ElementName><required>true</required><NameAttribute z:Ref="i246"/></URDFElement><URDFElement z:Id="i247" i:type="Axis"><Attributes><Attribute z:Id="i248"><AttributeType>xyz</AttributeType><IsRequired>true</IsRequired><Value i:type="a:ArrayOfdouble" xmlns:a="http://schemas.microsoft.com/2003/10/Serialization/Arrays"><a:double>0</a:double><a:double>1</a:double><a:double>0</a:double></Value></Attribute></Attributes><ChildElements/><ElementName>axis</ElementName><required>false</required><XYZAttribute z:Ref="i248"/></URDFElement><URDFElement z:Id="i249" i:type="Limit"><Attributes><Attribute z:Id="i250"><AttributeType>lower</AttributeType><IsRequired>false</IsRequired><Value i:nil="true"/></Attribute><Attribute z:Id="i251"><AttributeType>upper</AttributeType><IsRequired>false</IsRequired><Value i:nil="true"/></Attribute><Attribute z:Id="i252"><AttributeType>effort</AttributeType><IsRequired>true</IsRequired><Value i:nil="true"/></Attribute><Attribute z:Id="i253"><AttributeType>velocity</AttributeType><IsRequired>true</IsRequired><Value i:nil="true"/></Attribute></Attributes><ChildElements/><ElementName>limit</ElementName><required>false</required><EffortAttribute z:Ref="i252"/><LowerAttribute z:Ref="i250"/><UpperAttribute z:Ref="i251"/><VelocityAttribute z:Ref="i253"/></URDFElement><URDFElement z:Id="i254" i:type="Calibration"><Attributes><Attribute z:Id="i255"><AttributeType>rising</AttributeType><IsRequired>false</IsRequired><Value i:nil="true"/></Attribute><Attribute z:Id="i256"><AttributeType>falling</AttributeType><IsRequired>false</IsRequired><Value i:nil="true"/></Attribute></Attributes><ChildElements/><ElementName>calibration</ElementName><required>false</required><FallingAttribute z:Ref="i256"/><RisingAttribute z:Ref="i255"/></URDFElement><URDFElement z:Id="i257" i:type="Dynamics"><Attributes><Attribute z:Id="i258"><AttributeType>damping</AttributeType><IsRequired>false</IsRequired><Value i:nil="true"/></Attribute><Attribute z:Id="i259"><AttributeType>friction</AttributeType><IsRequired>false</IsRequired><Value i:nil="true"/></Attribute></Attributes><ChildElements/><ElementName>dynamics</ElementName><required>false</required><DampingAttribute z:Ref="i258"/><FrictionAttribute z:Ref="i259"/></URDFElement><URDFElement z:Id="i260" i:type="SafetyController"><Attributes><Attribute z:Id="i261"><AttributeType>soft_upper_limit</AttributeType><IsRequired>false</IsRequired><Value i:nil="true"/></Attribute><Attribute z:Id="i262"><AttributeType>soft_lower_limit</AttributeType><IsRequired>false</IsRequired><Value i:nil="true"/></Attribute><Attribute z:Id="i263"><AttributeType>k_position</AttributeType><IsRequired>false</IsRequired><Value i:nil="true"/></Attribute><Attribute z:Id="i264"><AttributeType>k_velocity</AttributeType><IsRequired>true</IsRequired><Value i:nil="true"/></Attribute></Attributes><ChildElements/><ElementName>safety_controller</ElementName><required>false</required><KPositionAttribute z:Ref="i263"/><KVelocityAttribute z:Ref="i264"/><SoftLowerAttribute z:Ref="i262"/><SoftUpperAttribute z:Ref="i261"/></URDFElement><URDFElement z:Id="i265" i:type="Mimic"><Attributes><Attribute z:Id="i266"><AttributeType>joint</AttributeType><IsRequired>true</IsRequired><Value i:nil="true"/></Attribute><Attribute z:Id="i267"><AttributeType>multiplier</AttributeType><IsRequired>false</IsRequired><Value i:nil="true"/></Attribute><Attribute z:Id="i268"><AttributeType>offset</AttributeType><IsRequired>false</IsRequired><Value i:nil="true"/></Attribute></Attributes><ChildElements/><ElementName>mimic</ElementName><required>false</required><JointNameAttribute z:Ref="i266"/><MultiplierAttribute z:Ref="i267"/><OffsetAttribute z:Ref="i268"/></URDFElement></ChildElements><ElementName>joint</ElementName><required>false</required><Axis z:Ref="i247"/><AxisName>Axis2</AxisName><Calibration z:Ref="i254"/><Child z:Ref="i245"/><CoordinateSystemName>Coordinate System6</CoordinateSystemName><Dynamics z:Ref="i257"/><Limit z:Ref="i249"/><Mimic z:Ref="i265"/><NameAttribute z:Ref="i238"/><Origin z:Ref="i240"/><Parent z:Ref="i243"/><Safety z:Ref="i260"/><TypeAttribute z:Ref="i239"/></URDFElement></ChildElements><ElementName>link</ElementName><required>true</required><Children/><Collision z:Ref="i230"/><Inertial z:Ref="i204"/><Joint z:Ref="i237"/><NameAttribute z:Ref="i203"/><Parent z:Ref="i1"/><STLQualityFine>false</STLQualityFine><SWComponentPIDs xmlns:a="http://schemas.microsoft.com/2003/10/Serialization/Arrays"><a:base64Binary>aEIAAAUAAAD//v8gbQBvAHQAbwByAGUAZABpAHQALQA0AEAAcgBvAGIAbwBWADMAKAB1AHIAZABmAF8AYwBoAGEAbgBnAGUAZAApAAQAAAAQAAAAAQAAAAEAAADOBQAA</a:base64Binary></SWComponentPIDs><SWMainComponentPID i:nil="true"/><Visual z:Ref="i217"/><isFixedFrame>false</isFixedFrame><isIncomplete>false</isIncomplete></Link><Link z:Id="i269"><Attributes><Attribute z:Id="i270"><AttributeType>name</AttributeType><IsRequired>true</IsRequired><Value i:type="a:string" xmlns:a="http://www.w3.org/2001/XMLSchema">left_wheel_link</Value></Attribute></Attributes><ChildElements><URDFElement z:Id="i271" i:type="Inertial"><Attributes/><ChildElements><URDFElement z:Id="i272" i:type="Origin"><Attributes><Attribute z:Id="i273"><AttributeType>xyz</AttributeType><IsRequired>true</IsRequired><Value i:type="a:ArrayOfdouble" xmlns:a="http://schemas.microsoft.com/2003/10/Serialization/Arrays"><a:double>-0.00024358782977862425</a:double><a:double>0.029500099045563832</a:double><a:double>8.0114970213429615E-11</a:double></Value></Attribute><Attribute z:Id="i274"><AttributeType>rpy</AttributeType><IsRequired>true</IsRequired><Value i:type="a:ArrayOfdouble" xmlns:a="http://schemas.microsoft.com/2003/10/Serialization/Arrays"><a:double>0</a:double><a:double>0</a:double><a:double>0</a:double></Value></Attribute></Attributes><ChildElements/><ElementName>origin</ElementName><required>false</required><RPYAttribute z:Ref="i274"/><XYZAttribute z:Ref="i273"/><isCustomized>false</isCustomized></URDFElement><URDFElement z:Id="i275" i:type="Mass"><Attributes><Attribute z:Id="i276"><AttributeType>value</AttributeType><IsRequired>true</IsRequired><Value i:type="a:double" xmlns:a="http://www.w3.org/2001/XMLSchema">0.98170665090244325</Value></Attribute></Attributes><ChildElements/><ElementName>mass</ElementName><required>false</required><ValueAttribute z:Ref="i276"/></URDFElement><URDFElement z:Id="i277" i:type="Inertia"><Attributes><Attribute z:Id="i278"><AttributeType>ixx</AttributeType><IsRequired>true</IsRequired><Value i:type="a:double" xmlns:a="http://www.w3.org/2001/XMLSchema">0.0016529912083484673</Value></Attribute><Attribute z:Id="i279"><AttributeType>ixy</AttributeType><IsRequired>true</IsRequired><Value i:type="a:double" xmlns:a="http://www.w3.org/2001/XMLSchema">-1.01249109871006E-05</Value></Attribute><Attribute z:Id="i280"><AttributeType>ixz</AttributeType><IsRequired>true</IsRequired><Value i:type="a:double" xmlns:a="http://www.w3.org/2001/XMLSchema">-1.4498411509309047E-08</Value></Attribute><Attribute z:Id="i281"><AttributeType>iyy</AttributeType><IsRequired>true</IsRequired><Value i:type="a:double" xmlns:a="http://www.w3.org/2001/XMLSchema">0.0028786195090139259</Value></Attribute><Attribute z:Id="i282"><AttributeType>iyz</AttributeType><IsRequired>true</IsRequired><Value i:type="a:double" xmlns:a="http://www.w3.org/2001/XMLSchema">7.2500421719434482E-11</Value></Attribute><Attribute z:Id="i283"><AttributeType>izz</AttributeType><IsRequired>true</IsRequired><Value i:type="a:double" xmlns:a="http://www.w3.org/2001/XMLSchema">0.0016529198823447622</Value></Attribute></Attributes><ChildElements/><ElementName>inertia</ElementName><required>false</required><IxxAttribute z:Ref="i278"/><IxyAttribute z:Ref="i279"/><IxzAttribute z:Ref="i280"/><IyyAttribute z:Ref="i281"/><IyzAttribute z:Ref="i282"/><IzzAttribute z:Ref="i283"/></URDFElement></ChildElements><ElementName>inertial</ElementName><required>false</required><Inertia z:Ref="i277"/><Mass z:Ref="i275"/><Origin z:Ref="i272"/></URDFElement><URDFElement z:Id="i284" i:type="Visual"><Attributes/><ChildElements><URDFElement z:Id="i285" i:type="Origin"><Attributes><Attribute z:Id="i286"><AttributeType>xyz</AttributeType><IsRequired>true</IsRequired><Value i:type="a:ArrayOfdouble" xmlns:a="http://schemas.microsoft.com/2003/10/Serialization/Arrays"><a:double>0</a:double><a:double>0</a:double><a:double>0</a:double></Value></Attribute><Attribute z:Id="i287"><AttributeType>rpy</AttributeType><IsRequired>true</IsRequired><Value i:type="a:ArrayOfdouble" xmlns:a="http://schemas.microsoft.com/2003/10/Serialization/Arrays"><a:double>0</a:double><a:double>0</a:double><a:double>0</a:double></Value></Attribute></Attributes><ChildElements/><ElementName>origin</ElementName><required>false</required><RPYAttribute z:Ref="i287"/><XYZAttribute z:Ref="i286"/><isCustomized>false</isCustomized></URDFElement><URDFElement z:Id="i288" i:type="Geometry"><Attributes/><ChildElements><URDFElement z:Id="i289" i:type="Mesh"><Attributes><Attribute z:Id="i290"><AttributeType>filename</AttributeType><IsRequired>true</IsRequired><Value i:nil="true"/></Attribute></Attributes><ChildElements/><ElementName>mesh</ElementName><required>false</required><FilenameAttribute z:Ref="i290"/></URDFElement></ChildElements><ElementName>geometry</ElementName><required>true</required><Mesh z:Ref="i289"/></URDFElement><URDFElement z:Id="i291" i:type="Material"><Attributes><Attribute z:Id="i292"><AttributeType>name</AttributeType><IsRequired>true</IsRequired><Value i:type="a:string" xmlns:a="http://www.w3.org/2001/XMLSchema"/></Attribute></Attributes><ChildElements><URDFElement z:Id="i293" i:type="Color"><Attributes><Attribute z:Id="i294"><AttributeType>rgba</AttributeType><IsRequired>true</IsRequired><Value i:type="a:ArrayOfdouble" xmlns:a="http://schemas.microsoft.com/2003/10/Serialization/Arrays"><a:double>0.2</a:double><a:double>0.2</a:double><a:double>0.2</a:double><a:double>1</a:double></Value></Attribute></Attributes><ChildElements/><ElementName>color</ElementName><required>false</required><RGBAAttribute z:Ref="i294"/></URDFElement><URDFElement z:Id="i295" i:type="Texture"><Attributes><Attribute z:Id="i296"><AttributeType>filename</AttributeType><IsRequired>true</IsRequired><Value i:nil="true"/></Attribute></Attributes><ChildElements/><ElementName>texture</ElementName><required>false</required><FilenameAttribute z:Ref="i296"/><wFilename/></URDFElement></ChildElements><ElementName>material</ElementName><required>false</required><Color z:Ref="i293"/><NameAttribute z:Ref="i292"/><Texture z:Ref="i295"/></URDFElement></ChildElements><ElementName>visual</ElementName><required>false</required><Geometry z:Ref="i288"/><Material z:Ref="i291"/><Origin z:Ref="i285"/></URDFElement><URDFElement z:Id="i297" i:type="Collision"><Attributes/><ChildElements><URDFElement z:Id="i298" i:type="Origin"><Attributes><Attribute z:Id="i299"><AttributeType>xyz</AttributeType><IsRequired>true</IsRequired><Value i:type="a:ArrayOfdouble" xmlns:a="http://schemas.microsoft.com/2003/10/Serialization/Arrays"><a:double>0</a:double><a:double>0</a:double><a:double>0</a:double></Value></Attribute><Attribute z:Id="i300"><AttributeType>rpy</AttributeType><IsRequired>true</IsRequired><Value i:type="a:ArrayOfdouble" xmlns:a="http://schemas.microsoft.com/2003/10/Serialization/Arrays"><a:double>0</a:double><a:double>0</a:double><a:double>0</a:double></Value></Attribute></Attributes><ChildElements/><ElementName>origin</ElementName><required>false</required><RPYAttribute z:Ref="i300"/><XYZAttribute z:Ref="i299"/><isCustomized>false</isCustomized></URDFElement><URDFElement z:Id="i301" i:type="Geometry"><Attributes/><ChildElements><URDFElement z:Id="i302" i:type="Mesh"><Attributes><Attribute z:Id="i303"><AttributeType>filename</AttributeType><IsRequired>true</IsRequired><Value i:nil="true"/></Attribute></Attributes><ChildElements/><ElementName>mesh</ElementName><required>false</required><FilenameAttribute z:Ref="i303"/></URDFElement></ChildElements><ElementName>geometry</ElementName><required>true</required><Mesh z:Ref="i302"/></URDFElement></ChildElements><ElementName>collision</ElementName><required>false</required><Geometry z:Ref="i301"/><Origin z:Ref="i298"/></URDFElement><URDFElement z:Id="i304" i:type="Joint"><Attributes><Attribute z:Id="i305"><AttributeType>name</AttributeType><IsRequired>true</IsRequired><Value i:type="a:string" xmlns:a="http://www.w3.org/2001/XMLSchema">left_wheel</Value></Attribute><Attribute z:Id="i306"><AttributeType>type</AttributeType><IsRequired>true</IsRequired><Value i:type="a:string" xmlns:a="http://www.w3.org/2001/XMLSchema">continuous</Value></Attribute></Attributes><ChildElements><URDFElement z:Id="i307" i:type="Origin"><Attributes><Attribute z:Id="i308"><AttributeType>xyz</AttributeType><IsRequired>true</IsRequired><Value i:type="a:ArrayOfdouble" xmlns:a="http://schemas.microsoft.com/2003/10/Serialization/Arrays"><a:double>-0.0013143</a:double><a:double>0.17497</a:double><a:double>0.015</a:double></Value></Attribute><Attribute z:Id="i309"><AttributeType>rpy</AttributeType><IsRequired>true</IsRequired><Value i:type="a:ArrayOfdouble" xmlns:a="http://schemas.microsoft.com/2003/10/Serialization/Arrays"><a:double>0</a:double><a:double>0</a:double><a:double>0</a:double></Value></Attribute></Attributes><ChildElements/><ElementName>origin</ElementName><required>false</required><RPYAttribute z:Ref="i309"/><XYZAttribute z:Ref="i308"/><isCustomized>false</isCustomized></URDFElement><URDFElement z:Id="i310" i:type="ParentLink"><Attributes><Attribute z:Id="i311"><AttributeType>link</AttributeType><IsRequired>true</IsRequired><Value i:type="a:string" xmlns:a="http://www.w3.org/2001/XMLSchema">base_link</Value></Attribute></Attributes><ChildElements/><ElementName>parent</ElementName><required>true</required><NameAttribute z:Ref="i311"/></URDFElement><URDFElement z:Id="i312" i:type="ChildLink"><Attributes><Attribute z:Id="i313"><AttributeType>link</AttributeType><IsRequired>true</IsRequired><Value i:type="a:string" xmlns:a="http://www.w3.org/2001/XMLSchema">left_wheel_link</Value></Attribute></Attributes><ChildElements/><ElementName>child</ElementName><required>true</required><NameAttribute z:Ref="i313"/></URDFElement><URDFElement z:Id="i314" i:type="Axis"><Attributes><Attribute z:Id="i315"><AttributeType>xyz</AttributeType><IsRequired>true</IsRequired><Value i:type="a:ArrayOfdouble" xmlns:a="http://schemas.microsoft.com/2003/10/Serialization/Arrays"><a:double>0</a:double><a:double>1</a:double><a:double>0</a:double></Value></Attribute></Attributes><ChildElements/><ElementName>axis</ElementName><required>false</required><XYZAttribute z:Ref="i315"/></URDFElement><URDFElement z:Id="i316" i:type="Limit"><Attributes><Attribute z:Id="i317"><AttributeType>lower</AttributeType><IsRequired>false</IsRequired><Value i:nil="true"/></Attribute><Attribute z:Id="i318"><AttributeType>upper</AttributeType><IsRequired>false</IsRequired><Value i:nil="true"/></Attribute><Attribute z:Id="i319"><AttributeType>effort</AttributeType><IsRequired>true</IsRequired><Value i:nil="true"/></Attribute><Attribute z:Id="i320"><AttributeType>velocity</AttributeType><IsRequired>true</IsRequired><Value i:nil="true"/></Attribute></Attributes><ChildElements/><ElementName>limit</ElementName><required>false</required><EffortAttribute z:Ref="i319"/><LowerAttribute z:Ref="i317"/><UpperAttribute z:Ref="i318"/><VelocityAttribute z:Ref="i320"/></URDFElement><URDFElement z:Id="i321" i:type="Calibration"><Attributes><Attribute z:Id="i322"><AttributeType>rising</AttributeType><IsRequired>false</IsRequired><Value i:nil="true"/></Attribute><Attribute z:Id="i323"><AttributeType>falling</AttributeType><IsRequired>false</IsRequired><Value i:nil="true"/></Attribute></Attributes><ChildElements/><ElementName>calibration</ElementName><required>false</required><FallingAttribute z:Ref="i323"/><RisingAttribute z:Ref="i322"/></URDFElement><URDFElement z:Id="i324" i:type="Dynamics"><Attributes><Attribute z:Id="i325"><AttributeType>damping</AttributeType><IsRequired>false</IsRequired><Value i:nil="true"/></Attribute><Attribute z:Id="i326"><AttributeType>friction</AttributeType><IsRequired>false</IsRequired><Value i:nil="true"/></Attribute></Attributes><ChildElements/><ElementName>dynamics</ElementName><required>false</required><DampingAttribute z:Ref="i325"/><FrictionAttribute z:Ref="i326"/></URDFElement><URDFElement z:Id="i327" i:type="SafetyController"><Attributes><Attribute z:Id="i328"><AttributeType>soft_upper_limit</AttributeType><IsRequired>false</IsRequired><Value i:nil="true"/></Attribute><Attribute z:Id="i329"><AttributeType>soft_lower_limit</AttributeType><IsRequired>false</IsRequired><Value i:nil="true"/></Attribute><Attribute z:Id="i330"><AttributeType>k_position</AttributeType><IsRequired>false</IsRequired><Value i:nil="true"/></Attribute><Attribute z:Id="i331"><AttributeType>k_velocity</AttributeType><IsRequired>true</IsRequired><Value i:nil="true"/></Attribute></Attributes><ChildElements/><ElementName>safety_controller</ElementName><required>false</required><KPositionAttribute z:Ref="i330"/><KVelocityAttribute z:Ref="i331"/><SoftLowerAttribute z:Ref="i329"/><SoftUpperAttribute z:Ref="i328"/></URDFElement><URDFElement z:Id="i332" i:type="Mimic"><Attributes><Attribute z:Id="i333"><AttributeType>joint</AttributeType><IsRequired>true</IsRequired><Value i:nil="true"/></Attribute><Attribute z:Id="i334"><AttributeType>multiplier</AttributeType><IsRequired>false</IsRequired><Value i:nil="true"/></Attribute><Attribute z:Id="i335"><AttributeType>offset</AttributeType><IsRequired>false</IsRequired><Value i:nil="true"/></Attribute></Attributes><ChildElements/><ElementName>mimic</ElementName><required>false</required><JointNameAttribute z:Ref="i333"/><MultiplierAttribute z:Ref="i334"/><OffsetAttribute z:Ref="i335"/></URDFElement></ChildElements><ElementName>joint</ElementName><required>false</required><Axis z:Ref="i314"/><AxisName>Axis3</AxisName><Calibration z:Ref="i321"/><Child z:Ref="i312"/><CoordinateSystemName>Coordinate System7</CoordinateSystemName><Dynamics z:Ref="i324"/><Limit z:Ref="i316"/><Mimic z:Ref="i332"/><NameAttribute z:Ref="i305"/><Origin z:Ref="i307"/><Parent z:Ref="i310"/><Safety z:Ref="i327"/><TypeAttribute z:Ref="i306"/></URDFElement></ChildElements><ElementName>link</ElementName><required>true</required><Children/><Collision z:Ref="i297"/><Inertial z:Ref="i271"/><Joint z:Ref="i304"/><NameAttribute z:Ref="i270"/><Parent z:Ref="i1"/><STLQualityFine>false</STLQualityFine><SWComponentPIDs xmlns:a="http://schemas.microsoft.com/2003/10/Serialization/Arrays"><a:base64Binary>aEIAAAUAAAD//v8gbQBvAHQAbwByAGUAZABpAHQALQAzAEAAcgBvAGIAbwBWADMAKAB1AHIAZABmAF8AYwBoAGEAbgBnAGUAZAApAAQAAAAQAAAAAQAAAAEAAADKAgAA</a:base64Binary></SWComponentPIDs><SWMainComponentPID i:nil="true"/><Visual z:Ref="i284"/><isFixedFrame>false</isFixedFrame><isIncomplete>false</isIncomplete></Link><Link z:Id="i336"><Attributes><Attribute z:Id="i337"><AttributeType>name</AttributeType><IsRequired>true</IsRequired><Value i:type="a:string" xmlns:a="http://www.w3.org/2001/XMLSchema">camera_link</Value></Attribute></Attributes><ChildElements><URDFElement z:Id="i338" i:type="Inertial"><Attributes/><ChildElements><URDFElement z:Id="i339" i:type="Origin"><Attributes><Attribute z:Id="i340"><AttributeType>xyz</AttributeType><IsRequired>true</IsRequired><Value i:type="a:ArrayOfdouble" xmlns:a="http://schemas.microsoft.com/2003/10/Serialization/Arrays"><a:double>-0.028697404385694125</a:double><a:double>-0.0031532314154305019</a:double><a:double>-0.0069642717036182411</a:double></Value></Attribute><Attribute z:Id="i341"><AttributeType>rpy</AttributeType><IsRequired>true</IsRequired><Value i:type="a:ArrayOfdouble" xmlns:a="http://schemas.microsoft.com/2003/10/Serialization/Arrays"><a:double>0</a:double><a:double>0</a:double><a:double>0</a:double></Value></Attribute></Attributes><ChildElements/><ElementName>origin</ElementName><required>false</required><RPYAttribute z:Ref="i341"/><XYZAttribute z:Ref="i340"/><isCustomized>false</isCustomized></URDFElement><URDFElement z:Id="i342" i:type="Mass"><Attributes><Attribute z:Id="i343"><AttributeType>value</AttributeType><IsRequired>true</IsRequired><Value i:type="a:double" xmlns:a="http://www.w3.org/2001/XMLSchema">0.64645488472217061</Value></Attribute></Attributes><ChildElements/><ElementName>mass</ElementName><required>false</required><ValueAttribute z:Ref="i343"/></URDFElement><URDFElement z:Id="i344" i:type="Inertia"><Attributes><Attribute z:Id="i345"><AttributeType>ixx</AttributeType><IsRequired>true</IsRequired><Value i:type="a:double" xmlns:a="http://www.w3.org/2001/XMLSchema">0.0028423827313704009</Value></Attribute><Attribute z:Id="i346"><AttributeType>ixy</AttributeType><IsRequired>true</IsRequired><Value i:type="a:double" xmlns:a="http://www.w3.org/2001/XMLSchema">1.8727304572263638E-05</Value></Attribute><Attribute z:Id="i347"><AttributeType>ixz</AttributeType><IsRequired>true</IsRequired><Value i:type="a:double" xmlns:a="http://www.w3.org/2001/XMLSchema">1.4807509093609173E-07</Value></Attribute><Attribute z:Id="i348"><AttributeType>iyy</AttributeType><IsRequired>true</IsRequired><Value i:type="a:double" xmlns:a="http://www.w3.org/2001/XMLSchema">0.00026375863424418571</Value></Attribute><Attribute z:Id="i349"><AttributeType>iyz</AttributeType><IsRequired>true</IsRequired><Value i:type="a:double" xmlns:a="http://www.w3.org/2001/XMLSchema">-3.33736128214421E-08</Value></Attribute><Attribute z:Id="i350"><AttributeType>izz</AttributeType><IsRequired>true</IsRequired><Value i:type="a:double" xmlns:a="http://www.w3.org/2001/XMLSchema">0.0029627405896730757</Value></Attribute></Attributes><ChildElements/><ElementName>inertia</ElementName><required>false</required><IxxAttribute z:Ref="i345"/><IxyAttribute z:Ref="i346"/><IxzAttribute z:Ref="i347"/><IyyAttribute z:Ref="i348"/><IyzAttribute z:Ref="i349"/><IzzAttribute z:Ref="i350"/></URDFElement></ChildElements><ElementName>inertial</ElementName><required>false</required><Inertia z:Ref="i344"/><Mass z:Ref="i342"/><Origin z:Ref="i339"/></URDFElement><URDFElement z:Id="i351" i:type="Visual"><Attributes/><ChildElements><URDFElement z:Id="i352" i:type="Origin"><Attributes><Attribute z:Id="i353"><AttributeType>xyz</AttributeType><IsRequired>true</IsRequired><Value i:type="a:ArrayOfdouble" xmlns:a="http://schemas.microsoft.com/2003/10/Serialization/Arrays"><a:double>0</a:double><a:double>0</a:double><a:double>0</a:double></Value></Attribute><Attribute z:Id="i354"><AttributeType>rpy</AttributeType><IsRequired>true</IsRequired><Value i:type="a:ArrayOfdouble" xmlns:a="http://schemas.microsoft.com/2003/10/Serialization/Arrays"><a:double>0</a:double><a:double>0</a:double><a:double>0</a:double></Value></Attribute></Attributes><ChildElements/><ElementName>origin</ElementName><required>false</required><RPYAttribute z:Ref="i354"/><XYZAttribute z:Ref="i353"/><isCustomized>false</isCustomized></URDFElement><URDFElement z:Id="i355" i:type="Geometry"><Attributes/><ChildElements><URDFElement z:Id="i356" i:type="Mesh"><Attributes><Attribute z:Id="i357"><AttributeType>filename</AttributeType><IsRequired>true</IsRequired><Value i:nil="true"/></Attribute></Attributes><ChildElements/><ElementName>mesh</ElementName><required>false</required><FilenameAttribute z:Ref="i357"/></URDFElement></ChildElements><ElementName>geometry</ElementName><required>true</required><Mesh z:Ref="i356"/></URDFElement><URDFElement z:Id="i358" i:type="Material"><Attributes><Attribute z:Id="i359"><AttributeType>name</AttributeType><IsRequired>true</IsRequired><Value i:type="a:string" xmlns:a="http://www.w3.org/2001/XMLSchema"/></Attribute></Attributes><ChildElements><URDFElement z:Id="i360" i:type="Color"><Attributes><Attribute z:Id="i361"><AttributeType>rgba</AttributeType><IsRequired>true</IsRequired><Value i:type="a:ArrayOfdouble" xmlns:a="http://schemas.microsoft.com/2003/10/Serialization/Arrays"><a:double>0.75294117647058822</a:double><a:double>0.75294117647058822</a:double><a:double>0.75294117647058822</a:double><a:double>1</a:double></Value></Attribute></Attributes><ChildElements/><ElementName>color</ElementName><required>false</required><RGBAAttribute z:Ref="i361"/></URDFElement><URDFElement z:Id="i362" i:type="Texture"><Attributes><Attribute z:Id="i363"><AttributeType>filename</AttributeType><IsRequired>true</IsRequired><Value i:nil="true"/></Attribute></Attributes><ChildElements/><ElementName>texture</ElementName><required>false</required><FilenameAttribute z:Ref="i363"/><wFilename/></URDFElement></ChildElements><ElementName>material</ElementName><required>false</required><Color z:Ref="i360"/><NameAttribute z:Ref="i359"/><Texture z:Ref="i362"/></URDFElement></ChildElements><ElementName>visual</ElementName><required>false</required><Geometry z:Ref="i355"/><Material z:Ref="i358"/><Origin z:Ref="i352"/></URDFElement><URDFElement z:Id="i364" i:type="Collision"><Attributes/><ChildElements><URDFElement z:Id="i365" i:type="Origin"><Attributes><Attribute z:Id="i366"><AttributeType>xyz</AttributeType><IsRequired>true</IsRequired><Value i:type="a:ArrayOfdouble" xmlns:a="http://schemas.microsoft.com/2003/10/Serialization/Arrays"><a:double>0</a:double><a:double>0</a:double><a:double>0</a:double></Value></Attribute><Attribute z:Id="i367"><AttributeType>rpy</AttributeType><IsRequired>true</IsRequired><Value i:type="a:ArrayOfdouble" xmlns:a="http://schemas.microsoft.com/2003/10/Serialization/Arrays"><a:double>0</a:double><a:double>0</a:double><a:double>0</a:double></Value></Attribute></Attributes><ChildElements/><ElementName>origin</ElementName><required>false</required><RPYAttribute z:Ref="i367"/><XYZAttribute z:Ref="i366"/><isCustomized>false</isCustomized></URDFElement><URDFElement z:Id="i368" i:type="Geometry"><Attributes/><ChildElements><URDFElement z:Id="i369" i:type="Mesh"><Attributes><Attribute z:Id="i370"><AttributeType>filename</AttributeType><IsRequired>true</IsRequired><Value i:nil="true"/></Attribute></Attributes><ChildElements/><ElementName>mesh</ElementName><required>false</required><FilenameAttribute z:Ref="i370"/></URDFElement></ChildElements><ElementName>geometry</ElementName><required>true</required><Mesh z:Ref="i369"/></URDFElement></ChildElements><ElementName>collision</ElementName><required>false</required><Geometry z:Ref="i368"/><Origin z:Ref="i365"/></URDFElement><URDFElement z:Id="i371" i:type="Joint"><Attributes><Attribute z:Id="i372"><AttributeType>name</AttributeType><IsRequired>true</IsRequired><Value i:type="a:string" xmlns:a="http://www.w3.org/2001/XMLSchema">cam</Value></Attribute><Attribute z:Id="i373"><AttributeType>type</AttributeType><IsRequired>true</IsRequired><Value i:type="a:string" xmlns:a="http://www.w3.org/2001/XMLSchema">fixed</Value></Attribute></Attributes><ChildElements><URDFElement z:Id="i374" i:type="Origin"><Attributes><Attribute z:Id="i375"><AttributeType>xyz</AttributeType><IsRequired>true</IsRequired><Value i:type="a:ArrayOfdouble" xmlns:a="http://schemas.microsoft.com/2003/10/Serialization/Arrays"><a:double>0.26495227055491077</a:double><a:double>0.0053582123173611662</a:double><a:double>0.28442516461510226</a:double></Value></Attribute><Attribute z:Id="i376"><AttributeType>rpy</AttributeType><IsRequired>true</IsRequired><Value i:type="a:ArrayOfdouble" xmlns:a="http://schemas.microsoft.com/2003/10/Serialization/Arrays"><a:double>0</a:double><a:double>0</a:double><a:double>0</a:double></Value></Attribute></Attributes><ChildElements/><ElementName>origin</ElementName><required>false</required><RPYAttribute z:Ref="i376"/><XYZAttribute z:Ref="i375"/><isCustomized>false</isCustomized></URDFElement><URDFElement z:Id="i377" i:type="ParentLink"><Attributes><Attribute z:Id="i378"><AttributeType>link</AttributeType><IsRequired>true</IsRequired><Value i:type="a:string" xmlns:a="http://www.w3.org/2001/XMLSchema">base_link</Value></Attribute></Attributes><ChildElements/><ElementName>parent</ElementName><required>true</required><NameAttribute z:Ref="i378"/></URDFElement><URDFElement z:Id="i379" i:type="ChildLink"><Attributes><Attribute z:Id="i380"><AttributeType>link</AttributeType><IsRequired>true</IsRequired><Value i:type="a:string" xmlns:a="http://www.w3.org/2001/XMLSchema">camera_link</Value></Attribute></Attributes><ChildElements/><ElementName>child</ElementName><required>true</required><NameAttribute z:Ref="i380"/></URDFElement><URDFElement z:Id="i381" i:type="Axis"><Attributes><Attribute z:Id="i382"><AttributeType>xyz</AttributeType><IsRequired>true</IsRequired><Value i:type="a:ArrayOfdouble" xmlns:a="http://schemas.microsoft.com/2003/10/Serialization/Arrays"><a:double>0</a:double><a:double>0</a:double><a:double>0</a:double></Value></Attribute></Attributes><ChildElements/><ElementName>axis</ElementName><required>false</required><XYZAttribute z:Ref="i382"/></URDFElement><URDFElement z:Id="i383" i:type="Limit"><Attributes><Attribute z:Id="i384"><AttributeType>lower</AttributeType><IsRequired>false</IsRequired><Value i:nil="true"/></Attribute><Attribute z:Id="i385"><AttributeType>upper</AttributeType><IsRequired>false</IsRequired><Value i:nil="true"/></Attribute><Attribute z:Id="i386"><AttributeType>effort</AttributeType><IsRequired>true</IsRequired><Value i:nil="true"/></Attribute><Attribute z:Id="i387"><AttributeType>velocity</AttributeType><IsRequired>true</IsRequired><Value i:nil="true"/></Attribute></Attributes><ChildElements/><ElementName>limit</ElementName><required>false</required><EffortAttribute z:Ref="i386"/><LowerAttribute z:Ref="i384"/><UpperAttribute z:Ref="i385"/><VelocityAttribute z:Ref="i387"/></URDFElement><URDFElement z:Id="i388" i:type="Calibration"><Attributes><Attribute z:Id="i389"><AttributeType>rising</AttributeType><IsRequired>false</IsRequired><Value i:nil="true"/></Attribute><Attribute z:Id="i390"><AttributeType>falling</AttributeType><IsRequired>false</IsRequired><Value i:nil="true"/></Attribute></Attributes><ChildElements/><ElementName>calibration</ElementName><required>false</required><FallingAttribute z:Ref="i390"/><RisingAttribute z:Ref="i389"/></URDFElement><URDFElement z:Id="i391" i:type="Dynamics"><Attributes><Attribute z:Id="i392"><AttributeType>damping</AttributeType><IsRequired>false</IsRequired><Value i:nil="true"/></Attribute><Attribute z:Id="i393"><AttributeType>friction</AttributeType><IsRequired>false</IsRequired><Value i:nil="true"/></Attribute></Attributes><ChildElements/><ElementName>dynamics</ElementName><required>false</required><DampingAttribute z:Ref="i392"/><FrictionAttribute z:Ref="i393"/></URDFElement><URDFElement z:Id="i394" i:type="SafetyController"><Attributes><Attribute z:Id="i395"><AttributeType>soft_upper_limit</AttributeType><IsRequired>false</IsRequired><Value i:nil="true"/></Attribute><Attribute z:Id="i396"><AttributeType>soft_lower_limit</AttributeType><IsRequired>false</IsRequired><Value i:nil="true"/></Attribute><Attribute z:Id="i397"><AttributeType>k_position</AttributeType><IsRequired>false</IsRequired><Value i:nil="true"/></Attribute><Attribute z:Id="i398"><AttributeType>k_velocity</AttributeType><IsRequired>true</IsRequired><Value i:nil="true"/></Attribute></Attributes><ChildElements/><ElementName>safety_controller</ElementName><required>false</required><KPositionAttribute z:Ref="i397"/><KVelocityAttribute z:Ref="i398"/><SoftLowerAttribute z:Ref="i396"/><SoftUpperAttribute z:Ref="i395"/></URDFElement><URDFElement z:Id="i399" i:type="Mimic"><Attributes><Attribute z:Id="i400"><AttributeType>joint</AttributeType><IsRequired>true</IsRequired><Value i:nil="true"/></Attribute><Attribute z:Id="i401"><AttributeType>multiplier</AttributeType><IsRequired>false</IsRequired><Value i:nil="true"/></Attribute><Attribute z:Id="i402"><AttributeType>offset</AttributeType><IsRequired>false</IsRequired><Value i:nil="true"/></Attribute></Attributes><ChildElements/><ElementName>mimic</ElementName><required>false</required><JointNameAttribute z:Ref="i400"/><MultiplierAttribute z:Ref="i401"/><OffsetAttribute z:Ref="i402"/></URDFElement></ChildElements><ElementName>joint</ElementName><required>false</required><Axis z:Ref="i381"/><AxisName>Automatically Generate</AxisName><Calibration z:Ref="i388"/><Child z:Ref="i379"/><CoordinateSystemName>Coordinate System8</CoordinateSystemName><Dynamics z:Ref="i391"/><Limit z:Ref="i383"/><Mimic z:Ref="i399"/><NameAttribute z:Ref="i372"/><Origin z:Ref="i374"/><Parent z:Ref="i377"/><Safety z:Ref="i394"/><TypeAttribute z:Ref="i373"/></URDFElement></ChildElements><ElementName>link</ElementName><required>true</required><Children/><Collision z:Ref="i364"/><Inertial z:Ref="i338"/><Joint z:Ref="i371"/><NameAttribute z:Ref="i337"/><Parent z:Ref="i1"/><STLQualityFine>false</STLQualityFine><SWComponentPIDs xmlns:a="http://schemas.microsoft.com/2003/10/Serialization/Arrays"><a:base64Binary>aEIAAAUAAAD//v8jZgBpAG4AYQBsACAAawBpAG4AZQBjAHQALQAxAEAAcgBvAGIAbwBWADMAKAB1AHIAZABmAF8AYwBoAGEAbgBnAGUAZAApAAQAAAAQAAAAAQAAAAEAAADeBwAA</a:base64Binary></SWComponentPIDs><SWMainComponentPID i:nil="true"/><Visual z:Ref="i351"/><isFixedFrame>false</isFixedFrame><isIncomplete>false</isIncomplete></Link></Children><Collision z:Ref="i29"/><Inertial z:Ref="i3"/><Joint z:Ref="i36"/><NameAttribute z:Ref="i2"/><Parent i:nil="true"/><STLQualityFine>false</STLQualityFine><SWComponentPIDs xmlns:a="http://schemas.microsoft.com/2003/10/Serialization/Arrays"><a:base64Binary>aEIAAAUAAAD//v8mYwB1AG0AXwBiAGEAbgBoAF8AeABlAF8AbABvAG4ALQAzAEAAcgBvAGIAbwBWADMAKAB1AHIAZABmAF8AYwBoAGEAbgBnAGUAZAApAAQAAAAQAAAAAQAAAAEAAACMAQAA</a:base64Binary><a:base64Binary>aEIAAAUAAAD//v8bMgAwAG0AbQAtADIAQAByAG8AYgBvAFYAMwAoAHUAcgBkAGYAXwBjAGgAYQBuAGcAZQBkACkABAAAABAAAAABAAAAAQAAACkCAAA=</a:base64Binary><a:base64Binary>aEIAAAUAAAD//v8bMgAwAG0AbQAtADgAQAByAG8AYgBvAFYAMwAoAHUAcgBkAGYAXwBjAGgAYQBuAGcAZQBkACkABAAAABAAAAABAAAAAQAAAC8CAAA=</a:base64Binary><a:base64Binary>aEIAAAUAAAD//v8gbQBvAHQAbwByAEEAeABpAHMALQAxAEAAcgBvAGIAbwBWADMAKAB1AHIAZABmAF8AYwBoAGEAbgBnAGUAZAApAAQAAAAQAAAAAQAAAAEAAACrAgAA</a:base64Binary><a:base64Binary>aEIAAAUAAAD//v8jbABpAGQAYQByAF8AcAB1AHMAaAB1AHAALQAxAEAAcgBvAGIAbwBWADMAKAB1AHIAZABmAF8AYwBoAGEAbgBnAGUAZAApAAQAAAAQAAAAAQAAAAEAAACHBAAA</a:base64Binary><a:base64Binary>aEIAAAUAAAD//v8ncwB0AGEAbgBkAG8AZgBmAF8ATQAyAF8AMgAwAG0AbQAtADEAQAByAG8AYgBvAFYAMwAoAHUAcgBkAGYAXwBjAGgAYQBuAGcAZQBkACkABAAAABAAAAABAAAAAQAAAMkEAAA=</a:base64Binary><a:base64Binary>aEIAAAUAAAD//v8ncwB0AGEAbgBkAG8AZgBmAF8ATQAyAF8AMgAwAG0AbQAtADMAQAByAG8AYgBvAFYAMwAoAHUAcgBkAGYAXwBjAGgAYQBuAGcAZQBkACkABAAAABAAAAABAAAAAQAAANAEAAA=</a:base64Binary><a:base64Binary>aEIAAAUAAAD//v8ncwB0AGEAbgBkAG8AZgBmAF8ATQAyAF8AMgAwAG0AbQAtADQAQAByAG8AYgBvAFYAMwAoAHUAcgBkAGYAXwBjAGgAYQBuAGcAZQBkACkABAAAABAAAAABAAAAAQAAANYEAAA=</a:base64Binary><a:base64Binary>aEIAAAUAAAD//v8ncwB0AGEAbgBkAG8AZgBmAF8ATQAyAF8AMgAwAG0AbQAtADUAQAByAG8AYgBvAFYAMwAoAHUAcgBkAGYAXwBjAGgAYQBuAGcAZQBkACkABAAAABAAAAABAAAAAQAAANkEAAA=</a:base64Binary><a:base64Binary>aEIAAAUAAAD//v8eYgBhAHQAdABlAHIAeQAtADEAQAByAG8AYgBvAFYAMwAoAHUAcgBkAGYAXwBjAGgAYQBuAGcAZQBkACkABAAAABAAAAABAAAAAQAAANwEAAA=</a:base64Binary><a:base64Binary>aEIAAAUAAAD//v8oaABvAHYAZQByAGIAbwBhAHIAZABfAGQAcgBpAHYAZQByAC0AMQBAAHIAbwBiAG8AVgAzACgAdQByAGQAZgBfAGMAaABhAG4AZwBlAGQAKQAEAAAAEAAAAAEAAAABAAAA3QQAAA==</a:base64Binary><a:base64Binary>aEIAAAUAAAD//v8oYwB1AG0AXwByAGUAbABhAHkAXwBtAHkANABuAF8ANABwAC0AMQBAAHIAbwBiAG8AVgAzACgAdQByAGQAZgBfAGMAaABhAG4AZwBlAGQAKQAEAAAAEAAAAAEAAAABAAAA4QQAAA==</a:base64Binary><a:base64Binary>aEIAAAUAAAD//v8jbABpAGQAYQByAF8AcAB1AHMAaAB1AHAALQAzAEAAcgBvAGIAbwBWADMAKAB1AHIAZABmAF8AYwBoAGEAbgBnAGUAZAApAAQAAAAQAAAAAQAAAAEAAAATBQAA</a:base64Binary><a:base64Binary>aEIAAAUAAAD//v8oMwA2AHYAXwAxADIAdgBfAGMAbwBuAHYAZQByAHQAZQByAC0AMQBAAHIAbwBiAG8AVgAzACgAdQByAGQAZgBfAGMAaABhAG4AZwBlAGQAKQAEAAAAEAAAAAEAAAABAAAAIAUAAA==</a:base64Binary><a:base64Binary>aEIAAAUAAAD//v8jcgBlAG0AbwB0AGUAXwByAGUAbABhAHkALQAxAEAAcgBvAGIAbwBWADMAKAB1AHIAZABmAF8AYwBoAGEAbgBnAGUAZAApAAQAAAAQAAAAAQAAAAEAAAAxBQAA</a:base64Binary><a:base64Binary>aEIAAAUAAAD//v8lYQBsAHUAbQBpAG4AaQB1AG0AXwBiAGEAcwBlAC0AMQBAAHIAbwBiAG8AVgAzACgAdQByAGQAZgBfAGMAaABhAG4AZwBlAGQAKQAEAAAAEAAAAAEAAAABAAAANQUAAA==</a:base64Binary><a:base64Binary>aEIAAAUAAAD//v8icABpAF8AaABhAG4AZwBfAGkAbQB1AC0AMQBAAHIAbwBiAG8AVgAzACgAdQByAGQAZgBfAGMAaABhAG4AZwBlAGQAKQAEAAAAEAAAAAEAAAABAAAAWwUAAA==</a:base64Binary><a:base64Binary>aEIAAAUAAAD//v8jVwBFAEkARABVACAAVABCADIANQBYAFgALQAxAEAAcgBvAGIAbwBWADMAKAB1AHIAZABmAF8AYwBoAGEAbgBnAGUAZAApAAQAAAAQAAAAAQAAAAEAAAB4BQAA</a:base64Binary><a:base64Binary>aEIAAAUAAAD//v8rHwRABD4ERAQ4BDsETAQgAFYALQBzAGwAbwB0ACAAMgAwAHgANAAwAC0AMQBAAHIAbwBiAG8AVgAzACgAdQByAGQAZgBfAGMAaABhAG4AZwBlAGQAKQAEAAAAEAAAAAEAAAABAAAAfgUAAA==</a:base64Binary><a:base64Binary>aEIAAAUAAAD//v8rHwRABD4ERAQ4BDsETAQgAFYALQBzAGwAbwB0ACAAMgAwAHgANAAwAC0AMwBAAHIAbwBiAG8AVgAzACgAdQByAGQAZgBfAGMAaABhAG4AZwBlAGQAKQAEAAAAEAAAAAEAAAABAAAAgAUAAA==</a:base64Binary><a:base64Binary>aEIAAAUAAAD//v88MgAwAHgAMgAwAF8AYQBsAHUAbQBpAG4AdQBtAF8AZQB4AHQAcgB1AHMAaQBvAG4AXwBwAHIAbwBmAGkAbABlACAAMgA2AGMAbQAtADEAQAByAG8AYgBvAFYAMwAoAHUAcgBkAGYAXwBjAGgAYQBuAGcAZQBkACkABAAAABAAAAABAAAAAQAAAJkFAAA=</a:base64Binary><a:base64Binary>aEIAAAUAAAD//v8cMgAwAG0AbQAtADEAMABAAHIAbwBiAG8AVgAzACgAdQByAGQAZgBfAGMAaABhAG4AZwBlAGQAKQAEAAAAEAAAAAEAAAABAAAAygUAAA==</a:base64Binary><a:base64Binary>aEIAAAUAAAD//v8mYwB1AG0AXwBiAGEAbgBoAF8AeABlAF8AbABvAG4ALQA1AEAAcgBvAGIAbwBWADMAKAB1AHIAZABmAF8AYwBoAGEAbgBnAGUAZAApAAQAAAAQAAAAAQAAAAEAAADLBQAA</a:base64Binary><a:base64Binary>aEIAAAUAAAD//v8gbQBvAHQAbwByAEEAeABpAHMALQA0AEAAcgBvAGIAbwBWADMAKAB1AHIAZABmAF8AYwBoAGEAbgBnAGUAZAApAAQAAAAQAAAAAQAAAAEAAADMBQAA</a:base64Binary><a:base64Binary>aEIAAAUAAAD//v8cMgAwAG0AbQAtADEAMQBAAHIAbwBiAG8AVgAzACgAdQByAGQAZgBfAGMAaABhAG4AZwBlAGQAKQAEAAAAEAAAAAEAAAABAAAAzQUAAA==</a:base64Binary><a:base64Binary>aEIAAAUAAAD//v8sYwB1AG0AXwBkAGEAaAB1AG8AbgBnAF8AdAByAHUAbwBjAF8AcwBhAHUALQA1AEAAcgBvAGIAbwBWADMAKAB1AHIAZABmAF8AYwBoAGEAbgBnAGUAZAApAAQAAAAQAAAAAQAAAAEAAAAZBgAA</a:base64Binary><a:base64Binary>aEIAAAUAAAD//v8sYwB1AG0AXwBkAGEAaAB1AG8AbgBnAF8AdAByAHUAbwBjAF8AcwBhAHUALQA2AEAAcgBvAGIAbwBWADMAKAB1AHIAZABmAF8AYwBoAGEAbgBnAGUAZAApAAQAAAAQAAAAAQAAAAEAAAAgBgAA</a:base64Binary><a:base64Binary>aEIAAAUAAAD//v8kZgB1AGwAbABfAGMAbwB2AGUAcgBfAHYAMgAtADEAQAByAG8AYgBvAFYAMwAoAHUAcgBkAGYAXwBjAGgAYQBuAGcAZQBkACkABAAAABAAAAABAAAAAQAAAFwGAAA=</a:base64Binary><a:base64Binary>aEIAAAUAAAD//v8pYwBvAHYAZQByAF8AagBvAGkAbgB0AF8AdgAzAC4AMQAuADIALQAxAEAAcgBvAGIAbwBWADMAKAB1AHIAZABmAF8AYwBoAGEAbgBnAGUAZAApAAQAAAAQAAAAAQAAAAEAAACjBgAA</a:base64Binary><a:base64Binary>aEIAAAUAAAD//v8ZagAxAC0AMQBAAHIAbwBiAG8AVgAzACgAdQByAGQAZgBfAGMAaABhAG4AZwBlAGQAKQAEAAAAEAAAAAEAAAABAAAArAYAAA==</a:base64Binary><a:base64Binary>aEIAAAUAAAD//v8ZagAxAC0AMgBAAHIAbwBiAG8AVgAzACgAdQByAGQAZgBfAGMAaABhAG4AZwBlAGQAKQAEAAAAEAAAAAEAAAABAAAArQYAAA==</a:base64Binary><a:base64Binary>aEIAAAUAAAD//v8ebQBhAHQAeABlAG8AMQAtADEAQAByAG8AYgBvAFYAMwAoAHUAcgBkAGYAXwBjAGgAYQBuAGcAZQBkACkABAAAABAAAAABAAAAAQAAAL0GAAA=</a:base64Binary><a:base64Binary>aEIAAAUAAAD//v8tQQByAGMAYQBkAGUAIABQAHUAcwBoACAAYgB1AHQAdABvAG4AIABhAHMAbQAtADIAQAByAG8AYgBvAFYAMwAoAHUAcgBkAGYAXwBjAGgAYQBuAGcAZQBkACkABAAAABAAAAABAAAAAQAAAM8GAAA=</a:base64Binary><a:base64Binary>aEIAAAUAAAD//v86UwB0AG8AcAAgAFMAdwBpAHQAYwBoACAAUAB1AHMAaAAgAEIAdQB0AHQAbwBuACAATABBAFkAMwA3ACAAKABQAEIAQwApAC0AMwBAAHIAbwBiAG8AVgAzACgAdQByAGQAZgBfAGMAaABhAG4AZwBlAGQAKQAEAAAAEAAAAAEAAAABAAAA9wYAAA==</a:base64Binary><a:base64Binary>aEIAAAUAAAD//v8sYwBvAHYAZQByAF8AdQBwAF8AdgAyAF8AbABpAG4AaABfAG0AaQBjAGEALQAxAEAAcgBvAGIAbwBWADMAKAB1AHIAZABmAF8AYwBoAGEAbgBnAGUAZAApAAQAAAAQAAAAAQAAAAEAAADZBwAA</a:base64Binary><a:base64Binary>aEIAAAUAAAD//v8eYQBsAGkAYgBhAGIAYQAtADEAQAByAG8AYgBvAFYAMwAoAHUAcgBkAGYAXwBjAGgAYQBuAGcAZQBkACkABAAAABAAAAABAAAAAQAAADYIAAA=</a:base64Binary><a:base64Binary>aEIAAAUAAAD//v8aYwBoAGUALQAxAEAAcgBvAGIAbwBWADMAKAB1AHIAZABmAF8AYwBoAGEAbgBnAGUAZAApAAQAAAAQAAAAAQAAAAEAAAA8CAAA</a:base64Binary><a:base64Binary>aEIAAAUAAAD//v8aYwBoAGUALQAyAEAAcgBvAGIAbwBWADMAKAB1AHIAZABmAF8AYwBoAGEAbgBnAGUAZAApAAQAAAAQAAAAAQAAAAEAAABQCAAA</a:base64Binary><a:base64Binary>aEIAAAUAAAD//v8aYwBoAGUALQAzAEAAcgBvAGIAbwBWADMAKAB1AHIAZABmAF8AYwBoAGEAbgBnAGUAZAApAAQAAAAQAAAAAQAAAAEAAABZCAAA</a:base64Binary><a:base64Binary>aEIAAAUAAAD//v8aYwBoAGUALQA0AEAAcgBvAGIAbwBWADMAKAB1AHIAZABmAF8AYwBoAGEAbgBnAGUAZAApAAQAAAAQAAAAAQAAAAEAAABhCAAA</a:base64Binary><a:base64Binary>aEIAAAUAAAD//v8aYwBoAGUALQA1AEAAcgBvAGIAbwBWADMAKAB1AHIAZABmAF8AYwBoAGEAbgBnAGUAZAApAAQAAAAQAAAAAQAAAAEAAABpCAAA</a:base64Binary><a:base64Binary>aEIAAAUAAAD//v8aYwBoAGUALQA2AEAAcgBvAGIAbwBWADMAKAB1AHIAZABmAF8AYwBoAGEAbgBnAGUAZAApAAQAAAAQAAAAAQAAAAEAAABxCAAA</a:base64Binary><a:base64Binary>aEIAAAUAAAD//v8lZwBhAF8AbQBpAG4AaQBwAGMAXwBjAG8AbQBwAC0AMQBAAHIAbwBiAG8AVgAzACgAdQByAGQAZgBfAGMAaABhAG4AZwBlAGQAKQAEAAAAEAAAAAEAAAABAAAAxggAAA==</a:base64Binary><a:base64Binary>aEIAAAUAAAD//v8jZwBhAF8AbQBpAG4AaQBwAGMAXwB2ADIALQAyAEAAcgBvAGIAbwBWADMAKAB1AHIAZABmAF8AYwBoAGEAbgBnAGUAZAApAAQAAAAQAAAAAQAAAAEAAACxCAAA</a:base64Binary><a:base64Binary>aEIAAAUAAAD//v8jZwBhAF8AbQBpAG4AaQBwAGMAXwB2ADIALQAxAEAAcgBvAGIAbwBWADMAKAB1AHIAZABmAF8AYwBoAGEAbgBnAGUAZAApAAQAAAAQAAAAAQAAAAEAAACwCAAA</a:base64Binary><a:base64Binary>aEIAAAUAAAD//v8eaABvAHAAXwBwAGkAbgAtADEAQAByAG8AYgBvAFYAMwAoAHUAcgBkAGYAXwBjAGgAYQBuAGcAZQBkACkABAAAABAAAAABAAAAAQAAAN8IAAA=</a:base64Binary><a:base64Binary>aEIAAAUAAAD//v8fbgBhAG4AZwBfAGMAYQBtAC0AMQBAAHIAbwBiAG8AVgAzACgAdQByAGQAZgBfAGMAaABhAG4AZwBlAGQAKQAEAAAAEAAAAAEAAAABAAAA6ggAAA==</a:base64Binary><a:base64Binary>aEIAAAUAAAD//v81ZwBhAF8AYwBvAG0ALQAxAEAAcgBvAGIAbwBWADMAKAB1AHIAZABmAF8AYwBoAGEAbgBnAGUAZAApAC8AMgAwAHgAMgAwAF8AYQBsAHUAXwBkAG8AYwAxAC0AMgBAAGcAYQBfAGMAbwBtAAQAAAAQAAAAAQAAAAIAAAANCQAAGwAAAA==</a:base64Binary><a:base64Binary>aEIAAAUAAAD//v81ZwBhAF8AYwBvAG0ALQAxAEAAcgBvAGIAbwBWADMAKAB1AHIAZABmAF8AYwBoAGEAbgBnAGUAZAApAC8AMgAwAHgAMgAwAF8AYQBsAHUAXwBkAG8AYwAxAC0AMQBAAGcAYQBfAGMAbwBtAAQAAAAQAAAAAQAAAAIAAAANCQAAGgAAAA==</a:base64Binary><a:base64Binary>aEIAAAUAAAD//v83ZwBhAF8AYwBvAG0ALQAxAEAAcgBvAGIAbwBWADMAKAB1AHIAZABmAF8AYwBoAGEAbgBnAGUAZAApAC8AMgAwAHgAMgAwAF8AYQBsAHUAXwBuAGcAYQBuAGcAMQAtADEAQABnAGEAXwBjAG8AbQAEAAAAEAAAAAEAAAACAAAADQkAABkAAAA=</a:base64Binary><a:base64Binary>aEIAAAUAAAD//v8faABvAHAAXwBuAGEAbgBvAC0AMQBAAHIAbwBiAG8AVgAzACgAdQByAGQAZgBfAGMAaABhAG4AZwBlAGQAKQAEAAAAEAAAAAEAAAABAAAANAkAAA==</a:base64Binary><a:base64Binary>aEIAAAUAAAD//v8hawBlAGcAbwBjAF8AdABhAGIAMQAtADEAQAByAG8AYgBvAFYAMwAoAHUAcgBkAGYAXwBjAGgAYQBuAGcAZQBkACkABAAAABAAAAABAAAAAQAAAG4JAAA=</a:base64Binary><a:base64Binary>aEIAAAUAAAD//v8hawBlAGcAbwBjAF8AdABhAGIAMgAtADEAQAByAG8AYgBvAFYAMwAoAHUAcgBkAGYAXwBjAGgAYQBuAGcAZQBkACkABAAAABAAAAABAAAAAQAAAG8JAAA=</a:base64Binary><a:base64Binary>aEIAAAUAAAD//v8edAByAG8AZABvAG4AZwAtADEAQAByAG8AYgBvAFYAMwAoAHUAcgBkAGYAXwBjAGgAYQBuAGcAZQBkACkABAAAABAAAAABAAAAAQAAAHgJAAA=</a:base64Binary></SWComponentPIDs><SWMainComponentPID i:nil="true"/><Visual z:Ref="i16"/><isFixedFrame>false</isFixedFrame><isIncomplete>false</isIncomplete></Link>
2025-06-26 15:01:40,312 INFO  AssemblyExportForm.cs: 309 - Saving URDF package to C:\Users\NHAT LINH\OneDrive\Desktop\urdf\robot_description_v6
2025-06-26 15:01:40,316 INFO  ExportHelper.cs: 147 - Beginning the export process
2025-06-26 15:01:40,319 INFO  ExportHelper.cs: 153 - Creating package directories with name robot_description_v6 and save path C:\Users\NHAT LINH\OneDrive\Desktop\urdf
2025-06-26 15:01:41,722 INFO  ExportHelper.cs: 162 - Creating CMakeLists.txt at C:\Users\NHAT LINH\OneDrive\Desktop\urdf\robot_description_v6\CMakeLists.txt
2025-06-26 15:01:41,723 INFO  ExportHelper.cs: 166 - Creating joint names config at C:\Users\NHAT LINH\OneDrive\Desktop\urdf\robot_description_v6\config\joint_names_robot_description_v6.yaml
2025-06-26 15:01:41,725 INFO  ExportHelper.cs: 170 - Creating package.xml at C:\Users\NHAT LINH\OneDrive\Desktop\urdf\robot_description_v6\package.xml
2025-06-26 15:01:41,727 INFO  PackageXMLWriter.cs: 21 - Creating package.xml at C:\Users\NHAT LINH\OneDrive\Desktop\urdf\robot_description_v6\package.xml
2025-06-26 15:01:41,731 INFO  ExportHelper.cs: 177 - Creating RVIZ launch file in C:\Users\NHAT LINH\OneDrive\Desktop\urdf\robot_description_v6\launch\
2025-06-26 15:01:41,734 INFO  ExportHelper.cs: 182 - Creating Gazebo launch file in C:\Users\NHAT LINH\OneDrive\Desktop\urdf\robot_description_v6\launch\
2025-06-26 15:01:41,736 INFO  ExportHelper.cs: 187 - Saving existing STL preferences
2025-06-26 15:01:41,736 INFO  ExportHelper.cs: 450 - Saving users preferences
2025-06-26 15:01:41,738 INFO  ExportHelper.cs: 190 - Modifying STL preferences
2025-06-26 15:01:41,739 INFO  ExportHelper.cs: 464 - Setting STL preferences
2025-06-26 15:01:41,747 INFO  ExportHelper.cs: 196 - Found 5 hidden components hop_nano-1, cover_up_v2_linh_mica-1, cover_up_v2_linh-1, cum_dahuong_truoc_sau-5/suspension_v2-1/banhdahuong-1/Part1-1, cover_up_v2-1
2025-06-26 15:01:41,748 INFO  ExportHelper.cs: 197 - Hiding all components
2025-06-26 15:01:42,486 INFO  ExportHelper.cs: 204 - Beginning individual files export
2025-06-26 15:01:42,492 INFO  ExportHelper.cs: 270 - Exporting link: base_link
2025-06-26 15:01:42,492 INFO  ExportHelper.cs: 272 - Link base_link has 5 children
2025-06-26 15:01:42,493 INFO  ExportHelper.cs: 270 - Exporting link: lidar_link
2025-06-26 15:01:42,493 INFO  ExportHelper.cs: 272 - Link lidar_link has 0 children
2025-06-26 15:01:42,494 INFO  ExportHelper.cs: 317 - lidar_link: Exporting STL with coordinate frame Coordinate System2
2025-06-26 15:01:42,495 INFO  ExportHelper.cs: 322 - lidar_link: Reference geometry name 
2025-06-26 15:01:42,789 INFO  ExportHelper.cs: 330 - Saving STL to C:\Users\NHAT LINH\OneDrive\Desktop\urdf\robot_description_v6\meshes\lidar_link.STL
2025-06-26 15:01:43,303 INFO  ExportHelper.cs: 405 - Removing SW header in STL file
2025-06-26 15:01:43,304 INFO  ExportHelper.cs: 270 - Exporting link: imu_link
2025-06-26 15:01:43,306 INFO  ExportHelper.cs: 272 - Link imu_link has 0 children
2025-06-26 15:01:43,306 INFO  ExportHelper.cs: 317 - imu_link: Exporting STL with coordinate frame Coordinate System29_imu
2025-06-26 15:01:43,306 INFO  ExportHelper.cs: 322 - imu_link: Reference geometry name 
2025-06-26 15:01:43,347 INFO  ExportHelper.cs: 330 - Saving STL to C:\Users\NHAT LINH\OneDrive\Desktop\urdf\robot_description_v6\meshes\imu_link.STL
2025-06-26 15:01:43,468 INFO  ExportHelper.cs: 405 - Removing SW header in STL file
2025-06-26 15:01:43,470 INFO  ExportHelper.cs: 270 - Exporting link: right_wheel_link
2025-06-26 15:01:43,472 INFO  ExportHelper.cs: 272 - Link right_wheel_link has 0 children
2025-06-26 15:01:43,472 INFO  ExportHelper.cs: 317 - right_wheel_link: Exporting STL with coordinate frame Coordinate System6
2025-06-26 15:01:43,472 INFO  ExportHelper.cs: 322 - right_wheel_link: Reference geometry name 
2025-06-26 15:01:43,518 INFO  ExportHelper.cs: 330 - Saving STL to C:\Users\NHAT LINH\OneDrive\Desktop\urdf\robot_description_v6\meshes\right_wheel_link.STL
2025-06-26 15:01:43,771 INFO  ExportHelper.cs: 405 - Removing SW header in STL file
2025-06-26 15:01:43,772 INFO  ExportHelper.cs: 270 - Exporting link: left_wheel_link
2025-06-26 15:01:43,773 INFO  ExportHelper.cs: 272 - Link left_wheel_link has 0 children
2025-06-26 15:01:43,773 INFO  ExportHelper.cs: 317 - left_wheel_link: Exporting STL with coordinate frame Coordinate System7
2025-06-26 15:01:43,773 INFO  ExportHelper.cs: 322 - left_wheel_link: Reference geometry name 
2025-06-26 15:01:43,807 INFO  ExportHelper.cs: 330 - Saving STL to C:\Users\NHAT LINH\OneDrive\Desktop\urdf\robot_description_v6\meshes\left_wheel_link.STL
2025-06-26 15:01:44,062 INFO  ExportHelper.cs: 405 - Removing SW header in STL file
2025-06-26 15:01:44,064 INFO  ExportHelper.cs: 270 - Exporting link: camera_link
2025-06-26 15:01:44,064 INFO  ExportHelper.cs: 272 - Link camera_link has 0 children
2025-06-26 15:01:44,065 INFO  ExportHelper.cs: 317 - camera_link: Exporting STL with coordinate frame Coordinate System8
2025-06-26 15:01:44,065 INFO  ExportHelper.cs: 322 - camera_link: Reference geometry name 
2025-06-26 15:01:44,103 INFO  ExportHelper.cs: 330 - Saving STL to C:\Users\NHAT LINH\OneDrive\Desktop\urdf\robot_description_v6\meshes\camera_link.STL
2025-06-26 15:01:44,510 INFO  ExportHelper.cs: 405 - Removing SW header in STL file
2025-06-26 15:01:44,510 INFO  ExportHelper.cs: 317 - base_link: Exporting STL with coordinate frame Coordinate System1
2025-06-26 15:01:44,511 INFO  ExportHelper.cs: 322 - base_link: Reference geometry name 
2025-06-26 15:01:45,197 INFO  ExportHelper.cs: 330 - Saving STL to C:\Users\NHAT LINH\OneDrive\Desktop\urdf\robot_description_v6\meshes\base_link.STL
2025-06-26 15:01:49,162 INFO  ExportHelper.cs: 405 - Removing SW header in STL file
2025-06-26 15:01:49,163 INFO  ExportHelper.cs: 145 - Showing all components except previously hidden components
2025-06-26 15:01:52,154 INFO  ExportHelper.cs: 145 - Resetting STL preferences
2025-06-26 15:01:52,155 INFO  ExportHelper.cs: 478 - Returning STL preferences to user preferences
2025-06-26 15:01:52,155 INFO  ExportHelper.cs: 228 - Writing URDF file to C:\Users\NHAT LINH\OneDrive\Desktop\urdf\robot_description_v6\urdf\robot_description_v6.urdf
2025-06-26 15:01:52,255 INFO  CSVImportExport.cs: 32 - Writing CSV file C:\Users\NHAT LINH\OneDrive\Desktop\urdf\robot_description_v6\urdf\robot_description_v6.csv
2025-06-26 15:01:52,274 ERROR CSVImportExport.cs: 130 - The following columns were not written to the CSV: Link.Joint.ChildLink.link,
2025-06-26 15:01:52,275 ERROR CSVImportExport.cs: 130 - The following columns were not written to the CSV: Link.Joint.ChildLink.link,
2025-06-26 15:01:52,276 ERROR CSVImportExport.cs: 130 - The following columns were not written to the CSV: Link.Joint.ChildLink.link,
2025-06-26 15:01:52,276 ERROR CSVImportExport.cs: 130 - The following columns were not written to the CSV: Link.Joint.ChildLink.link,
2025-06-26 15:01:52,276 ERROR CSVImportExport.cs: 130 - The following columns were not written to the CSV: Link.Joint.ChildLink.link,
2025-06-26 15:01:52,277 ERROR CSVImportExport.cs: 130 - The following columns were not written to the CSV: Link.Joint.ChildLink.link,
2025-06-26 15:01:52,277 INFO  ExportHelper.cs: 234 - Copying log file
2025-06-26 15:01:52,280 INFO  ExportHelper.cs: 439 - Copying C:\Users\NHAT LINH\sw2urdf_logs\sw2urdf.log to C:\Users\NHAT LINH\OneDrive\Desktop\urdf\robot_description_v6\export.log
